query,intent,source,template_id
"CHARGES TO ""LUXURY BULLSH*T""? I’M HOMELESS—WHO’S STEALING MY LAST DOLLAR??",fraud_report,original,
am i qlified for debt consolidtn?,loan_inquiry,original,
May I request an eligibility check to determine if I meet your loan criteria?,loan_inquiry,original,
Who’s listed as the business for my latest spend?,transaction_query,original,
Have there been any developments in processing my loan?,loan_inquiry,original,
Can you tell me when my last payment happened and at what time?,transaction_query,original,
why’s my phone number changed on file??,fraud_report,original,
wud i be able 2 get a loan?,loan_inquiry,original,
charg no work. why?,transaction_query,original,
Would you verify whether I meet the criteria for an interest-only loan?,loan_inquiry,original,
atm fraud alert on my phone,fraud_report,original,
can i apply over phone 4 cc?,credit_card_application,original,
"Can you tell me when my last payment was, exactly?",transaction_query,original,
which loans u offer?,loan_inquiry,original,
I just got a notification about a purchase I didn’t make.,fraud_report,original,
You better trace this transaction now.,fraud_report,original,
do i tick all boxes 4 loan?,loan_inquiry,original,
Can you advise on upgrading from a standard to a premium card?,credit_card_application,original,
where's the info on makin a credit card appl?,credit_card_application,original,
my cheddar declined—why?,transaction_query,original,
my card stuck in atm overnight,fraud_report,original,
I’m not waiting another second—SAVINGS BALANCE!,balance_inquiry,original,
Please let me know if my financial data supports my qualification for a loan.,loan_inquiry,original,
I am writing to see if I am eligible for a loan according to your institution's guidelines.,loan_inquiry,original,
hey can u tell me how much i got in my account rn?,balance_inquiry,original,
"$450 AT ""FITNESS HEAVEN""? I GET WINDED TYPING—WHO’S THIS FUNNY??",fraud_report,original,
pls reset my pass—i think i’m hacked!!,password_reset,original,
"hey, debit card issue: terminal keeps saying try again please assist.",card_issue,synthetic,card_issue_27
Who received the funds in my last transaction?,transaction_query,original,
is my loan approved yet?,loan_inquiry,original,
"hey, any word on dat loan app I submitted?",loan_inquiry,original,
pls freeze my acct now,fraud_report,original,
May I request confirmation regarding the approval status of my loan application?,loan_inquiry,original,
This feels like a scam.,fraud_report,original,
What was the time and date of my last trans?,transaction_query,original,
atm said “try again” but took cash,fraud_report,original,
what do u guys loan out?,loan_inquiry,original,
"Money stolen by scam, need help now.",fraud_report,original,
"$350 AT ""GAMING ZONE""? MY KID’S IN COLLEGE—REVERSE THIS THEFT!!",fraud_report,original,
Help! Scammer charged me unfairly.,fraud_report,original,
why u let me go red?,fraud_report,original,
I want to close my checking account over this fraud.,fraud_report,original,
can i get a thumbs-up 4 loan?,loan_inquiry,original,
can i clear da loan bar?,loan_inquiry,original,
pls waive fees—fraud caused overdraft!!,fraud_report,original,
can u tell me if i’m eligible 4 a loan?,loan_inquiry,original,
Please hold any funds from the suspect check.,fraud_report,original,
what credit products u got?,loan_inquiry,original,
yeah that ain’t legit,fraud_report,original,
bruh i was sleepin during this,fraud_report,original,
who’s got my check sig? Fraud alert!!,fraud_report,original,
"hey, can ya hook me up with my loan app status?",loan_inquiry,original,
What company is tied to my last purchase?,transaction_query,original,
fake email “from bank”—now $$$ missing!!,fraud_report,original,
bank help: reset my pw,password_reset,original,
"um, can you help me recover my pin",forgot_pin,synthetic,forgot_pin_15
Did that last payment go as planned?,transaction_query,original,
Could you kindly elucidate the process for your loan application?,loan_inquiry,original,
am i seen as loan ready?,loan_inquiry,original,
Please provide instructions to reset my banking password.,password_reset,original,
What’s the vendor tied to my latest purchase?,transaction_query,original,
this gotta b fixd fast,fraud_report,original,
DID I SPEND $100 ON CAT SOCKS,transaction_query,original,
Is this a joke? SAVINGS BALANCE BEFORE I SNAP!,balance_inquiry,original,
"hey, bank card issue: terminal keeps saying try again any fix?",card_issue,synthetic,card_issue_27
what lending options do u offer?,loan_inquiry,original,
Please inform me of any updates regarding my loan application.,loan_inquiry,original,
I am interested in applying for a credit card; kindly provide the relevant guidelines.,credit_card_application,original,
pw reset but no confirmation,password_reset,original,
why’s my purchse not goin thru?,transaction_query,original,
Can you confirm the remaining balance in my savings?,balance_inquiry,original,
Please inform me if I satisfy the eligibility requirements for a construction-to-permanent mortgage.,loan_inquiry,original,
atm did somethin shady,fraud_report,original,
whats the quickest way 2 apply?,loan_inquiry,original,
I am seeking to understand the current progress of my loan application; please provide an update.,loan_inquiry,original,
I gt ripped—refund $$ right away.,fraud_report,original,
can i refi my home here?,loan_inquiry,original,
"hello, i forgot my atm pin",forgot_pin,synthetic,forgot_pin_00
check my transac pls i’m freakin,transaction_query,original,
"need to apply for loan, help?",loan_inquiry,original,
"im ready 4 a credit card, how d i start appli?",credit_card_application,original,
this jus crazy yall,fraud_report,original,
Did the previous transaction complete smoothly?,transaction_query,original,
Please verify the monetary value of my savings.,balance_inquiry,original,
I dindt make this trasaction plz help,fraud_report,original,
yo someone stole my checkbook—they’re writin fake checks!!,fraud_report,original,
Could you please outline the eligibility and submission process for a credit card application?,credit_card_application,original,
when’s loan committee meetin?,loan_inquiry,original,
My account is locked; kindly initiate a password reset.,password_reset,original,
"unlocked account, need new pw",password_reset,original,
I’d like to compare your various loan products.,loan_inquiry,original,
"HI, MY CARD HAS STOPPED WORKING SINCE YESTERDAY :(",card_issue,synthetic,card_issue_26
am i set to be loan qualified?,loan_inquiry,original,
how come my funds hit a snag?,transaction_query,original,
weird af charge on my end,fraud_report,original,
"This scam stole my funds, help me!",fraud_report,original,
Please generate and send me a temporary password.,password_reset,original,
Loan plz? Info pls.,loan_inquiry,original,
what loan services u got?,loan_inquiry,original,
$300 at Walmart?? I’m not even in the state!!,fraud_report,original,
Please share the requirements and process for an auto loan application.,loan_inquiry,original,
my charge got clapped—why bruh?,transaction_query,original,
lost my card yesterday—now fraud charges!!,fraud_report,original,
got video call request from random tech dude,fraud_report,original,
loan app by fax? how?,loan_inquiry,original,
Can you share the details of my latest transaction?,transaction_query,original,
pls help: want to create a fresh atm pin number :(,forgot_pin,synthetic,forgot_pin_18
transac failed—why’s it bein salty?,transaction_query,original,
Can you outline the notification process once my application is approved?,credit_card_application,original,
Who’s the recipient for my latest account activity?,transaction_query,original,
"hook me up w/ ur best cc, pls",credit_card_application,original,
my acc’s on bogus checks—stop cashin em!!,fraud_report,original,
"hey, status on that loan?",loan_inquiry,original,
Could you kindly confirm the latest developments regarding my loan application?,loan_inquiry,original,
"I got swindled, need my cash back ASAP.",fraud_report,original,
Did the last transaction occur without issues?,transaction_query,original,
error on cc submission,credit_card_application,original,
What’s the timestamp on the last trans?,transaction_query,original,
gotta block dis ASAP,fraud_report,original,
Kindly provide a breakdown of my savings account holdings.,balance_inquiry,original,
Please outline the process I need to follow to apply for a loan.,loan_inquiry,original,
What's loan thing u offer?,loan_inquiry,original,
I’m seeing red—HOW MUCH IS IN MY SAVINGS?!,balance_inquiry,original,
WHATS THE LAST THING I PAID 4,transaction_query,original,
what kinds of financing u do?,loan_inquiry,original,
pin change request any fix?,forgot_pin,synthetic,forgot_pin_26
I DID NOT DO THIS,fraud_report,original,
last charge—am i getting scammed,transaction_query,original,
The latest purchase—what’s the business details?,transaction_query,original,
Could you send me your home equity line of credit details?,loan_inquiry,original,
Did the last transaction finalize correctly?,transaction_query,original,
Could you let me know if I am pre-qualified for equipment financing?,loan_inquiry,original,
Can you provide the savings account’s present total?,balance_inquiry,original,
recent payment info PLS RN,transaction_query,original,
I suspect someone forged my signature on a check.,fraud_report,original,
any prog on my loan application?,loan_inquiry,original,
Can you assess my application to confirm my eligibility for a loan?,loan_inquiry,original,
am i set 2 snag a loan?,loan_inquiry,original,
what borrow options u got?,loan_inquiry,original,
Did the transaction go through without any trouble?,transaction_query,original,
pls help: card stopped responding at the machine :(,card_issue,synthetic,card_issue_21
"Last transaction, okay or no?",transaction_query,original,
Ur loans—what r they?,loan_inquiry,original,
Please communicate the balance of my savings account.,balance_inquiry,original,
I am writing to follow up on the status of my loan application.,loan_inquiry,original,
is it approved or nah?,loan_inquiry,original,
Can you share your loan approval timeframes?,loan_inquiry,original,
Refund robbery $$—urgent fraud report!,fraud_report,original,
please help: i forgot the secret number for my card please assist.,forgot_pin,synthetic,forgot_pin_29
can i score that loan?,loan_inquiry,original,
transac NOW PLS I’M NOT JOKIN,transaction_query,original,
is phone app possible?,loan_inquiry,original,
hacked? probs yea,fraud_report,original,
"hey, i forgot my atm pin any fix?",forgot_pin,synthetic,forgot_pin_00
why’d my $$$ pull a Houdini?,transaction_query,original,
how can i reactivate my credit card pin after it got blocked,forgot_pin,synthetic,forgot_pin_28
Did the previous payment work successfully?,transaction_query,original,
"hi, how to geenrate a new atm pin number what should i do?",forgot_pin,synthetic,forgot_pin_10
This is giving me panic attacks.,fraud_report,original,
why’s the captcha failin? pls reset pass,password_reset,original,
Could you detail the criteria and steps involved in applying for a loan?,loan_inquiry,original,
are u guys working on my loan?,loan_inquiry,original,
interested in loans—what types?,loan_inquiry,original,
"hey, the magnetic strip on my debit card is scratched",card_issue,synthetic,card_issue_05
yall need 2 fix this,fraud_report,original,
urgent: card reader cannot read my debit card,card_issue,synthetic,card_issue_25
someone’s swipin my card—block it pls!!,fraud_report,original,
"password not accepted, need fresh",password_reset,original,
I’m interested in green energy financing—do you have that?,loan_inquiry,original,
I am interested in learning about the eligibility and requirements for a credit card application.,credit_card_application,original,
The last charge on my statement—what’s the business name?,transaction_query,original,
Explain loan u do.,loan_inquiry,original,
help me w/ cc apply bug,credit_card_application,original,
"Yo, did that last transaction work or was it broken?",transaction_query,original,
I need to reset my password urgently; please assist.,password_reset,original,
my bank card stopped working pls help,card_issue,synthetic,card_issue_00
"wtf is remotehelp.exe, they told me to install it",fraud_report,original,
got any student cc options? apply?,credit_card_application,original,
"hey, my new atm card is not activating please assist.!!",card_issue,synthetic,card_issue_12
got any word on my loan app stat?,loan_inquiry,original,
"bro, how u apply 4 cc?",credit_card_application,original,
is underwriting done 4 my cc yet?,credit_card_application,original,
"atm dispensed wrong amt, i didn’t get $$",fraud_report,original,
Do you support loans for investment properties?,loan_inquiry,original,
"hey, credit card pin blocekd, how can i unblock it :(",forgot_pin,synthetic,forgot_pin_19
any student loan options?,loan_inquiry,original,
Kindly report the existing savings account balance.,balance_inquiry,original,
Any tips on applyin 4 a loan?,loan_inquiry,original,
"hey, loan app still alive?",loan_inquiry,original,
Can you check if my loan application is still active?,loan_inquiry,original,
Can u tell me how to shoot my loan app?,loan_inquiry,original,
what’s my acc say? need numbers pls,balance_inquiry,original,
"$750 AT ""TECH WORLD""? MY LAPTOP’S FROM 2010—WHAT IS WRONG WITH YOU PEOPLE??",fraud_report,original,
why’s my card actin sus? declined smh,transaction_query,original,
Can you give me the time and date of my last purchase?,transaction_query,original,
May I request confirmation on the current evaluation of my loan application?,loan_inquiry,original,
urgent: my atm card has stopped working since yesterday what should i do?,card_issue,synthetic,card_issue_26
"pulled cash, phone alerted fraud",fraud_report,original,
Are there personal installment loans I can choose from?,loan_inquiry,original,
"hey, can u help me recover my debit card pin any fix?",forgot_pin,synthetic,forgot_pin_15
"loan status, thx",loan_inquiry,original,
WHAT DID I SPEND ON LAST TUESDAY,transaction_query,original,
password reset page not loadin—what do??,password_reset,original,
whats the fee 4 app?,loan_inquiry,original,
my acnt in the red,fraud_report,original,
am i ok’d for a loan?,loan_inquiry,original,
"Been robbed, help me retrieve my cash.",fraud_report,original,
"hey, card stopped responding at the machine pls assist.",card_issue,synthetic,card_issue_21
Can u guide me on how 2 apply 4 a loan?,loan_inquiry,original,
i forgot the secret number for my card please assist.,forgot_pin,synthetic,forgot_pin_29
"Last payment, no probs, right?",transaction_query,original,
What loan categories apply to non-profits?,loan_inquiry,original,
urgent: my new credit card is not activating :(!!,card_issue,synthetic,card_issue_12
what’s the issue with my transac?,transaction_query,original,
payment did a nosedive—why?,transaction_query,original,
loan status check-in,loan_inquiry,original,
I’m seconds from a meltdown—SAVINGS BALANCE NOW!,balance_inquiry,original,
Kindly update me on the processing status of my loan application.,loan_inquiry,original,
i didnt mean to go neg,fraud_report,original,
"hey, credit card declnied at the shop even though my account is fine",card_issue,synthetic,card_issue_04
Can you confirm whether my loan application is still under active review?,loan_inquiry,original,
my debit card got stuck in the atm machine :(,card_issue,synthetic,card_issue_03
"yo, i wanna put in a credit card application, help!",credit_card_application,original,
Are you ignoring my requests? SAVINGS. NOW.,balance_inquiry,original,
Can you ensure that my financial qualifications are in line with your loan standards?,loan_inquiry,original,
Could you kindly verify if my current financial profile qualifies me for a loan?,loan_inquiry,original,
Please send a summary of your lending services.,loan_inquiry,original,
Could you check who processed my most recent charge?,transaction_query,original,
Can you find out the time and date of my last trans?,transaction_query,original,
Can you give me the time and date of the last purchase I made?,transaction_query,original,
total scam im sure,fraud_report,original,
Was that last transaction successful or not?,transaction_query,original,
I would like to know if my credit record and income satisfy your loan eligibility requirements.,loan_inquiry,original,
"bank card not accepted online, keeps failing",card_issue,synthetic,card_issue_14
Would you confirm whether I meet the criteria for a home mortgage?,loan_inquiry,original,
can u tell me how to get ma credit card appl in motion?,credit_card_application,original,
I’d like to know about your holiday or vacation loan options.,loan_inquiry,original,
"The last trans, was it a win or did it crash?",transaction_query,original,
May I ascertain the funds remaining in my savings?,balance_inquiry,original,
"i wanna know how to get ma credit card appl reviewed, plz help.",credit_card_application,original,
"hey, atm says invalid card when i insert my card!!",card_issue,synthetic,card_issue_19
Can u giv loan alternatives?,loan_inquiry,original,
my email’s linked to a stranger—fraud!!,fraud_report,original,
last purchse deets before i scream,transaction_query,original,
"um, i do not remembre the atm pin for my card any fix?",forgot_pin,synthetic,forgot_pin_08
my card gets rejected at veery merchant,card_issue,synthetic,card_issue_20
urgent: my debit card got stuck in the atm machine what should i do?,card_issue,synthetic,card_issue_03
do my creds come thru 4 a loan?,loan_inquiry,original,
ima need refund quick,fraud_report,original,
How do I apply for a short-term working capital advance?,loan_inquiry,original,
What’s the store tied to my most recent account activity?,transaction_query,original,
"hi, i forgot the secret number for my card pls help",forgot_pin,synthetic,forgot_pin_29
What loan support do you provide to startups?,loan_inquiry,original,
"Yo, was that last trans good or bad?",transaction_query,original,
Please advise the balance of my savings account.,balance_inquiry,original,
Can you tell me the date and time of my last purchase?,transaction_query,original,
"hello, my bank card has stopped working since yesterday",card_issue,synthetic,card_issue_26
cant remember my pass—halp me get back in!,password_reset,original,
Was the last transaction done successfully?,transaction_query,original,
Was that last transaction fine or off?,transaction_query,original,
fraud charges overdrafted me—pls fix!!,fraud_report,original,
i’ve tried 10 times—pls reset my pass!!,password_reset,original,
What's da proper way 2 apply 4 a loan?,loan_inquiry,original,
This is the last time I’ll ask—SAVINGS. BALANCE.,balance_inquiry,original,
Was the last payment processed properly?,transaction_query,original,
1 sec i got scammed ,fraud_report,original,
"um, want to create a fresh debit card pin :(",forgot_pin,synthetic,forgot_pin_18
Do you have details about where my last payment went?,transaction_query,original,
am i eligble 4 rate change?,loan_inquiry,original,
Please advise if my credentials meet the necessary requirements for a loan.,loan_inquiry,original,
"hey, i ofrgot the secret number for my card pls help",forgot_pin,synthetic,forgot_pin_29
"hey, where's the link 2 apply for a credit card?",credit_card_application,original,
gimme my latest buy info NOW,transaction_query,original,
Plz bring bak my hard-earned funds!,fraud_report,original,
Is my loan application still under evaluation?,loan_inquiry,original,
how do i submit a car loan app?,loan_inquiry,original,
"Last payment, smooth or nah?",transaction_query,original,
catch em before it’s too late,fraud_report,original,
Has my loan application been approved yet?,loan_inquiry,original,
Was the last action successful?,transaction_query,original,
please help: atm says invalid card when i insert my bank card,card_issue,synthetic,card_issue_19
tried resetting 5x—nothin works!!,password_reset,original,
Was that last thing legit or did it mess up?,transaction_query,original,
Was the most recent transaction without trouble?,transaction_query,original,
check my recent spend pls pls,transaction_query,original,
May I request an assessment of my creditworthiness to determine my loan eligibility?,loan_inquiry,original,
I would like to apply for a green energy loan—what are the steps?,loan_inquiry,original,
May I understand your minimum credit score requirements for application?,credit_card_application,original,
the magnetic strip on my debit card is scratched please assist.,card_issue,synthetic,card_issue_05
What’s the business that charged me last?,transaction_query,original,
why payment no go thru?,transaction_query,original,
"um, i forgot my atm pin what should i do?",forgot_pin,synthetic,forgot_pin_00
Was the last payment a success or nah?,transaction_query,original,
Kindly outline the procedure to apply for financing.,loan_inquiry,original,
Loan cat. do u hav?,loan_inquiry,original,
can u see how much i got in my checking rn,balance_inquiry,original,
what types of credit do u offer?,loan_inquiry,original,
Zelle payment I didn’t send—help!!,fraud_report,original,
Would you be able to provide an analysis of my eligibility for a loan from your bank?,loan_inquiry,original,
balance check pls! urgent kinda,balance_inquiry,original,
That check is for an amount I never authorized.,fraud_report,original,
Would you please examine my application to ensure I meet the loan requirements?,loan_inquiry,original,
Please provide detailed instructions on how to apply for a loan.,loan_inquiry,original,
someone returned my unattended cash,fraud_report,original,
Why is this happening?? Every month it’s something new.,fraud_report,original,
Please advise on the status of my financing request.,loan_inquiry,original,
looks sus ngl,fraud_report,original,
How do I submit an application for a home equity line of credit?,loan_inquiry,original,
paid a “influencer”—now they ghosted!!,fraud_report,original,
can u just tell me my account balance quick,balance_inquiry,original,
atm gave me wrong acct info,fraud_report,original,
Just noticed a sketchy charge – what do I do now?,fraud_report,original,
What’s the time and date of the last thing I did?,transaction_query,original,
Can you share the date and time of the last trans?,transaction_query,original,
Did the last transaction work as it should?,transaction_query,original,
"Last transaction, it worked, right?",transaction_query,original,
can i drop by branch 2 apply?,credit_card_application,original,
I would appreciate confirmation of my eligibility for a construction equipment lease.,loan_inquiry,original,
am i eligible to be loaned?,loan_inquiry,original,
charge from “?????”—EXPLAIN PLS,transaction_query,original,
can i grab a payday alt loan?,loan_inquiry,original,
what loan choices for biz?,loan_inquiry,original,
"um, the magnetic strip on my card is scratched asap!!",card_issue,synthetic,card_issue_05
"asked me to disable firewall, felt off",fraud_report,original,
What is your turnaround time for loan approval?,loan_inquiry,original,
i’m hopeless—pls reset my pass for me,password_reset,original,
do my creds seal it 4 a loan?,loan_inquiry,original,
"hey, my atm pin got locked pls help",forgot_pin,synthetic,forgot_pin_09
"um, my atm card got stuck in the atm machine pls help",card_issue,synthetic,card_issue_03
What documentation is required for a refinance application?,loan_inquiry,original,
credit card app—how do i do it?,credit_card_application,original,
Please help me regain access by resetting my password.,password_reset,original,
"$1,000 TO ""ELITE EDUCATION""? I DROPPED OUT OF HIGH SCHOOL—FIX THIS!!",fraud_report,original,
Was the previous transaction successful with no complications?,transaction_query,original,
A non-existent vendor appears on my check history.,fraud_report,original,
Was the last transaction executed without trouble?,transaction_query,original,
last purchse? spill the tea pls,transaction_query,original,
last payment info pls i’m stressed,transaction_query,original,
Could you let me know if I am eligible for an equipment lease?,loan_inquiry,original,
Could you clarify the accessible funds in my savings?,balance_inquiry,original,
what’s the word on my loan?,loan_inquiry,original,
there’s a $50 charge i don’t recognize—pls fix,fraud_report,original,
I would appreciate confirmation regarding my eligibility to secure a loan.,loan_inquiry,original,
Can you tell me if my loan application has been received?,loan_inquiry,original,
I never gave someone permission to cash that check.,fraud_report,original,
Could you advise whether I qualify for a USDA rural development loan?,loan_inquiry,original,
how much i got? side-eyes wallet,balance_inquiry,original,
fee ate my rent,fraud_report,original,
May I request further instructions regarding the credit card application process?,credit_card_application,original,
"Hey, what loans u do?",loan_inquiry,original,
"$1,500 AT ""DREAM VACAY""? I CAN’T AFFORD TOILET PAPER—FIX THIS NOW!!",fraud_report,original,
Please provide a status update for my pending loan application.,loan_inquiry,original,
"hey, credit card stopped responding at the machine what should i do?",card_issue,synthetic,card_issue_21
What is the procedure for applying for a guarantor-backed loan?,loan_inquiry,original,
May I request clarification on whether I satisfy the loan approval conditions?,loan_inquiry,original,
charged -12 bucks,fraud_report,original,
"hi, i keep typing the wrong pin :(!!",forgot_pin,synthetic,forgot_pin_20
I’m on the edge—HOW MUCH IS IN MY SAVINGS ACCOUNT?!,balance_inquiry,original,
"Got scammed, plz fix this issue.",fraud_report,original,
someone’s messin with my direct deposits!!,fraud_report,original,
Please share details about the current progress of my loan application.,loan_inquiry,original,
Could you walk me through your car finance packages?,loan_inquiry,original,
I’m not paying for stuff I didn’t authorize.,fraud_report,original,
What is your process for securing a personal line of credit?,loan_inquiry,original,
"yo, did ya get any upd8 on my loan app?",loan_inquiry,original,
Was the transaction completed successfully without problems?,transaction_query,original,
"When did I last trans, you know the exact date?",transaction_query,original,
acc withdrawals i didn’t make—HELP!!,fraud_report,original,
What loan plans do you have for debt consolidation?,loan_inquiry,original,
Would you verify whether I qualify for a commercial real estate loan?,loan_inquiry,original,
"website overlay says “Contact support now,” nah.",fraud_report,original,
purchse history—JUST THE LAST ONE,transaction_query,original,
cc app ETA?,credit_card_application,original,
Did the recent payment go through successfully?,transaction_query,original,
pls help: i cannot use my credit card at any terminal what should i do?,card_issue,synthetic,card_issue_09
recent payment—why’s it pendinggg,transaction_query,original,
"$450 AT ""FITNESS FREAK""? I HATE GYMS—REVERSE THIS OR I’M CLOSING MY ACCOUNT!",fraud_report,original,
Was the last trans completed properly?,transaction_query,original,
hey i dint buy this??,fraud_report,original,
loan team reviewed me yet?,loan_inquiry,original,
My previous password is no longer valid; please reset it.,password_reset,original,
I would appreciate an update on any decisions made concerning my loan application.,loan_inquiry,original,
I request a detailed explanation of the process for applying for a loan from your bank.,loan_inquiry,original,
"shady popup “support available,” skip?",fraud_report,original,
i see random charges now,fraud_report,original,
Did the most recent transaction finalize without issues?,transaction_query,original,
transac flop. why bruh?,transaction_query,original,
$200 at BestBuy?? nah that ain’t me—fraud!!,fraud_report,original,
why’s my card charged for adult sites?? NOPE,fraud_report,original,
bro my acnt’s busted,fraud_report,original,
acc balance pls! puppy dog eyes,balance_inquiry,original,
how do i get the ball rolling on a loan?,loan_inquiry,original,
"they asked 4 admin rights on my machine, nope",fraud_report,original,
"When did I do the last payment, you know?",transaction_query,original,
please help: i keep typing the wrong pin please assist.!!,forgot_pin,synthetic,forgot_pin_20
Can I get the details for my latest transaction’s recipient?,transaction_query,original,
"WHY’S MY ACCOUNT DRAINED BY ""GOLD INVESTORS""? I’M UNEMPLOYED—HELP ME!!",fraud_report,original,
dis not how i spend,fraud_report,original,
TikTok ad took my $$$—fraud!!,fraud_report,original,
What store or company was my most recent payment to?,transaction_query,original,
"$750 AT ""ROBBERY KINGS""? I’M GOING VIRAL WITH THIS—CANCEL IT NOW!!",fraud_report,original,
"yo, any sign on my loan app progressin’?",loan_inquiry,original,
I feel scammed by my own bank.,fraud_report,original,
need help changin my pass,password_reset,original,
how can i apply 4 a loan?,loan_inquiry,original,
Please help me set a new password.,password_reset,original,
can i qualify for any loan product here?,loan_inquiry,original,
Please inform me if there are missing documents in my loan application.,loan_inquiry,original,
"Yo, when was my last payment?",transaction_query,original,
Stop taking my money!!,fraud_report,original,
Did the last trans go through smoothly?,transaction_query,original,
how’d my charge get canceled? idk,transaction_query,original,
Please provide details on the credit card application procedure.,credit_card_application,original,
i think i typo’d my password—can’t login,password_reset,original,
Was that last thing a success or nah?,transaction_query,original,
How do I roll up a loan application?,loan_inquiry,original,
"hey, my atm card is bent and the machine rejects it asap",card_issue,synthetic,card_issue_10
Kindly update me on whether any further action is required on my loan application.,loan_inquiry,original,
charge from uk?? bruh im in texas,fraud_report,original,
I checked with my family – no one made this purchase.,fraud_report,original,
did my purchse gett declin? why,transaction_query,original,
Can you give me the time and date of the last thing I bought?,transaction_query,original,
Was the previous payment processed successfully without errors?,transaction_query,original,
urgent: the chip on my bank card is damaged what should i do?,card_issue,synthetic,card_issue_02
Last one work out okay?,transaction_query,original,
Was the last one smooth or kinda messy?,transaction_query,original,
Is it possible my account was used without me knowing?,fraud_report,original,
what’s on ur loan list?,loan_inquiry,original,
How do I apply for a multi-draw construction loan?,loan_inquiry,original,
This is infuriating—SAVINGS BALANCE STAT!,balance_inquiry,original,
fraud fraud fraud!!!,fraud_report,original,
why’s my transac failin? ugh,transaction_query,original,
my $$$ bounce—why’s that?,transaction_query,original,
Could you update me on the progress made on my loan application?,loan_inquiry,original,
"I got played—fix the charge ASAP, pls.",fraud_report,original,
"Scam alert, my funds got robbed!",fraud_report,original,
Please state the current savings account valuation.,balance_inquiry,original,
cash missing after atm session,fraud_report,original,
Did the last one work out fine or nah?,transaction_query,original,
I require a temporary login password; please assist.,password_reset,original,
how much cashola in my account?,balance_inquiry,original,
bought fake concert tix online—fraud!!,fraud_report,original,
I’m concerned about a check withdrawal I didn’t request.,fraud_report,original,
Can u tell me how 2 apply 4 a loan?,loan_inquiry,original,
Wot do u do w/ loans?,loan_inquiry,original,
Could I please have more information on how to proceed with a loan application?,loan_inquiry,original,
halp! locked outta my acc—reset pls!,password_reset,original,
"ehllo, lost my atm pin, how to get a new one what should i do?",forgot_pin,synthetic,forgot_pin_07
how do i get approved for loan?,loan_inquiry,original,
How may I get started with the loan application process?,loan_inquiry,original,
Rip-off alert! Fix bk my stolen money!,fraud_report,original,
this aint addin up...,fraud_report,original,
transacshun pls i’m abt 2 pass out,transaction_query,original,
last charge—did i donate to aliens??,transaction_query,original,
Do you have the date and time of my last transaction?,transaction_query,original,
can i drop in branch 2 apply?,loan_inquiry,original,
Is there a problem? WHY WON’T YOU TELL ME MY SAVINGS?,balance_inquiry,original,
I’m exploring vehicle financing—what options do you provide?,loan_inquiry,original,
What’s the name of the company I paid last?,transaction_query,original,
Wot type loans exist?,loan_inquiry,original,
"The last trans went okay, right?",transaction_query,original,
Was the last transaction smooth or not?,transaction_query,original,
Who’s the company that charged me last?,transaction_query,original,
I would appreciate confirmation of my qualification for a healthcare professional loan.,loan_inquiry,original,
That check draft does not match my handwriting.,fraud_report,original,
Please initiate a password recovery for my account.,password_reset,original,
my card said no—why?,transaction_query,original,
Wot loans options now?,loan_inquiry,original,
Can you tell me the exact time and date of my last trans?,transaction_query,original,
Could you verify my eligibility for a business loan?,loan_inquiry,original,
"hey, i do not remebmer the credit card pin for my card",forgot_pin,synthetic,forgot_pin_08
"CHARGES TO ""MYSTERY TRAVEL""? I HATE PLANES—REVERSE THIS NOW!!",fraud_report,original,
reset my pass before i yeet my laptop,password_reset,original,
I am writing to receive further clarification on the status of my loan application.,loan_inquiry,original,
This is taking YEARS—SAVINGS BALANCE NOW!,balance_inquiry,original,
dont let them charge more,fraud_report,original,
how do i go about a loan?,loan_inquiry,original,
"OH GREAT, A $1,200 CHARGE TO ""LUXURY AIR""—BECAUSE I TOTALLY OWN A JET!!",fraud_report,original,
scanned my id—did u get it?,credit_card_application,original,
"yo, what's the deal with credit card application process?",credit_card_application,original,
IRS says I owe $$$—identity theft!!,fraud_report,original,
"Yo, what’s the time and date of my last trans?",transaction_query,original,
I would like to understand the current processing status of my loan application.,loan_inquiry,original,
Can you confirm whether my application is eligible for loan processing?,loan_inquiry,original,
Can you give me the details on the date and time of my last trans?,transaction_query,original,
my recent transction—what was it??,transaction_query,original,
paid for “software” that doesn’t exist!!,fraud_report,original,
this tech guy wants my fingerprint via webcam,fraud_report,original,
"hello, the bank card you sent me does not work please assist.",card_issue,synthetic,card_issue_13
Could you elaborate on your construction loan offerings?,loan_inquiry,original,
overdraft fees cuz scam charges—refund!!,fraud_report,original,
What are the steps to apply for a startup seed funding loan?,loan_inquiry,original,
I’ve identified an unauthorized check draft on my account.,fraud_report,original,
Retrieve funds stolen by scam artist.,fraud_report,original,
got trapped in atm vestibule,fraud_report,original,
multiple atm trx at weird hours,fraud_report,original,
cant login!! need new password asap!!!,password_reset,original,
Loan u hav do fit me?,loan_inquiry,original,
Did the last payment finalize without errors?,transaction_query,original,
Ur loan deals 2day?,loan_inquiry,original,
I need the name of the vendor from my latest payment.,transaction_query,original,
WHAT IS LEFT IN MY SAVINGS? ANSWER ME!,balance_inquiry,original,
do i got shiine 4 loan approval?,loan_inquiry,original,
purchse history—LAST ITEM PLS,transaction_query,original,
atm pin number change request asap,forgot_pin,synthetic,forgot_pin_26
"yikes, acct is overdrft",fraud_report,original,
The last payment I made—who was the recipient?,transaction_query,original,
"help me out, how d i start a credit card appl?",credit_card_application,original,
any loan progress?,loan_inquiry,original,
What’s the name of the business I transacted with last?,transaction_query,original,
why’d my charge hit a wall?,transaction_query,original,
"account locked, pw wrong",password_reset,original,
Please advise on the steps to apply for equipment financing.,loan_inquiry,original,
"“Urgent update,” they said — I hung up. Right?",fraud_report,original,
could u check my acc balance for me thx,balance_inquiry,original,
where do i get started on my credit card appl?,credit_card_application,original,
What business processed my most recent spend?,transaction_query,original,
dang i spent too much,fraud_report,original,
why’d my charge get benched?,transaction_query,original,
checking funds update pls! puppy eyes,balance_inquiry,original,
I think I got scamd,fraud_report,original,
What business is attached to my latest spend?,transaction_query,original,
Can you tell me when my last payment happened?,transaction_query,original,
Would you mind updating me on my loan’s processing stage?,loan_inquiry,original,
Do you offer factoring or invoice financing?,loan_inquiry,original,
I can’t afford random charges like this.,fraud_report,original,
Please relay the existing savings account capital.,balance_inquiry,original,
"yo, can u point me to the credit card apply page?",credit_card_application,original,
Did the last one work out good?,transaction_query,original,
"hey, contactless tap is not working on my credit card please assist.!!",card_issue,synthetic,card_issue_11
A thief scammed me—need $ asap.,fraud_report,original,
R ur loans simple?,loan_inquiry,original,
how much in my acc? prayin it’s not zero,balance_inquiry,original,
pasword reset pls—i’m losin my mind,password_reset,original,
Was the last transaction handled properly?,transaction_query,original,
check my last purchse PLS FOR REAL,transaction_query,original,
Did the last thing hit right or was it off?,transaction_query,original,
why my money missin yo,fraud_report,original,
"random support widget on site, hella sus",fraud_report,original,
Can someone explain what this charge is for? I’m confused.,fraud_report,original,
I would appreciate knowing your ID verification process for new cardholders.,credit_card_application,original,
please help: unable to recall my debit card pin what should i do?,forgot_pin,synthetic,forgot_pin_13
atm pin change request pls help,forgot_pin,synthetic,forgot_pin_26
why’s there checks i never ordered?? Fake!!,fraud_report,original,
do i measure up 2 score a loan?,loan_inquiry,original,
"hi, chip error every time i insert my credit card pls help",card_issue,synthetic,card_issue_17
Kindly confirm the current savings account assets.,balance_inquiry,original,
LAST WARNING—SAVINGS. BALANCE. NOW. OR I’M DONE.,balance_inquiry,original,
Please advise if my qualifications are sufficient for loan approval by your bank.,loan_inquiry,original,
I’m interested in your financing options for small businesses.,loan_inquiry,original,
loan hold or go?,loan_inquiry,original,
What company is tied to my last account activity?,transaction_query,original,
Need help with loan apply—how do I get it rollin?,loan_inquiry,original,
"um, want to create a fresh atm pin number any fix?",forgot_pin,synthetic,forgot_pin_18
loan? nvm cc app?,credit_card_application,original,
Who’s the merchant tied to my last purchase?,transaction_query,original,
"Scam gone bad, get my funds back!",fraud_report,original,
I need info on loans u offer.,loan_inquiry,original,
can i be approved based on my creds?,loan_inquiry,original,
I never authorized the check made out to “Green Mart.”,fraud_report,original,
Please guide me through the password reset process.,password_reset,original,
"HI, ATM SAYS INVALID CARD WHEN I INSERT MY ATM CARD WHAT SHOULD I DO?",card_issue,synthetic,card_issue_19
Would you be able to review my application and confirm my loan eligibility?,loan_inquiry,original,
May I inquire if I qualify for disaster relief financing?,loan_inquiry,original,
it’s fraud 100%,fraud_report,original,
loan docs ok?,loan_inquiry,original,
What r da steps 2 lock in a loan?,loan_inquiry,original,
Can you explain how to apply for a condominium mortgage?,loan_inquiry,original,
Wot's up with applyin 4 a loan?,loan_inquiry,original,
I need this five minutes ago—SAVINGS. NOW.,balance_inquiry,original,
I jus been taken advantage of—plz help.,fraud_report,original,
I did not write the memo on check #7890.,fraud_report,original,
i forgot my atm pin plesae assist.,forgot_pin,synthetic,forgot_pin_00
payment bounced like a bad text—why?,transaction_query,original,
I would like to confirm whether my current financial records are sufficient to qualify for a loan.,loan_inquiry,original,
credit card issue: terminal keeps saying try again,card_issue,synthetic,card_issue_27
I’m having a crisis—SAVINGS BALANCE IMMEDIATELY!,balance_inquiry,original,
"forgot password again, need assist",password_reset,original,
Did the previous payment process as intended?,transaction_query,original,
my card’s bein extra—declined smh,transaction_query,original,
Would you kindly provide a status update on my loan application progress?,loan_inquiry,original,
What budget planning tools accompany your lending services?,loan_inquiry,original,
Could you check the merchant for my latest payment?,transaction_query,original,
"yo, when’s ma loan app gettin sorted?",loan_inquiry,original,
"When did I make my last payment, can you check?",transaction_query,original,
hey pls help change my pass,password_reset,original,
stop dis payment ASAP,fraud_report,original,
transac deets RN—NO TIME 2 WASTE,transaction_query,original,
"overdraft alert, smh",fraud_report,original,
What are the repayment frequencies for your loans?,loan_inquiry,original,
Please advise me on how I can formally apply for a loan.,loan_inquiry,original,
bank owe me refund,fraud_report,original,
"used atm, got charged random fee",fraud_report,original,
I want proof this was authorized – because I didn’t.,fraud_report,original,
recent charge deets pls n thx,transaction_query,original,
Could you please confirm whether I qualify for a loan?,loan_inquiry,original,
Would you please confirm the present status of my loan application in your records?,loan_inquiry,original,
The last place I shopped—what was the business?,transaction_query,original,
"locked out, forgot my password",password_reset,original,
"hey, my card pin got locked any fix?",forgot_pin,synthetic,forgot_pin_09
acct -10.50?? help,fraud_report,original,
"hello, my credit card stopped working :(",card_issue,synthetic,card_issue_00
What vendor handled my latest transaction?,transaction_query,original,
fraud alert!!! my card’s bein used in spain??,fraud_report,original,
This is absurd—JUST GIVE ME THE SAVINGS AMOUNT!,balance_inquiry,original,
can i be marked 4 a loan?,loan_inquiry,original,
What is the outstanding amount in my savings account?,balance_inquiry,original,
"Loans category, ur list, plz?",loan_inquiry,original,
ugh what’s my balance? i’m too lazy to look,balance_inquiry,original,
"""You’re wasting time—MY SAVINGS BALANCE, PLEASE!""",balance_inquiry,original,
I would like to receive information on your credit card application requirements.,credit_card_application,original,
"Yo, did that last payment work properly?",transaction_query,original,
what kinda financing do u offer?,loan_inquiry,original,
Did the transaction go through as planned?,transaction_query,original,
am i good 4 eq line?,loan_inquiry,original,
do i fit da profile 4 a loan?,loan_inquiry,original,
account $ amount—spill the tea pls,balance_inquiry,original,
how much is in my acc i’m clueless,balance_inquiry,original,
overdraft bs again,fraud_report,original,
recent transac? existential crisis,transaction_query,original,
my card’s maxed but i didn’t spend!!,fraud_report,original,
What’s my savings balance RIGHT NOW? This is urgent!,balance_inquiry,original,
What assistance loans exist for energy-efficient home improvements?,loan_inquiry,original,
latest charge pls i’m freakin out,transaction_query,original,
why’d my $$$ go bye-bye?,transaction_query,original,
I would like to understand whether I am qualified for a refinance.,loan_inquiry,original,
"When did I last trans, got the date and time?",transaction_query,original,
Every week there’s a new mystery charge.,fraud_report,original,
"hey team, wut’s up with my loan?",loan_inquiry,original,
my cerdit card stopped working asap,card_issue,synthetic,card_issue_00
got charged fee for failed atm trx,fraud_report,original,
overdraft hit me again,fraud_report,original,
balance pls? avoids eye contact,balance_inquiry,original,
Can u holla me on steps 2 loan app?,loan_inquiry,original,
wait wut is dis transac??,fraud_report,original,
last spend? chokes on coffee,transaction_query,original,
jus noticed this one now,fraud_report,original,
Please advise on how to initiate the process for a new credit card application.,credit_card_application,original,
want overseas loan—how?,loan_inquiry,original,
"WHY’S MY CARD USED AT ""VIP DINING""? I EAT CUP NOODLES—FRAUD ALERT!!!",fraud_report,original,
gave remote access—now fraud charges!!,fraud_report,original,
fraud alert!! i didnt do this,fraud_report,original,
can non cust apply 4 cc?,credit_card_application,original,
"wrote them back, they want $200 gift cards",fraud_report,original,
please help: how do i change my atm pin,forgot_pin,synthetic,forgot_pin_03
saw withdrawals i never made at atm,fraud_report,original,
I’m not calm—SAVINGS BALANCE THIS INSTANT!,balance_inquiry,original,
What is the current stage of my loan application?,loan_inquiry,original,
what’d i spend on tho? confused,transaction_query,original,
"Yo, can you find out when my last payment was done?",transaction_query,original,
"I got robbed, refund me asap plz.",fraud_report,original,
Could you let me know if my loan application is still pending docs?,loan_inquiry,original,
"When was my last payment made, time and date?",transaction_query,original,
investigate this fraud RN!!,fraud_report,original,
What is the turnaround time after submitting a loan application?,loan_inquiry,original,
Please send me a summary of your lending programs.,loan_inquiry,original,
What is the residual valuation of my savings?,balance_inquiry,original,
urgent: i cannot remember my atm pin number what should i do?,forgot_pin,synthetic,forgot_pin_01
There’s a check for $250 I didn’t write—please advise.,fraud_report,original,
need 2 apply 4 a new card asap,credit_card_application,original,
Was the last trans successful or not?,transaction_query,original,
"i typed in my pw on some popup, help me!",fraud_report,original,
Who was paid in my latest transaction?,transaction_query,original,
"hey dude, reset my banking pw",password_reset,original,
"$800 TO ""PREMIUM FRAUD""? I’M SELLING MY KIDNEY—REVERSE THIS OR I’LL SUE!!",fraud_report,original,
atm not giving cash but balance went down,fraud_report,original,
How ur loans made up?,loan_inquiry,original,
"hey, where do i fill out ma info for a credit card appl?",credit_card_application,original,
Was the last trans okay or no?,transaction_query,original,
Who’s the payee listed for my last spend?,transaction_query,original,
What was the time I last made a purchase?,transaction_query,original,
Could I kno ur loans?,loan_inquiry,original,
someone’s in my acc—sending $$$ to unknown,fraud_report,original,
Would you kindly inform me if my current financial profile meets the requirements for a loan?,loan_inquiry,original,
could ya lemme know my current balance pls?,balance_inquiry,original,
"hi, i entered the wrong credit card pin three times and now it is locked pls assist.",forgot_pin,synthetic,forgot_pin_05
transction deets RN NO TIME,transaction_query,original,
"Yo, can you find out the time I last paid?",transaction_query,original,
"hey, any info on where my loan app’s sittin’?",loan_inquiry,original,
Did that last one hit the mark or miss?,transaction_query,original,
how to begin borrowing?,loan_inquiry,original,
can’t login—hacker changed my password!!,fraud_report,original,
Can you assess if my financial situation qualifies me for any of your loan products?,loan_inquiry,original,
Can you tell me if there are any updates on my loan approval?,loan_inquiry,original,
atm spit card then money vanished,fraud_report,original,
Was the last transaction successful without any problems?,transaction_query,original,
Wot loan categories w/ u?,loan_inquiry,original,
how long till my loan is approved?,loan_inquiry,original,
"Was the last trans all good, no mess?",transaction_query,original,
"WHY’S MY CARD USED AT ""FRAUD EMPIRE""? I’M GOING TO THE MEDIA—FIX THIS!!",fraud_report,original,
got any home mortgage programs?,loan_inquiry,original,
can i use app to apply?,loan_inquiry,original,
some random rep asked 4 my DOB and PIN,fraud_report,original,
please help: chip error every time i insert my bank card please assist.,card_issue,synthetic,card_issue_17
"hey, any upd8 on ma loan app?",loan_inquiry,original,
"yo, loan review still goin?",loan_inquiry,original,
What is the application process for a manufactured home loan?,loan_inquiry,original,
pass reset button not working,password_reset,original,
I’m out of time—SAVINGS ACCOUNT TOTAL RIGHT THIS SECOND!,balance_inquiry,original,
I’ve been waiting forever—JUST SHOW ME MY SAVINGS!,balance_inquiry,original,
"saw call from 1-800-IT-HELP, is that legit?",fraud_report,original,
WANT TO CREATE A FRESH DEBIT CARD PIN,forgot_pin,synthetic,forgot_pin_18
I’m seeking information about my loan application progress.,loan_inquiry,original,
Trying to remember where I spent money last—can you check?,transaction_query,original,
do i meet the home loan reqs?,loan_inquiry,original,
why’d the transac flop? no idea,transaction_query,original,
"um, card reader cannot read my credit card",card_issue,synthetic,card_issue_25
did u guys move my loan forward?,loan_inquiry,original,
What am I even paying for here??,fraud_report,original,
Please let me know if any supplemental forms are required post-submission.,credit_card_application,original,
$500 at a casino?? I don’t gamble!!,fraud_report,original,
atm deposit skimmed,fraud_report,original,
Please inform me if my loan application is complete or incomplete.,loan_inquiry,original,
I request the balance of my savings account.,balance_inquiry,original,
How do I schedule an appointment to discuss loan options and apply?,loan_inquiry,original,
When was the time I made my last purchase?,transaction_query,original,
what loan services do u provide?,loan_inquiry,original,
"$1,500 TO ""DIGITAL DREAMS""? I USE A FLIP PHONE—GET MY MONEY BACK NOW!",fraud_report,original,
What are the requirements to apply for an unsecured loan?,loan_inquiry,original,
"hi, i dont recall the debit card pin i set any fix?",forgot_pin,synthetic,forgot_pin_14
do i ring as loan material?,loan_inquiry,original,
Can you provide insight into whether I meet your loan criteria based on my application?,loan_inquiry,original,
"hello, i cannot remember my atm pin number",forgot_pin,synthetic,forgot_pin_01
"When did I last make a purchase, can you check?",transaction_query,original,
Scam alert! Gimme my cash rn.,fraud_report,original,
cannot withdraw now,fraud_report,original,
The last payment I made—what’s the business name?,transaction_query,original,
How can I update my contact information during the application review?,credit_card_application,original,
I’m looking for financing—what loan products do you have?,loan_inquiry,original,
"saw a “Microsoft Defender” fake site, dumb",fraud_report,original,
need 2 report fraud fast,fraud_report,original,
"WHY’S MY CARD CHARGED $600 FOR ""DREAM VACATIONS""? I HAVEN’T LEFT MY HOUSE!!",fraud_report,original,
can you help me recover my pin please assist.!!,forgot_pin,synthetic,forgot_pin_15
"they said my HDD is failing, pay now",fraud_report,original,
please help: card stopped responding at the machine :(,card_issue,synthetic,card_issue_21
owe bank now? yikes,fraud_report,original,
Did the last transaction proceed without problems?,transaction_query,original,
What is the present balance of my savings account?,balance_inquiry,original,
why’s this so hard?? Just reset my pass!!,password_reset,original,
why’s my check bounce? I didn’t write it!! Fraud!!,fraud_report,original,
atm charged fee twice,fraud_report,original,
I would appreciate it if you could send me the loan application instructions.,loan_inquiry,original,
Was the last transaction processed correctly?,transaction_query,original,
please help: pin reset please please assist.!!,forgot_pin,synthetic,forgot_pin_06
tiny charges then big ones—fraud!!,fraud_report,original,
"someone masked caller ID as my bank, idk",fraud_report,original,
"Yo, can you check the date for my last payment?",transaction_query,original,
why i owe $35 now,fraud_report,original,
got any car/home/student loans?,loan_inquiry,original,
Which loans do u give?,loan_inquiry,original,
hate seein this smh,fraud_report,original,
what’s up with my transacshun failin??,transaction_query,original,
What is the standing balance in my savings account?,balance_inquiry,original,
My blood pressure’s spiking—SAVINGS BALANCE NOW!,balance_inquiry,original,
DID I BUY A BOAT WHATS THE TRANSAC,transaction_query,original,
I am interested in determining my qualification for debt consolidation.,loan_inquiry,original,
bruh my wallet still w me,fraud_report,original,
Did that last one go smooth or what?,transaction_query,original,
Fraud hit my acc! ID fix plz dat $$!,fraud_report,original,
This better not happen again. Not my transaction.,fraud_report,original,
"hey, debit card pin blocked, how can i unblock it",forgot_pin,synthetic,forgot_pin_19
"WHO THE HELL IS ""GLOBETROTTER TRAVEL""? I’M ON MY COUCH—STOP THIS THEFT!",fraud_report,original,
What store charged me in my last transaction?,transaction_query,original,
Could you explain your bridge loan programs?,loan_inquiry,original,
wats this 400$ spend???,fraud_report,original,
"Hey, can you check the date and time of my last transaction?",transaction_query,original,
"hey, can u update me if my loan app’s been actioned?",loan_inquiry,original,
how to fill out loan app?,loan_inquiry,original,
i cannot use my card at any terminal pls help,card_issue,synthetic,card_issue_09
y’all texted me ‘bout fraud—it’s TRUE!!,fraud_report,original,
my account—what’s the $ amount rn?,balance_inquiry,original,
This was not authorized by me. Period.,fraud_report,original,
"Hey, got any loan deals?",loan_inquiry,original,
Loans easy? T&C pls.,loan_inquiry,original,
"yo, where’s ma loan app in da process?",loan_inquiry,original,
"Yo, last trans go fine or not?",transaction_query,original,
"yo, any website link or info on credit card appl?",credit_card_application,original,
Was the transaction completed properly without any issues?,transaction_query,original,
"um, how can i reactivate my atm pin after it got blocked :(",forgot_pin,synthetic,forgot_pin_28
y’all flagged a charge—I didn’t do it!!,fraud_report,original,
I’m considering borrowing—what loan types do you support?,loan_inquiry,original,
"yo, when can i apply for a credit card?",credit_card_application,original,
"hello, i keep typing the wrong card pin :(",forgot_pin,synthetic,forgot_pin_20
account balance,balance_inquiry,original,
How d I go 2 start my loan applic?,loan_inquiry,original,
"they called twice from same #, weird",fraud_report,original,
am i legit 4 a loan?,loan_inquiry,original,
who’s depositin checks into my acc without askin??,fraud_report,original,
Please advise on the variety of loans you facilitate.,loan_inquiry,original,
spilled coffee on my pass notes—reset!!,password_reset,original,
Wot loan system u using?,loan_inquiry,original,
Please help me understand the documentation and procedural steps for a credit card application.,credit_card_application,original,
What is the recommended way to apply for merchant cash advances?,loan_inquiry,original,
Did the last one go smoothly or not?,transaction_query,original,
"yo, need new pass, old one dead",password_reset,original,
"Sooo, did that last pay go through?",transaction_query,original,
transac declin. why?,transaction_query,original,
"When exactly did I make the last payment, got that info?",transaction_query,original,
"um, i do not remember the debit card pin for my card asap",forgot_pin,synthetic,forgot_pin_08
"Plz investigate fraud, need my cash now.",fraud_report,original,
Was the last transaction completed successfully without any issues?,transaction_query,original,
Remove this or I’m switching banks.,fraud_report,original,
not my purshase,fraud_report,original,
atm gave me $$ then took it back,fraud_report,original,
Please tell me how to block my card immediately – I see fraud!,fraud_report,original,
A check cleared today that wasn’t written by me.,fraud_report,original,
Did you fall asleep? SAVINGS ACCOUNT TOTAL NOW!,balance_inquiry,original,
Please review my financial details and advise if I qualify for a loan.,loan_inquiry,original,
what’s the glitch with my transac?,transaction_query,original,
got a fraud alert—what do i do??,fraud_report,original,
Would you verify whether I satisfy the criteria for a blockchain-based lending service?,loan_inquiry,original,
"hey, im lookin 4 how to apply 4 a credit card",credit_card_application,original,
why’s my latest purchse getting rejected smh,transaction_query,original,
Was the previous transaction completed properly?,transaction_query,original,
I would appreciate further information regarding your credit card application process.,credit_card_application,original,
payment bounced—why’s it bein weird?,transaction_query,original,
am i in line 4 borrowing?,loan_inquiry,original,
Please convey the financial position of my savings.,balance_inquiry,original,
what’d i even purchase recently??,transaction_query,original,
urgent: can you help me recover my pin what should i do?!!,forgot_pin,synthetic,forgot_pin_15
No idea what this place is. I don’t shop here!,fraud_report,original,
"hi, card stopped responding at the machine what should i do?!!",card_issue,synthetic,card_issue_21
May I inquire if I satisfy the requirements for a VA-backed loan?,loan_inquiry,original,
"hi, card reader acnnot read my debit card",card_issue,synthetic,card_issue_25
Was the last payment legit?,transaction_query,original,
"hi, reset my online banking pw",password_reset,original,
my email’s hacked—fraud charges on my card!!,fraud_report,original,
So who’s watching the account if not y’all??,fraud_report,original,
Could you please provide me with detailed instructions on how to apply for a credit card?,credit_card_application,original,
Did the most recent transaction proceed correctly?,transaction_query,original,
"i wanna apply 4 a credit card, how do i kick it off?",credit_card_application,original,
Can you confirm if my documented financial information qualifies me for a loan?,loan_inquiry,original,
need to know loan kinds,loan_inquiry,original,
how much $ my checking got? clueless lol,balance_inquiry,original,
why’s my acc overdrafted cuz of fake checks??,fraud_report,original,
Did the most recent transaction finish without any issues?,transaction_query,original,
"saw “securityaudit.exe” window, freaky",fraud_report,original,
What’s the name of the vendor I paid last?,transaction_query,original,
I am reaching out to obtain an update on my loan application status.,loan_inquiry,original,
The last time I paid someone—who was it?,transaction_query,original,
I need to see the check image posted to my account.,fraud_report,original,
recent buy? checks bank OH NO,transaction_query,original,
tht place ain’t even open,fraud_report,original,
any mortgage loans here?,loan_inquiry,original,
"When did I last make a payment, you got the time?",transaction_query,original,
Please outline the process for securing a construction loan.,loan_inquiry,original,
Was the last transaction smooth sailing?,transaction_query,original,
Was the transaction completed without any difficulties?,transaction_query,original,
"hi, the chip on my bank card is damaged :(",card_issue,synthetic,card_issue_02
Could you please share the detailed process for the loan application?,loan_inquiry,original,
"Did the last thing work, or was it stuck?",transaction_query,original,
looking 4 capex loan—apply?,loan_inquiry,original,
Would you be so kind as to detail the steps involved in applying for a loan?,loan_inquiry,original,
Did the most recent transaction complete successfully?,transaction_query,original,
Who received the funds from my latest transaction?,transaction_query,original,
I would appreciate insight into the current timeline for my loan application’s processing.,loan_inquiry,original,
"hey, wher can i get ma credit card applic sorted?",credit_card_application,original,
why’d my transacshun bounce? smh,transaction_query,original,
Do I need to scream? TELL ME MY SAVINGS TOTAL!,balance_inquiry,original,
need to apply phone loan app?,loan_inquiry,original,
What was the date and time for my last trans action?,transaction_query,original,
Was the last trans successful or nah?,transaction_query,original,
That last one go through or was it a flop?,transaction_query,original,
May I have your assistance in verifying my eligibility for a loan?,loan_inquiry,original,
Please let me know if I meet the criteria for a self-build home loan.,loan_inquiry,original,
Could you detail your mid-term loan offerings?,loan_inquiry,original,
pls tell me i’m not broke…,balance_inquiry,original,
what kinda cash advance u got?,loan_inquiry,original,
"um, lost my deibt card pin, how to get a new one",forgot_pin,synthetic,forgot_pin_07
pls tell me my balance i gotta know asap,balance_inquiry,original,
Who’s the payee for my most recent account activity?,transaction_query,original,
Was that last one successful or did it mess up?,transaction_query,original,
What’s the name of the place I transacted with last?,transaction_query,original,
do i qualify 4 OD line?,loan_inquiry,original,
Can you tell me when my last transaction was done?,transaction_query,original,
"hey, how do i submit a credit card appl?",credit_card_application,original,
pls send reset link—i’m clueless here,password_reset,original,
What loan protection plans do you offer?,loan_inquiry,original,
Would you inform me of the next steps after submitting my application?,credit_card_application,original,
How do I apply for a personal credit line?,loan_inquiry,original,
Did that last payment go through or not?,transaction_query,original,
acct -20 bucks,fraud_report,original,
I’m stressed tf out. Why can’t I trust my bank??,fraud_report,original,
A check was deposited to another account from mine.,fraud_report,original,
This is unacceptable—ANSWER MY SAVINGS INQUIRY!,balance_inquiry,original,
"$1,200 TO ""GLOBAL TRAVEL""? I’M AGORAPHOBIC—GET MY MONEY BACK NOW!!",fraud_report,original,
what loan choices does bank have?,loan_inquiry,original,
checks made out to “Cash” —i didn’t write those!!,fraud_report,original,
Did the last trans work like it was supposed to?,transaction_query,original,
my card is bent and the machine erjects it pls help,card_issue,synthetic,card_issue_10
"UM, THE CHIP ON MY DEBIT CARD IS DAMAGED WHAT SHOULD I DO?",card_issue,synthetic,card_issue_02
This charge has no receipt from me!,fraud_report,original,
my credit score dropped—identity theft??,fraud_report,original,
Did the last payment finish smoothly?,transaction_query,original,
any loan decision yet?,loan_inquiry,original,
Could you please assist with a password recovery process?,password_reset,original,
"Yo, can you tell me when I last made a payment?",transaction_query,original,
That check item is not in my check register.,fraud_report,original,
Could you kindly explain the process for credit card application initiation?,credit_card_application,original,
my bank card stopped working,card_issue,synthetic,card_issue_00
how come my $$$ got the boot?,transaction_query,original,
spend rejected. explain pls.,transaction_query,original,
pls help: can u help me recover my pin pls help,forgot_pin,synthetic,forgot_pin_15
why ain’t y’all stoppin these charges??,fraud_report,original,
How do I apply for a home equity conversion mortgage (HECM)?,loan_inquiry,original,
Scam on my account! Funds recovery plz!,fraud_report,original,
Could you confirm if my loan application has been fully processed?,loan_inquiry,original,
What’s the current status of my loan application in your records?,loan_inquiry,original,
Could you check who processed my latest transaction?,transaction_query,original,
loan status update pls,loan_inquiry,original,
uhh i didn’t make that $500 charge—fraud???,fraud_report,original,
What’s the store name from my latest payment?,transaction_query,original,
How do I request a credit card application package by mail?,credit_card_application,original,
Do ur loans require docs?,loan_inquiry,original,
"hello, the credit card u sent me does not work :(",card_issue,synthetic,card_issue_13
last payment—tell me it’s refundable,transaction_query,original,
Kindly secure my account by resetting my password.,password_reset,original,
"UM, MY NEW BANK CARD IS NOT ACTIVATING :(",card_issue,synthetic,card_issue_12
How do I get my paperwork 4 a loan done?,loan_inquiry,original,
any app kiosk for cc?,credit_card_application,original,
Can you please confirm the current phase of my loan application review?,loan_inquiry,original,
"Can you tell me when I did my last trans, like exact time and date?",transaction_query,original,
I require a password reset to access my account.,password_reset,original,
Was the previous payment made successfully?,transaction_query,original,
why card say no?,transaction_query,original,
"hey, i keep ytping the wrong card pin any fix?",forgot_pin,synthetic,forgot_pin_20
your security’s killin me—reset pass!!,password_reset,original,
I’m inquiring about your personal versus business loan options.,loan_inquiry,original,
Did that last payment work properly?,transaction_query,original,
Loan apply—how's dat done?,loan_inquiry,original,
"phone says “press 9 for refund,” ungodly",fraud_report,original,
i dnt knw this charge,fraud_report,original,
Kindly update me on the outcome of my loan application review.,loan_inquiry,original,
"yo, whatchu say bout a credit card appl process?",credit_card_application,original,
looks like sum1 usin my card,fraud_report,original,
Can you detail the distinct loan categories you support?,loan_inquiry,original,
why’s my payment playin hard to get?,transaction_query,original,
how much is left in there? panic mode,balance_inquiry,original,
I’m seeing multiple suspect check items this week.,fraud_report,original,
"Yo, when was the last payment I made?",transaction_query,original,
why’d they reject my $$$? no idea,transaction_query,original,
"Hey, there’s a weird charge on my account. Can someone look into this?",fraud_report,original,
I’m interested in your self-build home loan products.,loan_inquiry,original,
They fake’d me out—pls restore my funds.,fraud_report,original,
"hi there, any news on loan app?",loan_inquiry,original,
Kindly email me the password reset procedure.,password_reset,original,
"WHY’S THERE A $600 CHARGE TO ""THEFT CO""? I’M CALLING MY LAWYER—FIX IT!!",fraud_report,original,
DID I PAY FOR A GHOST TOUR,transaction_query,original,
how do i apply 4 biz credit?,loan_inquiry,original,
So tired of these shady transactions.,fraud_report,original,
Someone used my account to generate a counterfeit check.,fraud_report,original,
Was the last thing fine or was there an issue?,transaction_query,original,
Did that last one go through clean?,transaction_query,original,
"$150 AT ""FANCY PETS""? I HAVE A HAMSTER—WHO’S BUYING GOLD FISH TANKS??",fraud_report,original,
Please let me know about your small-business lending products.,loan_inquiry,original,
"um, want to create a fresh credit card pin :(!!",forgot_pin,synthetic,forgot_pin_18
How do I go abt applyin 4 a loan?,loan_inquiry,original,
Was the last payment made without any issues?,transaction_query,original,
neg bal alert sent,fraud_report,original,
what credit line u got?,loan_inquiry,original,
my card’s possessed—block it!!,fraud_report,original,
device glued on atm card slot? scam?,fraud_report,original,
do i pull off da loan profile?,loan_inquiry,original,
You guys better fix this. I’m not playing.,fraud_report,original,
how come my $$$ got rejected?,transaction_query,original,
"hey, how’s ma loan app comin along?",loan_inquiry,original,
"yo, any info on where to start a credit card appl?",credit_card_application,original,
nevr seen dis store name,fraud_report,original,
Please advise whether I meet the requirements for a student loan.,loan_inquiry,original,
What was the date and time of my last payment?,transaction_query,original,
What is the current deposit total in my savings?,balance_inquiry,original,
did i get charged? WHAT FOR THO,transaction_query,original,
Was the most recent transaction without any errors?,transaction_query,original,
"Last trans, smooth or glitchy?",transaction_query,original,
"my acct locked, wanna reset my pass",password_reset,original,
I’m about to combust—SAVINGS BALANCE THIS SECOND!,balance_inquiry,original,
transacshun declin—why tho?,transaction_query,original,
Can you explain your overdraft protection service?,loan_inquiry,original,
How do I get on board wit a loan appl?,loan_inquiry,original,
am i cool enuf 4 a loan?,loan_inquiry,original,
"hi, my bank card got stuck in the atm machine please assist.",card_issue,synthetic,card_issue_03
Was the last transaction finalized without any problems?,transaction_query,original,
do i show up in da loan system?,loan_inquiry,original,
"Yo, did the last one work out fine?",transaction_query,original,
"WHY’S MY CARD CHARGED $1K TO ""SCAM CENTRAL""? I’M LIVING ON RAMEN!!",fraud_report,original,
May I obtain the balance details for my savings?,balance_inquiry,original,
"hey, how do i apply 4 a credit card?",credit_card_application,original,
Can you tell me where my last payment went?,transaction_query,original,
Could you let me know if I am eligible for a refinancing mortgage?,loan_inquiry,original,
Could you please help me reset my account password?,password_reset,original,
can i get pre-qualified 4 loan?,loan_inquiry,original,
how much cheddar in my account these days,balance_inquiry,original,
understanding loan kinds pls,loan_inquiry,original,
Could you please provide an update on the status of my loan application?,loan_inquiry,original,
May I inquire as to whether I satisfy the conditions necessary for loan approval?,loan_inquiry,original,
I’m not repeating myself—SAVINGS BALANCE IMMEDIATELY!,balance_inquiry,original,
"yo, how do i get my credit card appl kickin'?",credit_card_application,original,
urgent: my credit card pin is wrong every time i try what should i do?!!,forgot_pin,synthetic,forgot_pin_17
why’s my purchse gettin the side-eye?,transaction_query,original,
Could you update me on my savings account balance?,balance_inquiry,original,
card reader cannot read my bank card :(,card_issue,synthetic,card_issue_25
how to apply for home eq loan?,loan_inquiry,original,
May I have additional details on how to start a loan application?,loan_inquiry,original,
acc balance for checking? nervous laugh,balance_inquiry,original,
Please convey the steps I need to take to formally apply for a loan.,loan_inquiry,original,
"yo, how far along is my loan?",loan_inquiry,original,
"hello, i dont recall the card pin i set :(",forgot_pin,synthetic,forgot_pin_14
"um, i forgot the secret number for my card",forgot_pin,synthetic,forgot_pin_29
Wot's da scoop 2 get a loan?,loan_inquiry,original,
Was the last transaction without any errors?,transaction_query,original,
did i get hacked? Money’s disappearin,fraud_report,original,
I am seeking clarification on the requirements for a credit card application.,credit_card_application,original,
Please inform me whether I meet the requirements for a seller’s credit program.,loan_inquiry,original,
what’s my pass?? idk—reset it pls!,password_reset,original,
"hey, wher do i go 2 fill an appl for a credit card?",credit_card_application,original,
What credit products are currently available?,loan_inquiry,original,
Can you provide clarity on the steps to take when applying for a loan?,loan_inquiry,original,
That last one work out smooth?,transaction_query,original,
What is the available balance in my savings reserves?,balance_inquiry,original,
I need to reset my password for security reasons; please assist.,password_reset,original,
Would you kindly explain the proper process for applying for a loan?,loan_inquiry,original,
Please dispatch a password reset email to my registered address.,password_reset,original,
May I check if I satisfy the conditions for a small-business loan?,loan_inquiry,original,
"Need a loan, how d I sign up 4 it?",loan_inquiry,original,
I would like to understand how to initiate a loan application.,loan_inquiry,original,
Help me out here—how do I get my loan app in motion?,loan_inquiry,original,
"um, my bank card is bent and the machine rejects it any fix?",card_issue,synthetic,card_issue_10
Lemme know ur loan types.,loan_inquiry,original,
what’s the last payment i made?,transaction_query,original,
I am writing to seek clarification regarding the current credit card application procedures.,credit_card_application,original,
lemme get that balance info pls n thx,balance_inquiry,original,
how do i apply 4 financing?,loan_inquiry,original,
Please advise if my current profile qualifies me to be considered for a loan.,loan_inquiry,original,
"yo, any movement on my application 4 a loan?",loan_inquiry,original,
i need my cash,fraud_report,original,
recent transction? cries in broke,transaction_query,original,
Could you inform me about the necessary steps for completing a loan application with your bank?,loan_inquiry,original,
how come my purchse got rejected?,transaction_query,original,
credit card form not working,credit_card_application,original,
"um, i cannot use my debit card at any terminal",card_issue,synthetic,card_issue_09
fake job sent me a check—now my acc’s frozen!!,fraud_report,original,
hotline told me to transfer funds to safe acct,fraud_report,original,
What time and date was my last transaction?,transaction_query,original,
want 2 apply for ur bank cc,credit_card_application,original,
"I am seeking an update on the progress of my loan application, if possible.",loan_inquiry,original,
"used atm, acct drained next day",fraud_report,original,
May I receive confirmation of my savings balance?,balance_inquiry,original,
overdraft hit hard,fraud_report,original,
charged twice for same thing—glitch or fraud?,fraud_report,original,
what financing plans do u got?,loan_inquiry,original,
balance check pls! throws confetti,balance_inquiry,original,
Please advise which loan options best suit first-time buyers.,loan_inquiry,original,
charges i didn’t do—what’s happenin??,fraud_report,original,
I would like to know if I meet the criteria for a salary-advance loan.,loan_inquiry,original,
"yo, did u process my cc app yet?",credit_card_application,original,
wtf is goin on,fraud_report,original,
"hey, any update on my loan app?",loan_inquiry,original,
Could you advise whether I qualify for an API-driven loan approval process?,loan_inquiry,original,
Plz break down da process 4 me; how do I apply 4 a loan?,loan_inquiry,original,
When was the last payment I made?,transaction_query,original,
The last place I used my card—what’s it called?,transaction_query,original,
Can you confirm whether my loan application is still under review?,loan_inquiry,original,
can i get a bridge loan with my credit?,loan_inquiry,original,
Please inform me of my savings account’s financial health.,balance_inquiry,original,
"Did that last one actually work, no glitches?",transaction_query,original,
what’s available 4 loans?,loan_inquiry,original,
am i eligble 4 student finance?,loan_inquiry,original,
urgent: my new bank card is not activating please assist.,card_issue,synthetic,card_issue_12
Can you provide confirmation that my application meets your loan standards?,loan_inquiry,original,
I'd appreciate a status check on my loan application.,loan_inquiry,original,
"hey, need a replacement for my fautly card pls help",card_issue,synthetic,card_issue_16
"lost track, acct red",fraud_report,original,
can i use chat to apply for cc?,credit_card_application,original,
pager me the steps 4 cc apply,credit_card_application,original,
"hey, pin reset please what should i do?",forgot_pin,synthetic,forgot_pin_06
I’m panicking! There’s a huge charge I didn’t authorize!,fraud_report,original,
my SSN’s bein used for fraud—pls fix!!,fraud_report,original,
I require further information to proceed with a credit card application; please advise.,credit_card_application,original,
checking if my cc app came thru,credit_card_application,original,
"lost my card pin, how to get a new one pls help",forgot_pin,synthetic,forgot_pin_07
Wot r ur loan schemes now?,loan_inquiry,original,
Do you have options for debt relief loans?,loan_inquiry,original,
Refund due! Frauds stole my savings.,fraud_report,original,
"OH JOY, $600 TO ""CRYPTO CLOWNS""—BECAUSE I LOVE LOSING MONEY!!",fraud_report,original,
transac deets RN i’m losin it,transaction_query,original,
Which branch should I visit to apply for a personal loan in person?,loan_inquiry,original,
I need to dispute this check clearance immediately.,fraud_report,original,
"yo, what do ya see on my loan app progress?",loan_inquiry,original,
Could you elucidate the necessary procedures for initiating a loan application?,loan_inquiry,original,
Please detail the application process for vendor financing programs.,loan_inquiry,original,
Was the most recent transaction successful without error?,transaction_query,original,
am i elig 4 a loan?,loan_inquiry,original,
do i earn a pass 4 a loan?,loan_inquiry,original,
"hey, i do not remember the pin for my card :(",forgot_pin,synthetic,forgot_pin_08
"hey, forgot the atm pin number, what now what should i do?",forgot_pin,synthetic,forgot_pin_11
recent spend? checks account OH NO,transaction_query,original,
"""need my balance info, can u help?""",balance_inquiry,original,
"Got scammed, pls return my money.",fraud_report,original,
Please update me on the loan application I submitted.,loan_inquiry,original,
Would you be able to provide an update on my loan application status at your earliest convenience?,loan_inquiry,original,
"Ur loan service, guide plz?",loan_inquiry,original,
plaese help: why is my debit card malfunctioning,card_issue,synthetic,card_issue_23
Ur loans 2day pls sent.,loan_inquiry,original,
What is the retained balance in my savings account?,balance_inquiry,original,
Could you please assess my financial status to determine if I am loan-eligible?,loan_inquiry,original,
"Yo, when was my last payment made?",transaction_query,original,
Do you have any updated timelines for my loan approval?,loan_inquiry,original,
"can u check my loan app stat, plz?",loan_inquiry,original,
Can u giv loan list?,loan_inquiry,original,
what’s needed 2 apply 4 ur platinum card?,credit_card_application,original,
"hey, pin change request pls help",forgot_pin,synthetic,forgot_pin_26
can i get a new cred card? wut’s the process?,credit_card_application,original,
Why is there a charge from a different city?,fraud_report,original,
Last trans... did it go or not?,transaction_query,original,
"HELLO, I CANNOT REMEMBER MY DEBIT CARD PIN",forgot_pin,synthetic,forgot_pin_01
can u tell me wut loans u got?,loan_inquiry,original,
Is this even legal??,fraud_report,original,
can i get a loan status check?,loan_inquiry,original,
Nothing about this charge is familiar.,fraud_report,original,
"um, my pin is wrong every time i try please assist.!!",forgot_pin,synthetic,forgot_pin_17
How do I call up the loan app process?,loan_inquiry,original,
When exactly did I make my last transaction?,transaction_query,original,
What company processed my most recent transaction?,transaction_query,original,
Who’s the merchant for my most recent purchase?,transaction_query,original,
the chip on my debit card is damaged please assist.,card_issue,synthetic,card_issue_02
did i buy socks again? WHAT WAS IT,transaction_query,original,
I’m exploring borrowing options; what loans do you offer?,loan_inquiry,original,
I am writing to kindly request the current status of my loan application.,loan_inquiry,original,
why’s my check amount different from what I wrote??,fraud_report,original,
DID I BUY A YEAR’S WORTH OF TOFU,transaction_query,original,
"WHY’S MY CARD USED AT ""GAMBLING KING""? I’M BROKE—STOP ROBBING ME!!",fraud_report,original,
i deadass didn’t swipe,fraud_report,original,
Can you confirm who signed the check clearing my account?,fraud_report,original,
umm what’s my acc balance like these days,balance_inquiry,original,
Was the most recent transaction completed without difficulty?,transaction_query,original,
Did the last transaction process correctly?,transaction_query,original,
pls stop askin security Qs—just reset it!!,password_reset,original,
"When was my last purchase made, you got the info?",transaction_query,original,
trust broken a lil ngl,fraud_report,original,
Could you please advise me on the steps to apply for a loan?,loan_inquiry,original,
reverse those charges NOW!!,fraud_report,original,
"um, need a replacement for my faluty credit card :(",card_issue,synthetic,card_issue_16
Could you advise if my credit and income meet your reverse-mortgage eligibility requirements?,loan_inquiry,original,
"yo, update me on my loan app, k?",loan_inquiry,original,
Was the most recent payment successful?,transaction_query,original,
I am looking to obtain an update on my loan application progress; could you assist?,loan_inquiry,original,
"Could you confirm if my loan application has been approved, declined, or remains under review?",loan_inquiry,original,
Can I apply for a loan via your mobile banking app?,loan_inquiry,original,
"Hey, how loans work w/ u?",loan_inquiry,original,
i dnt remember this one,fraud_report,original,
"hey, i need guidance on ma credit card application",credit_card_application,original,
Can u tell me how 2 jump in on a loan?,loan_inquiry,original,
not my doin,fraud_report,original,
last payment pls i’m abt 2 explode,transaction_query,original,
Did the recent transaction go through smoothly?,transaction_query,original,
There’s a check transaction here I don’t recognize.,fraud_report,original,
wtf my $ is gone,fraud_report,original,
done with this—just reset my passwrd!!,password_reset,original,
"When did I make my last transaction, got the time?",transaction_query,original,
pls fix my pass. ty.,password_reset,original,
"That last pay, did it go thru alright?",transaction_query,original,
"When was my last payment, exactly?",transaction_query,original,
tech scammer’s got my card deets!!,fraud_report,original,
"hello, i cannot use my atm card at any terminal what should i do?",card_issue,synthetic,card_issue_09
Wot loans exist w/ u?,loan_inquiry,original,
help me reverse fee,fraud_report,original,
Did the last thing go okay or no?,transaction_query,original,
How can I apply for a healthcare professional loan?,loan_inquiry,original,
checks from 2021 suddenly cashin—fraud!!,fraud_report,original,
I am writing to inquire about the procedures for submitting a credit card application.,credit_card_application,original,
my kid ain’t buy $200 Robux—lock the card!,fraud_report,original,
card issue: terminal keeps saying try again asap,card_issue,synthetic,card_issue_27
card be trippin lately,fraud_report,original,
Could you explain your personal line of credit services?,loan_inquiry,original,
My password appears compromised; please reset it.,password_reset,original,
do i look like i’m qualifyin 4 a loan?,loan_inquiry,original,
Please investigate check clearance at ATM branch 12.,fraud_report,original,
Kindly provide any available updates on the status of my submitted loan application.,loan_inquiry,original,
spend denied. what’s the tea?,transaction_query,original,
pls save my acc—hacked!!!,fraud_report,original,
Please let me know if I am eligible for an amortizing loan.,loan_inquiry,original,
"CHARGES TO ""ELITE APPAREL""? I WEAR THRIFT STORE—WHO’S STEALING??",fraud_report,original,
"hello, want to create a fresh atm pin number :(",forgot_pin,synthetic,forgot_pin_18
Do you not understand urgency? SAVINGS. NOW.,balance_inquiry,original,
Please outline the application process for a healthcare facility loan.,loan_inquiry,original,
That check number was never issued.,fraud_report,original,
unable to recall my atm pin number,forgot_pin,synthetic,forgot_pin_13
I found an odd check payment in my transaction log.,fraud_report,original,
my checking—am i broke or nah? lmk,balance_inquiry,original,
urgent: debit card pin reset pelase please assist.,forgot_pin,synthetic,forgot_pin_06
"HELLO, WHY IS MY DEBIT CARD MALFUNCTIONING",card_issue,synthetic,card_issue_23
Do u hav education loan?,loan_inquiry,original,
"$2,000 TO ""CRYPTO SCAM""? I DON’T EVEN TRUST BANKS—F*CKING REVERSE THIS!!",fraud_report,original,
What documents are needed for a credit builder loan?,loan_inquiry,original,
I request the balance of my savings portfolio.,balance_inquiry,original,
Was the most recent transaction completed successfully?,transaction_query,original,
I need to understand your eligibility for each loan category.,loan_inquiry,original,
this not okay bruh,fraud_report,original,
"Hey, when exactly did I make my last payment?",transaction_query,original,
ugh why was my payment denied? pls explain,transaction_query,original,
Can you share details on your construction loan offerings?,loan_inquiry,original,
Would you please provide any recent updates regarding my loan application progress?,loan_inquiry,original,
will i qlify 4 personal loan?,loan_inquiry,original,
i cannot remember my creidt card pin,forgot_pin,synthetic,forgot_pin_01
How can I grab a loan?,loan_inquiry,original,
"Help, I got duped! Refund my $$ fast.",fraud_report,original,
What is the current equity in my savings account?,balance_inquiry,original,
how i get metal cc?,credit_card_application,original,
"Need da lowdown on loan apply, plz.",loan_inquiry,original,
why’s my card sayin nah fam?,transaction_query,original,
"Ur cash svc fail, fix cash refund NOW.",fraud_report,original,
my acc’s haunted—charges i didn’t make!!,fraud_report,original,
Was the last one legit or did it fail?,transaction_query,original,
loan timeline update plz,loan_inquiry,original,
yall missin security check?,fraud_report,original,
how do i do the loan form?,loan_inquiry,original,
"i'm tryna get a credit card, how do i apply?",credit_card_application,original,
how to reverse overdraft?,fraud_report,original,
please hepl: the card you sent me does not work any fix?,card_issue,synthetic,card_issue_13
What’s the name linked to my last charge?,transaction_query,original,
"Yo, how d I start da loan app process?",loan_inquiry,original,
I need a secure link to reset my password; please send it.,password_reset,original,
Ur loan packs wot dey?,loan_inquiry,original,
atm tchno glitch,fraud_report,original,
"bank card not accepted online, keeps failing pls help!!",card_issue,synthetic,card_issue_14
"Yo, when did my last transaction happen?",transaction_query,original,
how much moolah is sittin in my acc lol,balance_inquiry,original,
I don’t recognize the deposit of that check.,fraud_report,original,
acnt showing -9.99,fraud_report,original,
I would like to know if my current credit profile qualifies me for a loan with your institution.,loan_inquiry,original,
need 2 c my account balance pls,balance_inquiry,original,
why’s my purchse playin dead?,transaction_query,original,
I would appreciate confirmation of my eligibility for a manufactured home mortgage.,loan_inquiry,original,
Have you started processing my loan application?,loan_inquiry,original,
Was the last payment made without any errors?,transaction_query,original,
latest purchse—was it necessary??,transaction_query,original,
Was the last action processed properly?,transaction_query,original,
"saw a invoice pdf with bank logo, but scam?",fraud_report,original,
Wot loans help me now?,loan_inquiry,original,
Can you detail the application process for your platinum card?,credit_card_application,original,
"hey, the card you sent me does not work pls help",card_issue,synthetic,card_issue_13
When did my last transaction go down?,transaction_query,original,
"WHY’S THERE A $350 CHARGE TO ""VIP CLUBS""? I’M 65 AND IN BED BY 9!!",fraud_report,original,
"hello, want to create a fresh debit card pin asap",forgot_pin,synthetic,forgot_pin_18
The latest charge—what’s the payee’s name?,transaction_query,original,
I am seeking to apply for a credit card and would like to receive complete application instructions.,credit_card_application,original,
"hi, how to generate a new atm pin",forgot_pin,synthetic,forgot_pin_10
"hey, i wanna know how to start ma credit card applica",credit_card_application,original,
can u check my acc? i’m bad at math,balance_inquiry,original,
Can I get the details for the latest charge’s merchant?,transaction_query,original,
Has the review of my loan application been completed?,loan_inquiry,original,
Please outline any special rates for nonprofit organizations.,loan_inquiry,original,
I would appreciate guidance on whether my profile qualifies for a loan.,loan_inquiry,original,
Would you verify whether I satisfy the criteria for a receivables-financing program?,loan_inquiry,original,
Please send a password reset request to my registered phone number.,password_reset,original,
How can I apply for equipment purchase financing?,loan_inquiry,original,
how much i got left? cries internally,balance_inquiry,original,
rep in chat asked me to enter admin pw,fraud_report,original,
Please provide me with the current update on my loan application process.,loan_inquiry,original,
I am interested in determining if I meet the requirements for a peer-to-peer lending arrangement.,loan_inquiry,original,
Can you verify the monetary reserves in my savings?,balance_inquiry,original,
"um, need a replacement for my faulty card please asisst.",card_issue,synthetic,card_issue_16
The last time my card was used—who was it with?,transaction_query,original,
what’s the process to get credit?,loan_inquiry,original,
will u refi my mortgage?,loan_inquiry,original,
"my password’s wrong, resend reset",password_reset,original,
followin up on my cc application,credit_card_application,original,
Please update me regarding the progress of my loan.,loan_inquiry,original,
"loan offerings, what are they?",loan_inquiry,original,
Could you provide an overview of your credit facilities?,loan_inquiry,original,
my card pin is wrong every time i try any fix?,forgot_pin,synthetic,forgot_pin_17
recent transac? hyperventilates,transaction_query,original,
"help, i need info on credit card application process",credit_card_application,original,
Could you provide the balance of my savings account?,balance_inquiry,original,
Would you please explain the application process for your loan programs?,loan_inquiry,original,
Could you direct me to the official loan application forms and procedures?,loan_inquiry,original,
"yo, what's the proper way 2 apply for a credit card?",credit_card_application,original,
Did the most recent payment go through without issues?,transaction_query,original,
"um, debti card issue: terminal keeps saying try again asap",card_issue,synthetic,card_issue_27
Did the previous payment go through as expected?,transaction_query,original,
I am writing to request the current status of my loan application and any next steps.,loan_inquiry,original,
got a fraud alert—what’s goin on??,fraud_report,original,
No one in my family wrote check #1111.,fraud_report,original,
"hi team, password reset needed",password_reset,original,
please help: i cannot remember my debit card pin,forgot_pin,synthetic,forgot_pin_01
transction deets PLS IM BEGGIN,transaction_query,original,
"hi, debit card stopped responding at the machine what should i do?",card_issue,synthetic,card_issue_21
Kindly furnish the balance for my savings account.,balance_inquiry,original,
"Loans system, plz explain.",loan_inquiry,original,
Could you kindly provide policy details and the steps necessary for a credit card application?,credit_card_application,original,
purchse pls i’m losin my mind,transaction_query,original,
what’s the number? points at account,balance_inquiry,original,
Who’s the business that processed my latest charge?,transaction_query,original,
Please let me know if my application of credit and income qualifies me for any available loans.,loan_inquiry,original,
Could you review my current standings and advise if I qualify for a loan?,loan_inquiry,original,
what’s that charge from “OOPSIE LLC”,transaction_query,original,
am i qlified 4 grad school loan?,loan_inquiry,original,
last transction deets asap!!!,transaction_query,original,
Umm... I think I’ve been hacked? There’s stuff on here I didn’t do.,fraud_report,original,
DID I BUY A PLANET TICKET WHAT,transaction_query,original,
please help: need a replacement for my faulty bank card what should i do?,card_issue,synthetic,card_issue_16
"""I’m literally begging—SAVINGS BALANCE NOW, PLEASE!""",balance_inquiry,original,
THE MAGNETIC STRIP ON MY CREDIT CARD IS SCRATCHED,card_issue,synthetic,card_issue_05
unable to recall my atm pin pls assist.,forgot_pin,synthetic,forgot_pin_13
"link to “verify your device,” should i trust?",fraud_report,original,
"hi, contactless tap is not working on my debit card what should i do?!!",card_issue,synthetic,card_issue_11
can i get approved 4 debt consol?,loan_inquiry,original,
Was the previous transaction successful without issues?,transaction_query,original,
minimum balance to apply?,loan_inquiry,original,
checks clearin from closed acc—how?? Fraud!!,fraud_report,original,
last transction—am i broke yet?,transaction_query,original,
Never made this purchase – y’all trippin.,fraud_report,original,
reset my login. forgot pass.,password_reset,original,
paid “tech support”—they scammed me!!,fraud_report,original,
I request the monetary balance of my savings.,balance_inquiry,original,
"I need assistance ASAP, scammed for real.",fraud_report,original,
"There’s a stop-payment in place, but the check cleared.",fraud_report,original,
how do i submit loan app?,loan_inquiry,original,
urgent: my credit card pin got locked :(,forgot_pin,synthetic,forgot_pin_09
What eligibility criteria must I meet before applying for your credit card?,credit_card_application,original,
why’d my dough get the red X?,transaction_query,original,
why’s my statement full of ??? charges,fraud_report,original,
Can you tell me the date and time for my last purchase?,transaction_query,original,
I’d like to schedule a call to discuss your loan services.,loan_inquiry,original,
May I request information on the current stage of my loan application?,loan_inquiry,original,
Help me review check #5678—it wasn’t mine.,fraud_report,original,
I wish to know if my financial history qualifies me for a loan.,loan_inquiry,original,
Please outline the security measures in place during the online application.,credit_card_application,original,
Something sketchy is going on.,fraud_report,original,
gettin charged 4 nothin,fraud_report,original,
I’ve been conned; plz help ASAP!,fraud_report,original,
Please specify the steps required for a complete loan application.,loan_inquiry,original,
why’d my charge bounce? explain pls,transaction_query,original,
i didnt authorize atm trx,fraud_report,original,
"$300 AT ""BULLSH*T STORES""? I’M ON FOOD STAMPS—WHO’S ROBBING ME??",fraud_report,original,
Kindly inform me of the process for initiating a credit card application.,credit_card_application,original,
How do I apply for emergency relief financing?,loan_inquiry,original,
account balance—yes? no? maybe?,balance_inquiry,original,
"Yo, what’s the timestamp for my last transaction?",transaction_query,original,
will i pass debt consol screening?,loan_inquiry,original,
"hi, send reset my password thingy",password_reset,original,
"WHAT THE HELL IS THIS $900 CHARGE TO ""LUXURY CRUISES""? I AIN’T SAILIN’ ANYWHERE—FIX IT NOW!",fraud_report,original,
"hey, i entered the wrong debit card pin three times and now it is locked",forgot_pin,synthetic,forgot_pin_05
What the hell is this?? I don’t recognize it!,fraud_report,original,
last payment—why’s it declined??,transaction_query,original,
"can’t remember pass, hook me up",password_reset,original,
"$600 AT ""LUXURY SPA""? I CAN’T AFFORD SOAP—CANCEL THIS FRAUD IMMEDIATELY!",fraud_report,original,
"hey, my new card is not activating asap",card_issue,synthetic,card_issue_12
"hey, reset pwd link expired, resend?",password_reset,original,
"Not sure if this is fraud, but something feels off.",fraud_report,original,
I’ve refreshed a million times—SAVINGS BALANCE STAT!,balance_inquiry,original,
Did the last transaction complete without problems?,transaction_query,original,
Please provide the extant savings account total.,balance_inquiry,original,
Did the transaction process smoothly?,transaction_query,original,
"hi, i cannot use my card at any terminal",card_issue,synthetic,card_issue_09
What kinds of financing do you offer?,loan_inquiry,original,
Could you confirm where my most recent payment went?,transaction_query,original,
What is the residual amount in my savings?,balance_inquiry,original,
I see a payee I’ve never heard of on a recent check.,fraud_report,original,
"Yo, was that last payment good to go?",transaction_query,original,
it ain’t me dawg,fraud_report,original,
why’d my payment get declined? idgi,transaction_query,original,
What’s the status of the loan I applied for?,loan_inquiry,original,
someone’s stealin my $$$—DO SOMETHING,fraud_report,original,
Please provide me with information on whether I meet your loan eligibility conditions.,loan_inquiry,original,
chip erorr every time i insert my bank card,card_issue,synthetic,card_issue_17
Kindly send me a reset link to my email address.,password_reset,original,
why’s my card sayin “nah” to my spend?,transaction_query,original,
whats loan sitch?,loan_inquiry,original,
"Last one go thru, or no?",transaction_query,original,
"hi, how can i reactivate my atm pin after it got blocked pls help!!",forgot_pin,synthetic,forgot_pin_28
Could you kindly furnish me with the information necessary for the loan application process?,loan_inquiry,original,
bank site keep rejecting my pass,password_reset,original,
I would like to know if I am eligible for an overdraft protection line.,loan_inquiry,original,
"HELLO, THE CHIP ON MY BANK CARD IS DAMAGED ASAP",card_issue,synthetic,card_issue_02
am i eligble 4 consolidation loan?,loan_inquiry,original,
can i snag a loan with my stats?,loan_inquiry,original,
card acting up. why?,transaction_query,original,
recent spend? checks bank OH GOD,transaction_query,original,
Can you find out the date and time for my last trans?,transaction_query,original,
Was the most recent transaction processed without any trouble?,transaction_query,original,
why’d my funds flop?,transaction_query,original,
what’s the deal with my spend failin?,transaction_query,original,
i entered the wrong credit card pin three times and now it is locked any fix?,forgot_pin,synthetic,forgot_pin_05
my debit card has stopped working since yesterday what should i do?,card_issue,synthetic,card_issue_26
I’m about to call someone else—SAVINGS AMOUNT NOW!,balance_inquiry,original,
May I obtain the current savings account figure?,balance_inquiry,original,
need my checking $ total… u got it?,balance_inquiry,original,
I am interested in your loan offerings and would like to know the application process.,loan_inquiry,original,
"hi, i keep typing the wrong atm pin please assist.",forgot_pin,synthetic,forgot_pin_20
forgot my bank pass—need reset rq!!,password_reset,original,
freeze my acc before it’s empty!!,fraud_report,original,
I request a password reset for my online banking profile.,password_reset,original,
Was the last transaction processed smoothly?,transaction_query,original,
Was the last transaction processed without error?,transaction_query,original,
someone printed phony checks with my details!!,fraud_report,original,
balance pls? cricket noises,balance_inquiry,original,
"put card in atm, got nothing",fraud_report,original,
do i hit da marks 4 a loan?,loan_inquiry,original,
any word on my finance req?,loan_inquiry,original,
"Scam ruined me, bring my $$ back.",fraud_report,original,
total brain fart—need pass reset!!,password_reset,original,
Can you outline your business expansion loan options?,loan_inquiry,original,
what’s that charge i didn’t approve,transaction_query,original,
This transaction seems weird... Did I get charged twice?,fraud_report,original,
What’s the next step for my loan application?,loan_inquiry,original,
I’d like to see the status update for my loan.,loan_inquiry,original,
Can you tell me about your student loan programs?,loan_inquiry,original,
Was the last trans a good one or not?,transaction_query,original,
"Just got scammed, need my cash bak!",fraud_report,original,
Am I eligible to apply for an auto loan at your institution?,loan_inquiry,original,
Did the previous transaction go through without a hitch?,transaction_query,original,
Would you kindly supply the necessary information for applying for a loan?,loan_inquiry,original,
who’s forgeryin my checks? Signature’s all wrong!!,fraud_report,original,
u charged me? im broke,fraud_report,original,
how come my dough got denied?,transaction_query,original,
urgent: i do not remember the atm pin number for my card pls assist.,forgot_pin,synthetic,forgot_pin_08
overdraft again?!,fraud_report,original,
Could you verify whether I qualify for a revolving credit agreement?,loan_inquiry,original,
Did you misplace my money? SAVINGS BALANCE NOW!,balance_inquiry,original,
someone cloned my atm card,fraud_report,original,
can i scan QR to apply?,credit_card_application,original,
Could you check the recipient of my latest charge?,transaction_query,original,
What vendor handled my most recent transaction?,transaction_query,original,
can i get the nod 4 a loan?,loan_inquiry,original,
why’d my moolah get rejected?,transaction_query,original,
"hi, pin change requets pls help",forgot_pin,synthetic,forgot_pin_26
"hey, bank card declined at the shop even though my account is fine",card_issue,synthetic,card_issue_04
this shady af ngl,fraud_report,original,
The last charge on my account—can I get the vendor name?,transaction_query,original,
Was the last transaction completed without any complications?,transaction_query,original,
smh i’m broke af,fraud_report,original,
Stole my cash! Help me recover it pls.,fraud_report,original,
Please assist in resetting my password securely.,password_reset,original,
what personal loan plans?,loan_inquiry,original,
Did the last payment go through successfully?,transaction_query,original,
any ETA on my loan decision?,loan_inquiry,original,
how do i change my card pin pls assist.,forgot_pin,synthetic,forgot_pin_03
PLEASE HELP: CHIP ERROR EVERY TIME I INSERT MY CARD :(,card_issue,synthetic,card_issue_17
sum fishy goin on,fraud_report,original,
i do not remember the pin for my card :(,forgot_pin,synthetic,forgot_pin_08
card said no. why?,transaction_query,original,
i saw this and panicked,fraud_report,original,
happened auto-pay?,fraud_report,original,
Please inform me whether I qualify for an unsecured loan.,loan_inquiry,original,
can i borrow against my home?,loan_inquiry,original,
"comp froze, msg from microsoft-support.co, scam?",fraud_report,original,
WHY AM I BEING CHARGED $200 FOR A SUBSCRIPTION I NEVER SIGNED UP FOR? FIX THIS BULLSH*T!,fraud_report,original,
what’s my latest financial regret,transaction_query,original,
Could you clarify the remaining savings account equity?,balance_inquiry,original,
"hey, is my loan app movin’? upd8 pls.",loan_inquiry,original,
Please enable the password reset functionality for my user account.,password_reset,original,
I’m going to lose it—JUST TELL ME MY SAVINGS!,balance_inquiry,original,
Please provide an overview of the credit card application process at your institution.,credit_card_application,original,
"phone # on screen, says “call now,” yawns",fraud_report,original,
atm skimmer on slot,fraud_report,original,
Please provide me with a one-time password reset link.,password_reset,original,
i forgot my secret Qs too—pls reset pass,password_reset,original,
can i finance my trip?,loan_inquiry,original,
my spend got vibed checked—why?,transaction_query,original,
Do you have the time and date for my last transaction?,transaction_query,original,
hey wut loans can i get?,loan_inquiry,original,
cancel my card and send a new one!!,fraud_report,original,
my pass feels compromised—pls change it,password_reset,original,
"$700 TO ""LUXURY CARS""? I RIDE THE BUS—FIX THIS OR I’M CALLING LAWYERS!!",fraud_report,original,
What's next 2 apply 4 a loan?,loan_inquiry,original,
I am interested in commencing a loan application and would appreciate further details.,loan_inquiry,original,
I need written confirmation of the dispute.,fraud_report,original,
"i'm set 4 a new credit card, how d i get ma appl started?",credit_card_application,original,
what’s the damage? (jk tell me my balance),balance_inquiry,original,
check my latest spend pls hurry,transaction_query,original,
Who processed my most recent payment?,transaction_query,original,
Would it be possible to receive an update on the current standing of my loan application?,loan_inquiry,original,
-15.75 in acnt,fraud_report,original,
"hey, need to know if u need more docs",loan_inquiry,original,
someone phished me—lock my acc RN!!,fraud_report,original,
urgent: my atm card has stopped working since yesterday asap,card_issue,synthetic,card_issue_26
"hey, deets on how to submit a credit card appl, plz.",credit_card_application,original,
"yo, i heard u can appl 4 a credit card online, how d i do it?",credit_card_application,original,
check that transac i just did k,transaction_query,original,
they want my cc info to “security verify”,fraud_report,original,
Was that last payment successful?,transaction_query,original,
Did the last transaction go through?,transaction_query,original,
can i get that travel loan?,loan_inquiry,original,
The last time I spent money—who was the vendor?,transaction_query,original,
reset link send but no email,password_reset,original,
can someone tell me how to step thru a credit card appl?,credit_card_application,original,
"im looking to get a credit card, so how d i appl?",credit_card_application,original,
What company processed my last payment?,transaction_query,original,
latest transction pls i’m dyin,transaction_query,original,
purchse failed. why tho?,transaction_query,original,
What additional steps apply if I wish to add an authorized user?,credit_card_application,original,
"hello, i do not remember the card pin for my card what should i do?",forgot_pin,synthetic,forgot_pin_08
"$600 AT ""FANCY FOODS""? I LIVE ON PB&J—WHO’S COOKING WITH MY MONEY??",fraud_report,original,
Scammed bad by sum sketchy guy—help!,fraud_report,original,
can u hook me up with a card application?,credit_card_application,original,
I require the current valuation of my savings account.,balance_inquiry,original,
why’s my bankroll failin?,transaction_query,original,
Can you get me the date and time of my last payment?,transaction_query,original,
Can you tell me when I made the last transaction and what time?,transaction_query,original,
urgent: need a replacement for my faulty bank card pls help,card_issue,synthetic,card_issue_16
what is the process to reset credit card pin!!,forgot_pin,synthetic,forgot_pin_21
"hi, why is my debit card malfunctioning :(",card_issue,synthetic,card_issue_23
Was the previous transaction without any problems?,transaction_query,original,
what loan varieties here?,loan_inquiry,original,
how come my purchse got the ick?,transaction_query,original,
"Yo, did the last one work as expected?",transaction_query,original,
Was the last transaction all good or no?,transaction_query,original,
"red bal, pls unoverdrft",fraud_report,original,
"hi, im keen 2 start a credit card appl, any steps?",credit_card_application,original,
unauthorized as heck,fraud_report,original,
checked my loan file?,loan_inquiry,original,
I’m sweating bullets—WHAT’S MY SAVINGS BALANCE?!,balance_inquiry,original,
This is beyond frustrating.,fraud_report,original,
Google Pay hacked—pls block my card!!,fraud_report,original,
That check endorsement doesn’t look like mine.,fraud_report,original,
transac went sideways—what’s up?,transaction_query,original,
how’d a stranger cash a check from my stolen book??,fraud_report,original,
I see two checks for the same amount on different dates.,fraud_report,original,
want ur signature card—apply?,credit_card_application,original,
pls reset—my cat stepped on my keyboard,password_reset,original,
"gotta alert just now, not me!",fraud_report,original,
Could you direct me to the relevant resources for initiating a loan application?,loan_inquiry,original,
Can’t believe I gotta deal with this again.,fraud_report,original,
saw suspicious activity—reset pass pls!!,password_reset,original,
Please advise if my income and credit score satisfy your lending requirements.,loan_inquiry,original,
Do you know the time and date for my last payment?,transaction_query,original,
fake checks with my acc info—shut it down!!,fraud_report,original,
"Yo, can you check when I last made a payment?",transaction_query,original,
Someone may have stolen my checks—please block them.,fraud_report,original,
Are you able to share the current status of my loan application?,loan_inquiry,original,
need eq line—how?,loan_inquiry,original,
please gimme loan update,loan_inquiry,original,
Can you confirm whether my loan application has been processed?,loan_inquiry,original,
What is your standard turnaround time for application decisions?,credit_card_application,original,
can i email proofs for cc?,credit_card_application,original,
"unauthorized atm withdrawl, help",fraud_report,original,
What do I need 2 do 4 a loan appl?,loan_inquiry,original,
"hey bank, where’s my loan at?",loan_inquiry,original,
when do i hear bout my loan?,loan_inquiry,original,
Please direct me on how to proceed with the loan application for your services.,loan_inquiry,original,
"hi, the magnetic strip on my card is scratched",card_issue,synthetic,card_issue_05
"i need ma credit card, how do i start ma appl?",credit_card_application,original,
"HEY, ATM PIN CHANGE REQUEST WHAT SHOULD I DO?",forgot_pin,synthetic,forgot_pin_26
"What was the date and time of my last payment, you got that info?",transaction_query,original,
Do you have relationship-based lending programs?,loan_inquiry,original,
I’m seconds from a breakdown—SAVINGS. NOW.,balance_inquiry,original,
Just scam play refund bak CC quickly.,fraud_report,original,
check my last buy PLS IM STRESSED,transaction_query,original,
unathorized purshase here,fraud_report,original,
my card’s bein used for dark web stuff—HELP,fraud_report,original,
I am requesting an immediate password reset.,password_reset,original,
Please tell me how my loan application is advancing.,loan_inquiry,original,
"bank card not accepted online, keeps failign",card_issue,synthetic,card_issue_14
can you help me recover my card pin pls help!!,forgot_pin,synthetic,forgot_pin_15
"$2,000 TO ""ROBBERY INC""? I’M POSTING THIS ON SOCIAL MEDIA—CANCEL IT NOW!!",fraud_report,original,
"urgent: lost my pin, how to get a new one",forgot_pin,synthetic,forgot_pin_07
Would you verify whether I qualify for a debt-consolidation line of credit?,loan_inquiry,original,
weird login attempts—lock my acc!!,fraud_report,original,
why’d my transac get yeeted? explain pls,transaction_query,original,
whatcha offer for borrowing?,loan_inquiry,original,
do i meet ur loan rules?,loan_inquiry,original,
Who’s the recipient of my latest transaction?,transaction_query,original,
did u update my loan status?,loan_inquiry,original,
Please generate a password reset request and send me the link.,password_reset,original,
need 2 reset my login password rn,password_reset,original,
"hello, my card is bent and the machine rejects it",card_issue,synthetic,card_issue_10
why’d my spend bounce? clueless rn,transaction_query,original,
"please help: debit card pin blocked, how can i unblock it",forgot_pin,synthetic,forgot_pin_19
pls tell me my balance i’m in denial...,balance_inquiry,original,
Wot type loans you guys have?,loan_inquiry,original,
weird withdrawls at different atms,fraud_report,original,
last transction? cries in poor,transaction_query,original,
May I request that my qualifications be evaluated for potential loan approval?,loan_inquiry,original,
Is my savings GONE? TELL ME WHAT’S LEFT!,balance_inquiry,original,
Would you confirm my eligibility for a turnkey project loan?,loan_inquiry,original,
"Oh no, I just noticed money missing. I think it’s fraud.",fraud_report,original,
too many charges poppin up,fraud_report,original,
Would you be able to verify if I qualify for an overdraft facility?,loan_inquiry,original,
fake govt check—almost fell for it!!,fraud_report,original,
Can you check when my last trans was done?,transaction_query,original,
May I ask you to confirm my eligibility for a loan under your institution's guidelines?,loan_inquiry,original,
The most recent transaction—what’s the merchant?,transaction_query,original,
wuz wondering if my loan got reviewed,loan_inquiry,original,
"hey, how do i apply 4 a loan?",loan_inquiry,original,
Please let me know if there are any delays in the processing of my loan application.,loan_inquiry,original,
"random site says “tech alert,” my bad?",fraud_report,original,
"yo, need details on how 2 do a credit card appl.",credit_card_application,original,
I need information on your line of credit services.,loan_inquiry,original,
Mind telling me where my latest payment went?,transaction_query,original,
Was the previous payment processed without any errors?,transaction_query,original,
A check was cashed after I reported it missing.,fraud_report,original,
"Yo, this dude wants me to dl remote access, feels sus.",fraud_report,original,
your SMS code ain’t comin—pls fix!!,password_reset,original,
can i get that loan or nah?,loan_inquiry,original,
Who let this payment go through??,fraud_report,original,
can i apply 4 a ccard online?,credit_card_application,original,
what’s up with my card sayin nope?,transaction_query,original,
Was the previous transaction processed without error?,transaction_query,original,
How do I roll out a loan application?,loan_inquiry,original,
Can you provide a checklist of items needed for my credit card application?,credit_card_application,original,
do i check out as a loan candidate?,loan_inquiry,original,
Do you have equipment financing for businesses?,loan_inquiry,original,
"When did my last transaction happen, what time?",transaction_query,original,
"um, why is my atm card malfunctioning asap",card_issue,synthetic,card_issue_23
Did the most recent transaction finalize without any trouble?,transaction_query,original,
last purchse—was it even worth it,transaction_query,original,
"um, i canont use my card at any terminal pls help",card_issue,synthetic,card_issue_09
"Loan u do, tell me.",loan_inquiry,original,
May I know if my loan application is under review?,loan_inquiry,original,
did u get my papers?,loan_inquiry,original,
i ain't authorize this,fraud_report,original,
"yo, any pointers on how to start ma credit card appl?",credit_card_application,original,
"hey, any progress with my loan app, ya heard?",loan_inquiry,original,
why’d my payment get turned down?,transaction_query,original,
why’d y’all freeze my acc? Cuz fraud??,fraud_report,original,
What is the formal procedure to apply for a loan?,loan_inquiry,original,
last payment—why’s it $999 tho,transaction_query,original,
"Yo, do you know the date and time of the last thing I bought?",transaction_query,original,
what financing options are there?,loan_inquiry,original,
"yo, any news on my loan app upd8?",loan_inquiry,original,
"pass reset says error, pls fix",password_reset,original,
how can i reactivate my atm pin number after it got blocked,forgot_pin,synthetic,forgot_pin_28
my recent buy deets NAO,transaction_query,original,
check never arrived—fraudster cashed it!!,fraud_report,original,
"yo, let me know if my loan app’s on the move.",loan_inquiry,original,
"forgot my bank login pw, help!",password_reset,original,
please help: my card is bent and the machine rejects it please assist.,card_issue,synthetic,card_issue_10
"hey, my new atm card is not activating :(",card_issue,synthetic,card_issue_12
Can you tell me when my last purchase went through?,transaction_query,original,
"HELLO, THE CHIP ON MY BANK CARD IS DAMAGED",card_issue,synthetic,card_issue_02
do i have enough credit 4 loan?,loan_inquiry,original,
A check was processed under my account without my consent.,fraud_report,original,
fraud check put into my acc—now it’s overdrawn!!,fraud_report,original,
fake invoice paid—pls get my $$$ back!!,fraud_report,original,
how do i apply via chat?,loan_inquiry,original,
"When exactly was my last payment made, you know?",transaction_query,original,
Please advise on how I may reset my password.,password_reset,original,
can i apply or nah?,loan_inquiry,original,
random Chrome extension asking for perms,fraud_report,original,
these charges r fake af,fraud_report,original,
"What’s up with the last transaction, did it work?",transaction_query,original,
student loan apply—what’s up?,loan_inquiry,original,
Could you please escalate my password reset request?,password_reset,original,
urgent: atm says invalid card when i insert my card,card_issue,synthetic,card_issue_19
"atm camera issue, felt unsafe",fraud_report,original,
"WHY’S THERE A $500 CHARGE TO ""ELITE GADGETS""? I CAN’T PAY RENT!!",fraud_report,original,
I can no longer access my account; please reset my password.,password_reset,original,
"HELLO, HOW TO GENERATE A NEW DEBIT CARD PIN :(",forgot_pin,synthetic,forgot_pin_10
Are there any updates regarding my loan application?,loan_inquiry,original,
dang didn’t know bout fee,fraud_report,original,
Please describe the steps to apply for a bridge-to-permanent loan.,loan_inquiry,original,
"HI, MY NEW CREDIT CARD IS NOT ACTIVATING",card_issue,synthetic,card_issue_12
Would you please advise me on the protocol for applying for a loan?,loan_inquiry,original,
"Can you tell me when I last transacted, like time and date?",transaction_query,original,
"Yo, when exactly was my last transaction?",transaction_query,original,
"$700 TO ""VIP EVENTS""? I WATCH NETFLIX IN PAJAMAS—STOP THIS MADNESS!!",fraud_report,original,
Could you assist me in determining if I qualify for your loan products?,loan_inquiry,original,
Kindly disclose the total amount currently held in my savings.,balance_inquiry,original,
Please confirm the existing savings account amount.,balance_inquiry,original,
Kindly share your bank’s loan product details.,loan_inquiry,original,
Did the last transaction go through correctly?,transaction_query,original,
can i borrow 4 school?,loan_inquiry,original,
Was the transaction successful without any issues?,transaction_query,original,
do i meet refinance reqs?,loan_inquiry,original,
What are the requirements for applying for a secured versus unsecured card?,credit_card_application,original,
who’s scribblin checks from my account? Stolen book!!,fraud_report,original,
peek at my checkin balance pls n thx,balance_inquiry,original,
Lemme kno ur loans plz.,loan_inquiry,original,
Could you verify that my financial criteria align with the standards for loan eligibility?,loan_inquiry,original,
Who received my most recent payment?,transaction_query,original,
WHAT DID I BUY 10 MINUTES AGO,transaction_query,original,
I’m checking in to see how my loan application is progressing.,loan_inquiry,original,
May I inquire if I satisfy the requirements for a capex financing solution?,loan_inquiry,original,
What is the present sum in my savings account?,balance_inquiry,original,
can i get in on this loan deal?,loan_inquiry,original,
sql error keep rejecting my pw lol,password_reset,original,
Could you please advise me on the current status of my loan application and the remaining steps?,loan_inquiry,original,
Did the last payment go through?,transaction_query,original,
This is critical—how much is in my savings account?!,balance_inquiry,original,
I request the monetary total in my savings account.,balance_inquiry,original,
"When did my last transaction happen, got that time?",transaction_query,original,
"i need help with ma credit card appl, any info?",credit_card_application,original,
Was the last payment successful without any problems?,transaction_query,original,
Was the last transaction a yes or a no?,transaction_query,original,
Who’s the business that received my last payment?,transaction_query,original,
someone’s usin my card for Uber—stop it!!,fraud_report,original,
want financing—how apply?,loan_inquiry,original,
how come my purchse got the boot?,transaction_query,original,
atm dispensed cash after i left,fraud_report,original,
I’m over this—JUST TELL ME MY SAVINGS!,balance_inquiry,original,
"$900 AT ""LUXURY BULLSH*T""? I WEAR PAJAMAS TO WALMART—GREAT JOB, BANK!!",fraud_report,original,
"The last payment, did it process okay?",transaction_query,original,
do i got what it takes 4 a loan?,loan_inquiry,original,
"Jus been ripped off, gimme back my money.",fraud_report,original,
whos usin my card ,fraud_report,original,
transac nah. why?,transaction_query,original,
Lemme kno ur loan services.,loan_inquiry,original,
May I learn whether I qualify for a green energy financing program?,loan_inquiry,original,
"um, my atm card stopped working what should i do?",card_issue,synthetic,card_issue_00
this is the 10th time—pls reset!!,password_reset,original,
Was the last payment successful with no problems?,transaction_query,original,
how much dough do i have in the bank,balance_inquiry,original,
"hi, card pin blcoked, how can i unblock it",forgot_pin,synthetic,forgot_pin_19
Did the last transaction complete successfully without error?,transaction_query,original,
how much i got? sweats nervously,balance_inquiry,original,
"my pass got hijacked, reset it",password_reset,original,
"um, debit card issue: terminal keeps saying try again any fix?!!",card_issue,synthetic,card_issue_27
can i chk my loan status?,loan_inquiry,original,
how do i go about applying for cc?,credit_card_application,original,
Was the previous transaction done without trouble?,transaction_query,original,
"My money’s been stolen, pls investigate!",fraud_report,original,
pls send me new password instructions,password_reset,original,
Was the transaction completed without errors?,transaction_query,original,
please help: my atm card wont work abroad,card_issue,synthetic,card_issue_24
"UM, MY CARD PIN GOT LOCKED PLEASE ASSIST.",forgot_pin,synthetic,forgot_pin_09
fake payroll checks—i ain’t employ nobody!!,fraud_report,original,
pass reset link wrong acct,password_reset,original,
How d I get my name in for a loan?,loan_inquiry,original,
What’s the business tied to my latest charge?,transaction_query,original,
your site’s buggin—pls reset my pass!!,password_reset,original,
wut’s the update on my borrow app?,loan_inquiry,original,
how do i file a loan app?,loan_inquiry,original,
weird $$ disappear from atm,fraud_report,original,
can i get a student loan here?,loan_inquiry,original,
Was the last payment made correctly?,transaction_query,original,
latest transction—I NEED ANSWERS,transaction_query,original,
why’s my purchse get block?,transaction_query,original,
I would like to request a password reset via SMS.,password_reset,original,
fake antivirus charged my card—pls help!!,fraud_report,original,
want to waive fee,fraud_report,original,
Can y’all check this? Looks like someone stole my info.,fraud_report,original,
counterfeit checks usin my routing number!!,fraud_report,original,
I’d like an update on the outcome of my loan application.,loan_inquiry,original,
loan decision timeline?,loan_inquiry,original,
"yo, i need a credit card, so how do i go about the appl?",credit_card_application,original,
Could you advise if my credit profile meets your loan standards?,loan_inquiry,original,
am i eligble 4 holiday cash advance?,loan_inquiry,original,
How do I begin da loan application?,loan_inquiry,original,
"portal says reset failed, assist pls",password_reset,original,
CashApp payment to “Unknown”—not me!!,fraud_report,original,
"Can you give me the details of the last trans, like date and time?",transaction_query,original,
my bal’s below zero??,fraud_report,original,
what’s the latest $$$ oopsie,transaction_query,original,
screening update?,loan_inquiry,original,
I need to know your minimum and maximum loan amounts.,loan_inquiry,original,
"um, i dont recall the credit card pin i set any fix?",forgot_pin,synthetic,forgot_pin_14
"$1,000 TO ""LUXURY HOMES""? I LIVE WITH MY MOM—STOP THIS FRAUD!!",fraud_report,original,
Who’s the merchant tied to my latest account activity?,transaction_query,original,
urgent: credit card declined at the shop even though my account is fine :(,card_issue,synthetic,card_issue_04
what’d i buy last night tho??,transaction_query,original,
Please advise on how to properly submit a credit card application.,credit_card_application,original,
my checks got jacked—now there’s $5k missing!!,fraud_report,original,
"CHARGES TO ""DREAM WEDDINGS""? I’M MARRIED TO MY COUCH—REVERSE THIS JOKE!!",fraud_report,original,
neg balance ALERT!,fraud_report,original,
"got email with zip file “please review,” sketch",fraud_report,original,
Did the previous payment finalize successfully?,transaction_query,original,
do i fit ur holiday loan plan?,loan_inquiry,original,
transac fail. why tho?,transaction_query,original,
my atm pin number is wrong eevry time i try :(,forgot_pin,synthetic,forgot_pin_17
May I have information on how to properly submit a loan application?,loan_inquiry,original,
Did the last payment finish successfully?,transaction_query,original,
"Loans 2day, options 2 giv?",loan_inquiry,original,
they asked me for bank details to “refund”,fraud_report,original,
What’s the date and time for the last thing I bought?,transaction_query,original,
That check was drawn on my account but not mine.,fraud_report,original,
how come my bucks got declin?,transaction_query,original,
"atm gave me credit, then withdrew more",fraud_report,original,
Did the last transaction work as expected?,transaction_query,original,
got a credit card I didn’t apply for—scam!!,fraud_report,original,
"hey, is my loan still pendin?",loan_inquiry,original,
dey chargd me again!,fraud_report,original,
I would like to know if I pass your financial criteria for securing a loan.,loan_inquiry,original,
Wot's loan kinds u offer?,loan_inquiry,original,
Was the recent payment successful?,transaction_query,original,
why’s my money not workin? smh,transaction_query,original,
"Fix cash not lost, they scam’d 4 real.",fraud_report,original,
"wanna apply 4 a credit card, what do i do?",credit_card_application,original,
"atm swiper prob, money missing",fraud_report,original,
need to regen my login pass,password_reset,original,
Someone better call me back!,fraud_report,original,
"hey team, sum shady on my acc",fraud_report,original,
I’m interested in finding out if my loan application has moved forward.,loan_inquiry,original,
feelin broke rn,fraud_report,original,
why’s my bread bounce?,transaction_query,original,
Could you kindly confirm whether I fulfill the criteria set for loan applicants?,loan_inquiry,original,
"""Why is this taking so long? Savings balance, NOW!""",balance_inquiry,original,
why u let me go neg?,fraud_report,original,
urgent: need a replacement for my faulty card,card_issue,synthetic,card_issue_16
"CHARGES AT 3 AM?? I WAS ASLEEP—FRAUD DEPARTMENT, WAKE THE HELL UP!!",fraud_report,original,
Was the last one handled alright?,transaction_query,original,
idk how but my card’s compromised,fraud_report,original,
urgent neg balance,fraud_report,original,
Please investigate a suspicious check entry on my statement.,fraud_report,original,
I didn’t buy this. FIX IT.,fraud_report,original,
Who was the recipient for my latest payment?,transaction_query,original,
Are you serious right now? SAVINGS BALANCE IMMEDIATELY!,balance_inquiry,original,
card’s missin and now weird charges—help!!,fraud_report,original,
my wallet got stolen—pls cancel my card NOW,fraud_report,original,
cash got blocked—why?,transaction_query,original,
yo need help fraud stuff,fraud_report,original,
I would like to reset my password due to security concerns.,password_reset,original,
I am following up to check on the status of my loan application.,loan_inquiry,original,
any pre-qual update on loan?,loan_inquiry,original,
got scammed on WhatsApp—pls reverse!!,fraud_report,original,
why’s my card on strike? declined,transaction_query,original,
"um, card declined at the shop even though my account is fine please assist.!!",card_issue,synthetic,card_issue_04
fr who da hell did dis,fraud_report,original,
why’d my transac get declined? spill,transaction_query,original,
Can you tell me when I made my last purchase?,transaction_query,original,
wut’s the wait time 4 cc app?,credit_card_application,original,
payment bounced like a TikTok trend—why?,transaction_query,original,
WHAT DID I BUY DURING MY BINGE,transaction_query,original,
What are the minimum credit requirements to apply for a loan?,loan_inquiry,original,
urgent: my bank card stopped working,card_issue,synthetic,card_issue_00
Who’s the business that took my payment last?,transaction_query,original,
i aint got cash lol,fraud_report,original,
Would you be able to outline your loan application process in detail?,loan_inquiry,original,
Please furnish me with the instructions for a successful credit card application.,credit_card_application,original,
am i a go 4 loan gettin'?,loan_inquiry,original,
Could you please outline the procedure to apply for one of your credit cards?,credit_card_application,original,
Please describe your secured loan solutions.,loan_inquiry,original,
why’s a stranger’s check in my acc activity??,fraud_report,original,
they want my entire file tree via screen share,fraud_report,original,
"pw reset link not arriving, pls fix",password_reset,original,
I would be grateful for instructions regarding the submission of a loan application.,loan_inquiry,original,
my password’s gone—how 2 make new one??,password_reset,original,
who’s editin my checks? Amounts don’t match!!,fraud_report,original,
can i snag a loan right now?,loan_inquiry,original,
"hey, any clue where my loan app stands?",loan_inquiry,original,
got a phishing text—need new pass!!,password_reset,original,
Was that last transaction all set?,transaction_query,original,
"hey, can ya tell me if my loan app’s makin progress?",loan_inquiry,original,
Was the last one processed fine?,transaction_query,original,
"Last one, no issues, right?",transaction_query,original,
Please lock my account. I think there has been fraudulent activity.,fraud_report,original,
Was the last transaction completed successfully?,transaction_query,original,
unable to recall my debit card pin any fix?,forgot_pin,synthetic,forgot_pin_13
DID I PAY FOR A SUBSCRIPTION AGAIN,transaction_query,original,
The last charge—can you confirm the merchant?,transaction_query,original,
why’d they block my purchse? confused af,transaction_query,original,
why’d I trust that pop-up?? Fraud charges!!,fraud_report,original,
Can you outline the process for hardship loan applications?,loan_inquiry,original,
overdraft charges r dumb,fraud_report,original,
please help: i forgot the secret number for my card what should i do?,forgot_pin,synthetic,forgot_pin_29
how’d dey get in!?,fraud_report,original,
got any news on my loan app?,loan_inquiry,original,
transacshun? hyperventilates in debt,transaction_query,original,
Was the last transaction completed as expected?,transaction_query,original,
Can you please provide clarity on how to apply for a loan?,loan_inquiry,original,
card must be jacked,fraud_report,original,
Was the last trans smooth sailing or nah?,transaction_query,original,
"yo, what r da latest on ma loan app?",loan_inquiry,original,
how far is my loan along?,loan_inquiry,original,
Can you confirm receipt of my application materials?,credit_card_application,original,
tell me my balance i’m too scared 2 look,balance_inquiry,original,
am i flagged as eligible 4 a loan?,loan_inquiry,original,
"help, acct negative",fraud_report,original,
Wot loans suited to biz?,loan_inquiry,original,
am i good to borrow money?,loan_inquiry,original,
Was the last transaction without any issues?,transaction_query,original,
Loans schemes u hav?,loan_inquiry,original,
Can you find out the time of my last trans action?,transaction_query,original,
Would you please provide a brief update on the current status of my loan application?,loan_inquiry,original,
"yo, any upd8 on dat loan app i got in?",loan_inquiry,original,
Are you kidding me?! Who authorized this?,fraud_report,original,
bro fee is too high,fraud_report,original,
I would like to request assistance in resetting my online banking password.,password_reset,original,
"Last one, was it a green light or a red light?",transaction_query,original,
why’s my recent charge not workin?,transaction_query,original,
Did the last trans process right?,transaction_query,original,
checks with my acc number but wrong name—fraud!!,fraud_report,original,
"WHO THE HELL IS ""GLOBAL DELIVERY""? I DIDN’T ORDER ANYTHING—SCAMMERS!!",fraud_report,original,
i dont recall the atm pin i set,forgot_pin,synthetic,forgot_pin_14
"When exactly was my last payment made, you know the time?",transaction_query,original,
why’s my paper gettin rejected?,transaction_query,original,
why’s my card declinin stuff? idk,transaction_query,original,
what loan programs u have?,loan_inquiry,original,
i got this OD warning,fraud_report,original,
do i check off da loan points?,loan_inquiry,original,
please help: debit card issue: terminal keeps saying try aagin any fix?,card_issue,synthetic,card_issue_27
can i get overdraft protection loan?,loan_inquiry,original,
I suspect a check was duplicated and cashed twice.,fraud_report,original,
Could you kindly confirm the available methods for applying for a credit card?,credit_card_application,original,
"forgot the atm pin number, what now",forgot_pin,synthetic,forgot_pin_11
$200 in Canada—didn’t travel there!!,fraud_report,original,
What time did my last trans go through?,transaction_query,original,
app says “suspicious activity”—pls help!!,fraud_report,original,
Are you TRYING to give me a heart attack? SAVINGS TOTAL!,balance_inquiry,original,
How can I apply for a customs bond financing facility?,loan_inquiry,original,
why’s my purchse in timeout?,transaction_query,original,
Who’s the merchant for my latest payment?,transaction_query,original,
Can you direct me to the appropriate department for assistance with a loan application?,loan_inquiry,original,
checks i didn’t send are bouncin—acc’s a mess!!,fraud_report,original,
"atm error, card swallowed",fraud_report,original,
where’s the dang password reset button??,password_reset,original,
am i eligble 4 study loan?,loan_inquiry,original,
sum1 stole my stuff :(,fraud_report,original,
"Heyy, can u tell me ur loans?",loan_inquiry,original,
why’s my card declined? Cuz fraud charges??,fraud_report,original,
What lending solutions are available for individuals?,loan_inquiry,original,
I am interested in receiving clear instructions on how to apply for a loan.,loan_inquiry,original,
Did the last transaction finalize properly?,transaction_query,original,
will u lend me money?,loan_inquiry,original,
uh oh my acnt’s in the red,fraud_report,original,
What loans shud I kno abt?,loan_inquiry,original,
I’m about to explode—HOW MUCH IS IN SAVINGS?!,balance_inquiry,original,
Wtf is this? I’m losing money for no reason.,fraud_report,original,
Could you please outline if my financial profile qualifies me as a loan candidate?,loan_inquiry,original,
am i rollin in da right creds 4 a loan?,loan_inquiry,original,
wait who dis seller??,fraud_report,original,
What car-lease financing is available?,loan_inquiry,original,
check theft from my porch—fraud!!,fraud_report,original,
Could you advise on selecting the right loan based on my needs?,loan_inquiry,original,
Can you confirm that I meet the necessary prerequisites for a loan application?,loan_inquiry,original,
urgent: i forgot the secret number for my card,forgot_pin,synthetic,forgot_pin_29
pls advise loan kinds,loan_inquiry,original,
password reset check spam folder,password_reset,original,
Loans packages available?,loan_inquiry,original,
"um, credit card issue: terminal keeps saying try again",card_issue,synthetic,card_issue_27
fake charity check—almost got me!!,fraud_report,original,
Kindly guide me through the password reset procedure.,password_reset,original,
Did the last one process alright?,transaction_query,original,
Loan plz sent detailed?,loan_inquiry,original,
transction history—last one pls,transaction_query,original,
Can you give me the time and date for my most recent trans?,transaction_query,original,
Was the most recent transaction finished successfully?,transaction_query,original,
Why haven’t you told me my savings balance yet?!,balance_inquiry,original,
I request a summary of the funds in my savings.,balance_inquiry,original,
May I schedule an appointment to discuss credit card options?,credit_card_application,original,
Can you provide detailed steps on how to begin a loan application?,loan_inquiry,original,
Kindly furnish me with my savings account balance.,balance_inquiry,original,
transac INFO PLS PLS PLS PLS,transaction_query,original,
I would like to report a fraudulent transaction on my account.,fraud_report,original,
Could you inform me if my loan application has been finalized?,loan_inquiry,original,
can i apply in branch? how?,loan_inquiry,original,
"yo, i’m tryna get an upd8 on my loan app, k?",loan_inquiry,original,
how come my charge ain’t workin?,transaction_query,original,
do i qlify 4 vacation loan?,loan_inquiry,original,
Loan time: how do I get ma appl done?,loan_inquiry,original,
recent spend pls i’m losin it,transaction_query,original,
Who charged me at 2AM?! I was sleeping!!,fraud_report,original,
please help: i dont recall the credit card pin i set pls help,forgot_pin,synthetic,forgot_pin_14
"Hey, ur loan kinds, plz.",loan_inquiry,original,
please help: what is the process to reset card pin what should i do?,forgot_pin,synthetic,forgot_pin_21
HELP MY MONEY’S GONE!!,fraud_report,original,
What vendor handled my last payment?,transaction_query,original,
I’d like to compare your credit facilities for small businesses.,loan_inquiry,original,
need help finishing cc application,credit_card_application,original,
urgent: how can i reactivate my debit card pin after it got blocked please assist.,forgot_pin,synthetic,forgot_pin_28
Did that last thing go through without a problem?,transaction_query,original,
"um, my card got stuck in the atm machine",card_issue,synthetic,card_issue_03
do i fit the small biz loan plan?,loan_inquiry,original,
I would appreciate confirmation of my eligibility for a franchise financing loan.,loan_inquiry,original,
how much i got? inquiring minds need 2 know,balance_inquiry,original,
Did the recent transaction go through as expected?,transaction_query,original,
Was the last transaction completed without trouble?,transaction_query,original,
"“We detected malware,” a popup from website",fraud_report,original,
plaese help: i keep typing the wrong atm pin,forgot_pin,synthetic,forgot_pin_20
Could you kindly provide instructions for applying for your loan products?,loan_inquiry,original,
why’d my charge get left on read?,transaction_query,original,
don’t kno dis company,fraud_report,original,
atm hacked or smth,fraud_report,original,
why’d my charge go kaput?,transaction_query,original,
"hello, i forgot the secret number for my card",forgot_pin,synthetic,forgot_pin_29
Did the last trans go through without issues?,transaction_query,original,
"got a Teams invite from stranger, odd",fraud_report,original,
why’s my acc showin logins from Russia??,fraud_report,original,
what’s the beef with my payment?,transaction_query,original,
"hey, i keep typing the wrong atm pin number",forgot_pin,synthetic,forgot_pin_20
WHAT DID I SPEND MY SAVINGS ON,transaction_query,original,
I would like to inquire about the best method to apply for a credit card at your institution.,credit_card_application,original,
Loans u providing rite now?,loan_inquiry,original,
I need to dispute a check that posted today.,fraud_report,original,
"i wanna get a credit card, so how do i apply?",credit_card_application,original,
Who was the vendor for my most recent payment?,transaction_query,original,
Can you let me know the status of my loan application?,loan_inquiry,original,
I would appreciate receiving a detailed explanation of how to initiate the credit card application process.,credit_card_application,original,
"password stuck, wanna change it",password_reset,original,
"hey, what's the proper route 2 apply for a credit card?",credit_card_application,original,
Can you confirm the signature on check #3456?,fraud_report,original,
someone’s usin my name for loans—pls help,fraud_report,original,
"When did my last transaction happen, you know?",transaction_query,original,
Take this off my statement immediately.,fraud_report,original,
I require a password change; kindly assist.,password_reset,original,
May I inquire if I satisfy the eligibility requirements for a dealer floor-plan loan?,loan_inquiry,original,
I’m losing my mind—SAVINGS BALANCE IMMEDIATELY!,balance_inquiry,original,
they asked me to run unsafe .exe file,fraud_report,original,
Would you kindly review my financial status and advise me on my loan eligibility?,loan_inquiry,original,
Can you outline the steps to apply for an agricultural equipment lease?,loan_inquiry,original,
do i have right profile 4 auto loan?,loan_inquiry,original,
check my transac now pls pls pls,transaction_query,original,
this charge is not mine bro,fraud_report,original,
How d I start wrappin up a loan application?,loan_inquiry,original,
think im cleared 4 a loan?,loan_inquiry,original,
is my checking acc alive? spill the tea,balance_inquiry,original,
am i qualified in da loan sense?,loan_inquiry,original,
they asked my bank login on Zoom smh,fraud_report,original,
Please share the savings account balance when convenient.,balance_inquiry,original,
credit card pin reset please please assist.,forgot_pin,synthetic,forgot_pin_06
last transac—did i get scammed??,transaction_query,original,
Who’s the recipient of my latest account activity?,transaction_query,original,
"yo, can u set me up with the credit card appl process?",credit_card_application,original,
How do I set up a loan app?,loan_inquiry,original,
Got duped totally—fix me $$ ASAP!,fraud_report,original,
new pass needed. thx.,password_reset,original,
WHAT DID I BUY DURING MY NAP,transaction_query,original,
Lost funds 2 scam! Urgent assistance needed!,fraud_report,original,
"got a text sayin “your device is at risk,” legit?",fraud_report,original,
atm forced eject but no cash,fraud_report,original,
"""HOW MUCH IS IN THERE? I NEED IT NOW, NOT LATER!""",balance_inquiry,original,
my memory’s trash—pls reset my passwrd,password_reset,original,
I am interested in learning whether I meet your loan qualification standards; could you assist?,loan_inquiry,original,
"atm swipe, then acct drained",fraud_report,original,
Nvr thought scammed—need cash recoverd!,fraud_report,original,
"yo, any deets on my loan app stat?",loan_inquiry,original,
"yo, any progress on my loan app yet?",loan_inquiry,original,
am i eligble 4 home equity?,loan_inquiry,original,
Could you confirm whether I qualify for a syndicated loan facility?,loan_inquiry,original,
yo what loan options do y’all have?,loan_inquiry,original,
"bro they called me 3 times about virus, weird",fraud_report,original,
Loans listed w/ benefits?,loan_inquiry,original,
"hey, check ma loan app status, k?",loan_inquiry,original,
recent transac pls i’m beggin u,transaction_query,original,
"Got a random call “MS Support” sayin my comp’s infected, is that real?",fraud_report,original,
Was the last payment a win or fail?,transaction_query,original,
R ur loans customized?,loan_inquiry,original,
"hello, pin blocked, how can i unblock it any fix?",forgot_pin,synthetic,forgot_pin_19
dis hella wrong,fraud_report,original,
i even forgot my mom’s maiden name—reset!,password_reset,original,
refund or ima flip,fraud_report,original,
"credit card not accepted online, keeps failing what should i do?",card_issue,synthetic,card_issue_14
The most recent transaction—could you name the merchant?,transaction_query,original,
charge from “WHYTHO CORP”—EXPLAIN,transaction_query,original,
This is ridiculous—JUST GIVE ME MY SAVINGS AMOUNT!,balance_inquiry,original,
Could you please review my credit and income details to see if I qualify for a loan?,loan_inquiry,original,
did i pass prequal or nah?,loan_inquiry,original,
Who’s listed as the payee for my latest charge?,transaction_query,original,
wanna know if i qualify 4 a loan,loan_inquiry,original,
"um, contactless tap is not working on my debit card pls help",card_issue,synthetic,card_issue_11
I am seeking essential details regarding the loan application procedure.,loan_inquiry,original,
I would like to know if I am eligible for a fixed-rate mortgage.,loan_inquiry,original,
Can you tell me the date and time of the last time I transacted?,transaction_query,original,
need to stop dis thief,fraud_report,original,
atm fraud raid,fraud_report,original,
my balance hit ODSM,fraud_report,original,
why’s my address changed on file? Not me!,fraud_report,original,
WHAT DID I BUY FROM “SPACE EMU”,transaction_query,original,
"yo, tell me sumthin bout my loan app status.",loan_inquiry,original,
Is there any update on the review of my loan application?,loan_inquiry,original,
yall let this happen?!,fraud_report,original,
last payment—why’s it pending??,transaction_query,original,
"CHARGES TO ""PREMIUM PETS""? MY HAMSTER’S A SKELETON—WHO’S SPENDING??",fraud_report,original,
"Can you tell me when I made the last transaction, time and date?",transaction_query,original,
"hi, chip error every time i insert my card",card_issue,synthetic,card_issue_17
Can you confirm the merchant for my last purchase?,transaction_query,original,
please help: my atm pin number is wrong every time i try any fix?!!,forgot_pin,synthetic,forgot_pin_17
wtf overdraft fee,fraud_report,original,
Can you share any recent updates regarding the status of my loan application?,loan_inquiry,original,
Who’s the vendor for my most recent purchase?,transaction_query,original,
recent buy? panic attack incoming,transaction_query,original,
balance pls! avoids responsibility,balance_inquiry,original,
What is the present financial status of my savings?,balance_inquiry,original,
"hello, need a replacement for my faulty atm card!!",card_issue,synthetic,card_issue_16
I’ve asked three times—WHAT’S MY SAVINGS TOTAL?,balance_inquiry,original,
"hey, whats up with applying for a credit card?",credit_card_application,original,
Do you know the name of the place I spent money at most recently?,transaction_query,original,
need info on ur loan types,loan_inquiry,original,
I’d like confirmation that my loan application is in process.,loan_inquiry,original,
dang charged OD fee,fraud_report,original,
will u approve travel loan?,loan_inquiry,original,
"What was the time of my last transaction, you know?",transaction_query,original,
fix it before more charges plz,fraud_report,original,
gas station charged me 10 times—scam!!,fraud_report,original,
your reset process is trash—just fix it!!,password_reset,original,
What are the specific requirements for applying for a loan?,loan_inquiry,original,
Facebook Marketplace charge—never got item!!,fraud_report,original,
chip error evrey time i insert my credit card what should i do?,card_issue,synthetic,card_issue_17
my debit card stoppde working what should i do?,card_issue,synthetic,card_issue_00
"Scam happnd, plz get my money back.",fraud_report,original,
someone skimmed my card at the atm,fraud_report,original,
Check the damn location. I’m not even in that city!,fraud_report,original,
Was the last payment processed smoothly?,transaction_query,original,
Could you tell me the payee for my last spend?,transaction_query,original,
can’t sign in. reset pls.,password_reset,original,
Did the most recent transaction work as expected?,transaction_query,original,
"UM, I DO NOT REMEMBER THE DEBIT CARD PIN FOR MY CARD",forgot_pin,synthetic,forgot_pin_08
"WHY’S MY CARD USED AT ""VIP NIGHTS""? I’M IN BED BY 8—FRAUD ALERT!!!",fraud_report,original,
Could you detail any income verification needed for credit card approval?,credit_card_application,original,
"um, the magnetic strip on my debit card is scratched pls help",card_issue,synthetic,card_issue_05
Did the most recent transaction go through without any issues?,transaction_query,original,
payment said “bye Felicia”—why tho?,transaction_query,original,
why’s a check i didn’t write deposited into my acc??,fraud_report,original,
"Yo, was that last one successful or a fail?",transaction_query,original,
Please share the essential steps required to begin a loan application.,loan_inquiry,original,
"shooting for a loan, what types?",loan_inquiry,original,
"ATM ate my card, money gone ",fraud_report,original,
Please provide instructions for password recovery.,password_reset,original,
Take action—scammer ruined my finances!,fraud_report,original,
Did the previous transaction proceed without any issues?,transaction_query,original,
Was the transaction completed successfully without any trouble?,transaction_query,original,
password reset needed ASAP.,password_reset,original,
last transac—need 2 dispute it,transaction_query,original,
smh overdraft af,fraud_report,original,
Do I need to file a complaint? SAVINGS BALANCE NOW!,balance_inquiry,original,
"$750 AT ""FITNESS FREAKS""? I’M IN A WHEELCHAIR—WHO’S SCAMMING ME??",fraud_report,original,
"$900 AT ""DESIGNER BAGS""? I USE GROCERY TOTES—FRAUD ALERT!!!",fraud_report,original,
credit card declined at the shop even though my account is fine,card_issue,synthetic,card_issue_04
whats the link 2 apply?,loan_inquiry,original,
i wanna know what's up with the credit card application process.,credit_card_application,original,
Please inform me whether I qualify for a paycheck-alternative loan.,loan_inquiry,original,
i forgot the secret number for my card asap!!,forgot_pin,synthetic,forgot_pin_29
The last time I used my card—what’s the vendor?,transaction_query,original,
urgen:t how to generate a new card pin please assist.,forgot_pin,synthetic,forgot_pin_10
Could you advise if I may apply by telephone call?,credit_card_application,original,
"um, i forgot my edbit card pin any fix?",forgot_pin,synthetic,forgot_pin_00
Has my loan been approved or declined yet?,loan_inquiry,original,
Do you offer a pre-qualification check before submitting my formal application?,credit_card_application,original,
what’s my last dumb financial move,transaction_query,original,
what’s ur borrowing catalog?,loan_inquiry,original,
"That last one, successful or nah?",transaction_query,original,
Can you tell me the time of my last transaction?,transaction_query,original,
this whole thing off,fraud_report,original,
Please advise on the steps required to complete a credit card application.,credit_card_application,original,
How do I process loan apply?,loan_inquiry,original,
"hey, change my pass ty",password_reset,original,
Kindly facilitate a password reset for my account.,password_reset,original,
I’m not patient—SAVINGS BALANCE THIS INSTANT!,balance_inquiry,original,
password link not valid anymore,password_reset,original,
my card’s on the dark web—pls replace!!,fraud_report,original,
What's da cheat code 2 apply 4 a loan?,loan_inquiry,original,
"lost my password details, reset?",password_reset,original,
Kindly relay the balance of my savings reserves.,balance_inquiry,original,
can i open LOC w/my score?,loan_inquiry,original,
my atm card is bent and the machine rejects it please asisst.,card_issue,synthetic,card_issue_10
What’s the company attached to my latest transaction?,transaction_query,original,
I am interested in determining whether I meet the criteria for a leveraged buy-out loan.,loan_inquiry,original,
Do you offer healthcare professional loans?,loan_inquiry,original,
Can you provide the status of the loan application under my name?,loan_inquiry,original,
What loan service u got?,loan_inquiry,original,
i never signed 4 dis,fraud_report,original,
what’s my acc at? nervous giggle,balance_inquiry,original,
-8.50 balance rn,fraud_report,original,
anything missing on my loan app?,loan_inquiry,original,
my transac failed—any reason why?,transaction_query,original,
"account asks for reset, no email",password_reset,original,
why’d my coins get rejected?,transaction_query,original,
need 2 know my recent charge thx,transaction_query,original,
"Need a loan, how do I get in on it?",loan_inquiry,original,
how come my greens got blocked?,transaction_query,original,
urgent: how do i change my credit card pin any fix?,forgot_pin,synthetic,forgot_pin_03
I would appreciate it if you could explain how I can begin a loan application.,loan_inquiry,original,
"hi, what is the process to reset atm pin any fix?",forgot_pin,synthetic,forgot_pin_21
Can you confirm the receipt and status of my loan application?,loan_inquiry,original,
Could you please update me on the progress of my loan file?,loan_inquiry,original,
What steps are involved in applying for an import/export loan?,loan_inquiry,original,
Could you send me a list of your loan types?,loan_inquiry,original,
"Refund my cash, I got played!",fraud_report,original,
passw0rd not wrking—pls fix!!,password_reset,original,
Any biz loans w/ u?,loan_inquiry,original,
do i pass muster 4 a loan?,loan_inquiry,original,
can i email my loan app?,loan_inquiry,original,
i need update on loan,loan_inquiry,original,
fraud dept called—charges are REAL!!,fraud_report,original,
where do i start for a cc app?,credit_card_application,original,
who’s creatin counterfeit checks with my name??,fraud_report,original,
"any update on ma loan app, bro?",loan_inquiry,original,
payment rejected. reason?,transaction_query,original,
"hi, debit card pin reset please",forgot_pin,synthetic,forgot_pin_06
What collateral requirements do you have for secured loans?,loan_inquiry,original,
Was the last payment completed without any problems?,transaction_query,original,
I would appreciate assistance in understanding the credit card application process.,credit_card_application,original,
I’d like details on your first-time homebuyer loan program.,loan_inquiry,original,
I am writing to inquire about the process for submitting a loan application.,loan_inquiry,original,
"CHARGES TO ""MYSTERY CHARITY""? I DON’T DONATE—WHO’S STEALING MY CARD??",fraud_report,original,
why’s my transac stuck in limbo?,transaction_query,original,
what loan stuff u provide?,loan_inquiry,original,
"The last payment, that a yes or no?",transaction_query,original,
nah bruh sum ain’t right,fraud_report,original,
why’d they say no to my payment?,transaction_query,original,
Is this a test? SAVINGS ACCOUNT AMOUNT IMMEDIATELY!,balance_inquiry,original,
u got a sec to chk loan?,loan_inquiry,original,
"hey, i wanna apply 4 a credit card, how?",credit_card_application,original,
I’m wondering if there’s any change in my loan application status.,loan_inquiry,original,
what’s my checking lookin like? sweats,balance_inquiry,original,
"atm was off network, no idea",fraud_report,original,
EMERGENCY—FRAUD CHARGES!!,fraud_report,original,
"guy offered to fix wifi for $50, scam?",fraud_report,original,
Do you offer equipment leasing versus purchasing loans?,loan_inquiry,original,
Check the IP or something – this wasn’t me!,fraud_report,original,
"WHO’S ""FASHION EMPIRE""? I SHOP AT DOLLAR TREE—STOP THEFT NOW!!",fraud_report,original,
why’d my card say nooo?,transaction_query,original,
Please let me know if I am eligible for a short-term working capital loan.,loan_inquiry,original,
How do I go abt gettin a loan?,loan_inquiry,original,
PLEASE HELP: MY ATM CARD IS BENT AND THE MACHINE REJECTS IT PLS HELP,card_issue,synthetic,card_issue_10
"yo, can ya update me on my loan app stat?",loan_inquiry,original,
Who’s listed as the merchant for my last payment?,transaction_query,original,
Was the last transaction processed without errors?,transaction_query,original,
Can you elaborate on the steps I need to follow to apply for a loan?,loan_inquiry,original,
what home loan options?,loan_inquiry,original,
i need ta check how much mony i have thx,balance_inquiry,original,
DID I PAY FOR SOMETHIN TWICE,transaction_query,original,
"Can I initiate a loan application by phone, and if so, what number should I call?",loan_inquiry,original,
"hello, can you help me recover my debit card pin",forgot_pin,synthetic,forgot_pin_15
think i got loan competence?,loan_inquiry,original,
machine glitch stole $$,fraud_report,original,
why’d my purchse get reject?,transaction_query,original,
Was that last one good to go?,transaction_query,original,
Was the transaction finalized without any issues?,transaction_query,original,
Did the last transaction go as planned?,transaction_query,original,
Could you please provide a detailed explanation of the necessary steps for a loan application?,loan_inquiry,original,
Please review my financial information and confirm whether I meet the necessary criteria for loan consideration.,loan_inquiry,original,
please help: my new credit card is not activating what hsould i do?,card_issue,synthetic,card_issue_12
how much i got? insert nervous laugh,balance_inquiry,original,
Would you confirm if I qualify for a holiday or vacation advance?,loan_inquiry,original,
can u shoot me a pw reset?,password_reset,original,
How do I apply for a non-profit organization loan?,loan_inquiry,original,
"yo, pw reset email got lost",password_reset,original,
URGENT: I CANNOT REMEMBER MY ATM PIN NUMBER :(,forgot_pin,synthetic,forgot_pin_01
i entered the wrong atm pin number three times and now it is locked please assist.,forgot_pin,synthetic,forgot_pin_05
that aint a valid purchase,fraud_report,original,
urgent: the chip on my card is damaged :(,card_issue,synthetic,card_issue_02
What kind of security y’all even got?!,fraud_report,original,
Was the transaction successful without complications?,transaction_query,original,
Please inform me whether I meet the conditions for a vacation-rental mortgage.,loan_inquiry,original,
The latest payment—what’s the business name?,transaction_query,original,
Could you please analyze my financial profile to determine if I qualify for a loan?,loan_inquiry,original,
atm fraud alerts blowing up,fraud_report,original,
my check was washed—payee & amount changed!!,fraud_report,original,
This is unacceptable customer service.,fraud_report,original,
"um, my credit card pin got locked",forgot_pin,synthetic,forgot_pin_09
Please confirm the balance of my savings account.,balance_inquiry,original,
May I be informed of any promotional rates available for new applicants?,credit_card_application,original,
"“we detected unusual activity” msg on PC, no idea",fraud_report,original,
Please provide clarification on the current phase of my loan application.,loan_inquiry,original,
do i got da loan look?,loan_inquiry,original,
phone number not recognized—cant reset!!,password_reset,original,
"hey bank, send me a new password link",password_reset,original,
think i got loan vibes goin on?,loan_inquiry,original,
what’s the last dumb purchase i made,transaction_query,original,
why’s there a charge from Dubai?? Scam!!,fraud_report,original,
Can u hook me up with how 2 do my loan appl?,loan_inquiry,original,
i smell scam ,fraud_report,original,
how do i get a loan?,loan_inquiry,original,
do i fit ur student lending?,loan_inquiry,original,
"Some guy on phone said my antivirus expired, then asked 4 CC#",fraud_report,original,
any news from loan dept?,loan_inquiry,original,
Please advise on how to activate my credit card upon receipt.,credit_card_application,original,
I did not make a recent transaction listed – please investigate.,fraud_report,original,
transacshun failed—y tho?,transaction_query,original,
Can you give me the exact time and date of my last payment?,transaction_query,original,
Was the transaction completed correctly?,transaction_query,original,
"hey, what is the process to reset debit card pin asap",forgot_pin,synthetic,forgot_pin_21
"cant login, pass sucks now",password_reset,original,
"CHARGES TO ""CRYPTO QUEEN""? I DON’T TRUST BITCOIN—WHO’S ROBBING ME??",fraud_report,original,
Can u show ur loans?,loan_inquiry,original,
"hey, is my loan thru?",loan_inquiry,original,
Can you explain how to apply for a secured credit card product?,credit_card_application,original,
"Scammed fr, want my $$ back asap.",fraud_report,original,
"CHARGES TO ""MYSTERY CHARITY""? I’M ON FOOD STAMPS—WHO’S STEALING??",fraud_report,original,
your system’s glitchin—reset my pass!!,password_reset,original,
my bank acc acting weird,fraud_report,original,
"um, lost my debit card pin, how to get a new one asap",forgot_pin,synthetic,forgot_pin_07
U got home loans n stuff?,loan_inquiry,original,
Was the last transaction fine?,transaction_query,original,
why’s my check cashed for way more than I wrote??,fraud_report,original,
"um, how can i reactivate my debit card pin after it got blocked",forgot_pin,synthetic,forgot_pin_28
this app bugging or fraud?,fraud_report,original,
someone’s chemically washin my checks—scam!!,fraud_report,original,
Please conduct a secure password reset for my account.,password_reset,original,
I would like to know the balance of my savings.,balance_inquiry,original,
Can you provide details on your graduates’ loan forgiveness plans?,loan_inquiry,original,
what’s the last dumb thing i spent on,transaction_query,original,
how’d my transac get declin? confused,transaction_query,original,
"yo, can u tell me what reps u have for credit card appl?",credit_card_application,original,
Pretty sure someone else is using my card,fraud_report,original,
wanna know about auto loans,loan_inquiry,original,
"Wtf is “securityalert@bank.com” email, should I click it?",fraud_report,original,
What steps do I follow to submit an application for an amortizing loan?,loan_inquiry,original,
How do I apply 4 a loan?,loan_inquiry,original,
"urgent: forgot the atm pin, what now",forgot_pin,synthetic,forgot_pin_11
why’s my check lookin like it’s been bleached??,fraud_report,original,
"hello, my debit card has stopped working since yesterday what should i do?!!",card_issue,synthetic,card_issue_26
"hi, my card pin is wrong every time i try any fix?",forgot_pin,synthetic,forgot_pin_17
May I have confirmation of the current stage in the processing of my loan application?,loan_inquiry,original,
What’s available for debt-management loans?,loan_inquiry,original,
card was safe w me!,fraud_report,original,
"um, my bank card gets rejected at every merchant :(",card_issue,synthetic,card_issue_20
fake “Microsoft” call—drained my acc!!,fraud_report,original,
Did the last transaction work properly?,transaction_query,original,
I’m shaking—WHAT’S MY SAVINGS SITUATION RIGHT NOW?,balance_inquiry,original,
"hello, my atm card wont work abroad",card_issue,synthetic,card_issue_24
My card’s been in my wallet. So what’s this??,fraud_report,original,
loan review update?,loan_inquiry,original,
Was the transaction finalized without issue?,transaction_query,original,
have u checked my loan req?,loan_inquiry,original,
I would like assistance with account password recovery.,password_reset,original,
Who received the funds from my last payment?,transaction_query,original,
Was the last payment completed successfully?,transaction_query,original,
need a credit card—pls help me apply,credit_card_application,original,
"When was my last trans, do you know the exact time?",transaction_query,original,
"phone says “Your PC is compromised,” hung up",fraud_report,original,
Did the app break? WHY CAN’T I SEE MY SAVINGS?!,balance_inquiry,original,
I discovered a back-dated check that wasn’t mine.,fraud_report,original,
transacshun deets—LAST ONE RN,transaction_query,original,
"hi, i keep tyipng the wrong atm pin number :(",forgot_pin,synthetic,forgot_pin_20
What’s the date and time for my last trans?,transaction_query,original,
card stopped responding at the machine,card_issue,synthetic,card_issue_21
Was that last thing successful or a fail?,transaction_query,original,
why’s my check endorsed to a stranger??,fraud_report,original,
Did the previous transaction work as intended?,transaction_query,original,
how much i got? checks couch cushions,balance_inquiry,original,
What’s the store name linked to my last payment?,transaction_query,original,
"yo, can u update me if my loan thing is movin’?",loan_inquiry,original,
loan decision yet?,loan_inquiry,original,
my atm pin number is wrong every time i try :(,forgot_pin,synthetic,forgot_pin_17
recent purchse deets ASAPPPP,transaction_query,original,
Would you confirm my eligibility for a conforming FHA mortgage?,loan_inquiry,original,
Do y’all even check for fraud??,fraud_report,original,
Can you confirm that my qualifications align with your loan criteria?,loan_inquiry,original,
how do i send in loan form?,loan_inquiry,original,
did loan clear screening?,loan_inquiry,original,
I’d like to review your unsecured line of credit terms.,loan_inquiry,original,
bro my bal just went neg,fraud_report,original,
URGENT: DEBIT CARD PIN CHANGE REQUEST PLS HELP,forgot_pin,synthetic,forgot_pin_26
Could you tell me if the loan committee has reviewed my application?,loan_inquiry,original,
atm fraud? my acct drained,fraud_report,original,
"Last one, all good or nah?",transaction_query,original,
"Can you tell me when my last transaction was, exactly?",transaction_query,original,
"Hey, do you know when my last payment was made?",transaction_query,original,
"Loan offers u got, gimme!",loan_inquiry,original,
looks fake af,fraud_report,original,
"Loan service, how it work?",loan_inquiry,original,
wanna sign up 4 a travel cc,credit_card_application,original,
my credit card pin got locekd any fix?,forgot_pin,synthetic,forgot_pin_09
Please explain your rate-lock options for mortgages.,loan_inquiry,original,
Was the last one successful or not?,transaction_query,original,
got any call on my loan app progress?,loan_inquiry,original,
last spend deets—i’m losin it,transaction_query,original,
my loot bounced—why tho?,transaction_query,original,
Kindly provide an update regarding the processing of my loan application.,loan_inquiry,original,
Please explain any loyalty-based credit card offers currently available.,credit_card_application,original,
am i cleared 4 a loan?,loan_inquiry,original,
Can you connect me with a loan specialist?,loan_inquiry,original,
Can you tell me about your credit card advance services?,loan_inquiry,original,
Did the last trans process fine?,transaction_query,original,
"CHARGES TO ""SCAMMERZ""? I’M TAGGING YOUR CEO—GET MY MONEY BACK!!",fraud_report,original,
I NEVER made this transaction.,fraud_report,original,
do i got dis loan elig factor?,loan_inquiry,original,
what’s my latest financial L,transaction_query,original,
"Fraud on my funds, pls fix this!",fraud_report,original,
Plz show me how 2 apply 4 loan.,loan_inquiry,original,
washed checks cashed for higher amounts!!,fraud_report,original,
No way this is mine. I need answers.,fraud_report,original,
yo someone usin my creds,fraud_report,original,
Was the recent transaction finalized without problems?,transaction_query,original,
Was the transaction completed without complications?,transaction_query,original,
am i all set 2 apply 4 a loan?,loan_inquiry,original,
"hello, my atm card is bent and the machine rejects it pls assist.",card_issue,synthetic,card_issue_10
email for reset never arrived—spam??,password_reset,original,
i’m sure dis fraud,fraud_report,original,
acc feels unsafe—pls reset passwrd!!,password_reset,original,
"wanna install “security patch,” feels bogus",fraud_report,original,
Did the last action process as expected?,transaction_query,original,
I saw a check written to “Cash” that I didn’t approve.,fraud_report,original,
dude asked me to type netstat in cmd,fraud_report,original,
Please provide me with a secure method to reset my password.,password_reset,original,
what's the process if i wanna apply 4 a credit card?,credit_card_application,original,
May I request an update on my savings account balance?,balance_inquiry,original,
I am writing to inquire about the necessary procedures for a credit card application.,credit_card_application,original,
please help: my credit card gets rejected at every merchant asap,card_issue,synthetic,card_issue_20
Was the last one finished properly?,transaction_query,original,
What loan plans do u got?,loan_inquiry,original,
help! forgot everythin—need pass reset,password_reset,original,
how do i reset my pass? forgot it smh,password_reset,original,
Could you furnish me with your bank’s loan portfolio?,loan_inquiry,original,
"hey, credit card pin blocked, how can i unblock it pls help",forgot_pin,synthetic,forgot_pin_19
I got cheated! Plz refund my money.,fraud_report,original,
how come my $$$ got slapped away?,transaction_query,original,
urgent: how do i change my credit card pin what should i do?,forgot_pin,synthetic,forgot_pin_03
"um, card pin hcange request",forgot_pin,synthetic,forgot_pin_26
ugh why’d my payment flop? explain pls,transaction_query,original,
what loan kinds do u support?,loan_inquiry,original,
Can you give me the timestamp for my last transaction?,transaction_query,original,
"HEY, CARD READER CANNOT READ MY CARD PLEASE ASSIST.",card_issue,synthetic,card_issue_25
"um, credit card not accepted online, keeps failing",card_issue,synthetic,card_issue_14
"yo, any progress seen on ma loan app?",loan_inquiry,original,
last purchse? i’m clueless smh,transaction_query,original,
why’s my card actin up? need answers,transaction_query,original,
cc app stuck? wut i do?,credit_card_application,original,
check transac NOW i’m hyperventilatin,transaction_query,original,
Did the last transaction process properly?,transaction_query,original,
how do i drop off loan docs?,loan_inquiry,original,
fraudster’s takin $$$ from savings—stop ‘em!!,fraud_report,original,
bruh my checkbook’s gone—fraud checks everywhere!!,fraud_report,original,
atm capture caught who?,fraud_report,original,
"Hey, some1 called sayin they’re from my bank’s tech team, wut’s that?",fraud_report,original,
card said nope. reason?,transaction_query,original,
"hey, any upd8 yet on my loan app process?",loan_inquiry,original,
I’d appreciate an overview of your lending products.,loan_inquiry,original,
fake check scam—almost lost my rent money!!,fraud_report,original,
I’d appreciate an update on my loan application status.,loan_inquiry,original,
Can you check the time and date of my last transaction for me?,transaction_query,original,
"$1,000 TO ""FRAUDULENT AF""? I’M CLOSING MY ACCOUNT—REVERSE THIS NOW!!",fraud_report,original,
"pass got lost, resend link",password_reset,original,
"$250 AT ""TECH GADGETS""? MY PHONE’S FROM 2018—REVERSE THIS NOW!!",fraud_report,original,
Was the previous payment successful?,transaction_query,original,
wanna apply loan—how?,loan_inquiry,original,
wut loans do u provide?,loan_inquiry,original,
want to create a fresh credit card pin!!,forgot_pin,synthetic,forgot_pin_18
"can’t change pw, page crashes",password_reset,original,
why’s my card charged for Amazon? I didn’t order!!,fraud_report,original,
Loan apply instructions—can u send dem?,loan_inquiry,original,
last purchse? cries in buyer’s remorse,transaction_query,original,
can u tell me how to apply loan?,loan_inquiry,original,
What is the procedure to apply for debt restructuring assistance?,loan_inquiry,original,
May I have guidance on the documents needed to submit a credit card application?,credit_card_application,original,
Could you update me on the processing status of my loan?,loan_inquiry,original,
Could you please let me know if my loan application has been approved or is still under consideration?,loan_inquiry,original,
tell me bout ur loan types,loan_inquiry,original,
What time and date was my last payment made?,transaction_query,original,
"random tech guy asked me to share screen, freaky",fraud_report,original,
"what’s goin on with my loan app, man?",loan_inquiry,original,
plz respond soon,fraud_report,original,
"Lemme kno loan options, man.",loan_inquiry,original,
What’s the store name from my latest account activity?,transaction_query,original,
please hepl: card reader cannot read my credit card any fix?,card_issue,synthetic,card_issue_25
can i get a loan? how?,loan_inquiry,original,
What is the procedure to apply for a small business loan?,loan_inquiry,original,
"Yo, was the last one legit or was there trouble?",transaction_query,original,
Did the previous payment complete as expected?,transaction_query,original,
"password tool broke, pls help",password_reset,original,
urgent: my card gets rejected at every merchant,card_issue,synthetic,card_issue_20
"hi, my debit card wont work abroad :(",card_issue,synthetic,card_issue_24
reset password code expired,password_reset,original,
can i get a refinance loan?,loan_inquiry,original,
What do I gotta do 4 a loan?,loan_inquiry,original,
"I didn’t make this payment, why’s it here??",fraud_report,original,
what’s that $ charge i don’t recognize,transaction_query,original,
do i qualify 4 HELOC?,loan_inquiry,original,
my bal’s -7.25 rn,fraud_report,original,
my acc’s actin weird—fraud maybe??,fraud_report,original,
last charge—tell me it’s a mistake,transaction_query,original,
What loan durations do you support?,loan_inquiry,original,
"hey, any update on ma loan app progress?",loan_inquiry,original,
50checkturnedinto500—scammers altered it!!,fraud_report,original,
do i meet da reqz 4 loan?,loan_inquiry,original,
I would like to know the procedure for submitting a loan application.,loan_inquiry,original,
I require an update on my savings account balance.,balance_inquiry,original,
this is urgent!! pass reset or i’m screwed,password_reset,original,
"rep asked me to run diskpart, no thx",fraud_report,original,
overdraft warning sucks,fraud_report,original,
Could you share the business tied to my latest payment?,transaction_query,original,
$50 at McDonalds 3x today—NOT ME!!,fraud_report,original,
What time and date was the last thing I bought?,transaction_query,original,
do i meet the basic loan reqs?,loan_inquiry,original,
Please let me know the current review status of my loan application.,loan_inquiry,original,
pls hurry—need acc acces 2day!!,password_reset,original,
Was the last one all good or no?,transaction_query,original,
"CHARGES TO ""LUXURY HOTELS""? I SLEEP IN MY CAR—REVERSE THIS NOW!!",fraud_report,original,
Please inform me of any branch visit requirements for a credit card application.,credit_card_application,original,
"hello, atm says invalid card when i insert my atm card what should i do?",card_issue,synthetic,card_issue_19
how can i request a new credit card?,credit_card_application,original,
whats rong with my payment?,transaction_query,original,
my PayPal’s linked to strangers—fraud!!,fraud_report,original,
Could you check the merchant for my latest transaction?,transaction_query,original,
please help: i entered the wrong debit card pin three times and now it is lcoked pls help,forgot_pin,synthetic,forgot_pin_05
I am interested in learning more about your loan application procedure.,loan_inquiry,original,
Did the last trans complete okay?,transaction_query,original,
URGENT: CHIP ERROR EVERY TIME I INSERT MY DEBIT CARD,card_issue,synthetic,card_issue_17
whats next step for my loan?,loan_inquiry,original,
Was the last one successful or a failure?,transaction_query,original,
why’s my balance droppin? Didn’t spend!!,fraud_report,original,
"forgot my cred, reset please",password_reset,original,
Would you kindly check if I adhere to the necessary conditions for a loan?,loan_inquiry,original,
"yo, help me kick off my credit card appils, plz.",credit_card_application,original,
Please furnish the remaining funds in my savings.,balance_inquiry,original,
I would like to understand the necessary steps for progressing with my loan application; please advise.,loan_inquiry,original,
I want a refund NOW.,fraud_report,original,
atm scanned card twice,fraud_report,original,
loan range pls,loan_inquiry,original,
"hey, contactless tap is not working on my bank card :(",card_issue,synthetic,card_issue_11
urgent: i cannot use my atm card at any terminal what should i do?,card_issue,synthetic,card_issue_09
Is there an estimated timeframe for my loan approval?,loan_inquiry,original,
What’s the store name from my most recent swipe?,transaction_query,original,
cant spend nada,fraud_report,original,
What types of home equity loans are available?,loan_inquiry,original,
Could you assist me in understanding the procedure for your loan applications?,loan_inquiry,original,
"got email from “helpdesk@bank,” attachments lol",fraud_report,original,
Unfamiliar transaction. I’m losing trust.,fraud_report,original,
"locked out by wrong pass, help",password_reset,original,
am i eligble for startup funding?,loan_inquiry,original,
mortgage app—how do i do it?,loan_inquiry,original,
is it in queue or approved?,loan_inquiry,original,
someone’s tryna change my contact info!!,fraud_report,original,
my pass might be leaked—reset it pls!!,password_reset,original,
what’s the drill for loan?,loan_inquiry,original,
Who received the funds in my latest payment?,transaction_query,original,
i’m in the red zone,fraud_report,original,
"hey, pw reset code not coming",password_reset,original,
my card’s maxed out cuz fraud—pls help!!,fraud_report,original,
A scam wiped me out—restore urgently!,fraud_report,original,
got mail ‘bout a mortgage I didn’t take—fraud,fraud_report,original,
"hey, know any news on my loan app move?",loan_inquiry,original,
How do I submit my employment information for my credit card application?,credit_card_application,original,
did my spend fail? what’s the deal,transaction_query,original,
"wanna apply 4 ur credit card, thx",credit_card_application,original,
What’s the business name attached to my latest transaction?,transaction_query,original,
"When was my last transaction, can you check?",transaction_query,original,
need my $ total… u got the info?,balance_inquiry,original,
Do u giv housing loans?,loan_inquiry,original,
"yo, is my loan app still in limbo?",loan_inquiry,original,
do i pass da eligibility test 4 a loan?,loan_inquiry,original,
Please supply a summary of the steps required to apply for a loan.,loan_inquiry,original,
charg bounced—why bruh?,transaction_query,original,
fraudster bought flights with my card—stop ‘em,fraud_report,original,
"$200 AT ""PET PALACE""? MY FISH DIED LAST YEAR—WHO’S SCAMMING ME??",fraud_report,original,
please hepl: i forgot my atm pin,forgot_pin,synthetic,forgot_pin_00
my account balance—can u share that w me,balance_inquiry,original,
transac said “LOL NOPE”—why?,transaction_query,original,
do i pass ur loan checks?,loan_inquiry,original,
MY CREDIT CARD GETS REJECTED AT EVERY MERCHANT ANY FIX?,card_issue,synthetic,card_issue_20
recent transction—why’s it $500??,transaction_query,original,
any feedback on my loan app?,loan_inquiry,original,
How do I get a loan from here?,loan_inquiry,original,
how to apply 4 overdraft?,loan_inquiry,original,
"$600 AT ""LUXURY WINES""? I DRINK TAP WATER—CANCEL THIS FRAUD!!",fraud_report,original,
WHAT DID I SPEND MY RENT ON,transaction_query,original,
I kindly request information on how to submit a loan application with your bank.,loan_inquiry,original,
Please confirm my identity and reset my password.,password_reset,original,
I would like to know the complete procedure for submitting a credit card application.,credit_card_application,original,
I would appreciate receiving password reset instructions.,password_reset,original,
"hey, i wanna get a new credit card, how do i apply 2 get one?",credit_card_application,original,
Can you give me the time and date for the last payment I made?,transaction_query,original,
got secured loan types?,loan_inquiry,original,
why’d my transac get dunked on?,transaction_query,original,
I’m about to burst into tears—SAVINGS BALANCE!,balance_inquiry,original,
"hey, chip error every time i insert my atm card",card_issue,synthetic,card_issue_17
did my card decline? what’s the prob,transaction_query,original,
Please let me know if my loan application is still under consideration.,loan_inquiry,original,
get my money back plz,fraud_report,original,
do i make da loan grade?,loan_inquiry,original,
last charge pls i’m losin sleep,transaction_query,original,
Who processed my last transaction?,transaction_query,original,
Could you kindly send detailed guidelines on how to complete your credit card application form?,credit_card_application,original,
I found a hold on an unauthorized check.,fraud_report,original,
I am writing to request information on how to complete the credit card application form.,credit_card_application,original,
"Yo, did that last one work, or what?",transaction_query,original,
Who’s the merchant for my most recent payment?,transaction_query,original,
what's the first step in a credit card appl?,credit_card_application,original,
I need to reset my password due to a lockout; please assist.,password_reset,original,
my name’s scribbled on checks i didn’t approve!!,fraud_report,original,
I’d like to explore your consumer and commercial loan options.,loan_inquiry,original,
"Can you tell me when I made my last payment, time and date?",transaction_query,original,
fraudster put a fake check in my acc—help!!,fraud_report,original,
I am interested in obtaining a loan and would appreciate information on the application process.,loan_inquiry,original,
Kindly assist me in generating a new password.,password_reset,original,
Please advise me on the current status of my loan application.,loan_inquiry,original,
"Last trans, it worked, right?",transaction_query,original,
"hey, bank card stopped responding at the machine please assist.",card_issue,synthetic,card_issue_21
"how do i put in a credit card appl, any pointers?",credit_card_application,original,
Do you know when the last trans I did went through?,transaction_query,original,
Please advise whether proof of address is required for my credit card application.,credit_card_application,original,
my credit card gets rejected at every merchant what should i do?!!,card_issue,synthetic,card_issue_20
Please update me on the current evaluation of my loan application.,loan_inquiry,original,
why’d my $$$ get rejected? no clue,transaction_query,original,
"How do I do my loan app, step by step?",loan_inquiry,original,
Please share any promotional loan rates you have.,loan_inquiry,original,
urgent: atm says invalid card when i insert my atm card asap,card_issue,synthetic,card_issue_19
can i get a car loan fr u?,loan_inquiry,original,
my transac got declin—why bruh?,transaction_query,original,
why’s my charge gettin rejected smh,transaction_query,original,
i keep typing the wrong pin :(,forgot_pin,synthetic,forgot_pin_20
May I inquire about the specific requirements and whether I satisfy them for a loan?,loan_inquiry,original,
urgent: card reader cannot read my atm card any fix?,card_issue,synthetic,card_issue_25
"Last trans, legit or glitchy?",transaction_query,original,
forgot my passssword—halp me out!!,password_reset,original,
loan categories u handle?,loan_inquiry,original,
how come my payment’s AWOL?,transaction_query,original,
checks clearin from a printer—i didn’t make those!!,fraud_report,original,
"atm error codes, no help",fraud_report,original,
Could you kindly check my loan application and inform me of its current progress?,loan_inquiry,original,
"forgot the card pin, what now what should i do?",forgot_pin,synthetic,forgot_pin_11
"hey, need info on makin a credit card appl, please.",credit_card_application,original,
What is the procedure to apply for a second mortgage?,loan_inquiry,original,
recent buy—was it even legal??,transaction_query,original,
"When exactly was my last transaction, you got that info?",transaction_query,original,
my checkbook vanished—now random checks clearin!!,fraud_report,original,
my recent transction—tell me rq,transaction_query,original,
credit card pin reset please :(,forgot_pin,synthetic,forgot_pin_06
Was the previous transaction completed without any problems?,transaction_query,original,
how much moola in there? inquiring minds,balance_inquiry,original,
what’s my balance? avoids bank app,balance_inquiry,original,
Was the last one good to go or no?,transaction_query,original,
halp me obi-wan—ur my only hope (reset pass),password_reset,original,
"CHARGES TO ""FRAUD KINGDOM""? I CAN’T PAY MY BILLS—FIX THIS OR ELSE!!",fraud_report,original,
latest payment info PLS AND THX,transaction_query,original,
fee poppin up,fraud_report,original,
who charge me $200???,fraud_report,original,
why purchse no work?,transaction_query,original,
urgent: why is my bank card malfunctioning,card_issue,synthetic,card_issue_23
pasword reset link not comin—what’s up?,password_reset,original,
"They conned me, get back my money, plzz.",fraud_report,original,
pls reset pass b4 i lose my mind,password_reset,original,
May I receive information on whether I qualify based on my current financial standing?,loan_inquiry,original,
Plz reverse the scam charge ASAP.,fraud_report,original,
someone’s endorsin checks with my name!!,fraud_report,original,
The last time I spent money—what business was it?,transaction_query,original,
I would like to know if I meet your criteria for a debt-relief loan.,loan_inquiry,original,
Did the last payment go thru or what?,transaction_query,original,
I request the balance figure for my savings account.,balance_inquiry,original,
"atm punched wrong pin, money taken",fraud_report,original,
Plz clarify ur loan schemes?,loan_inquiry,original,
atm number wasn’t mine,fraud_report,original,
did a “security update” now fraud charges—ugh,fraud_report,original,
got duped on Snapchat—pls refund!!,fraud_report,original,
Please provide details regarding the present status of my loan application.,loan_inquiry,original,
transacshun? panics in millennial,transaction_query,original,
I’d like to request a police report for this check fraud.,fraud_report,original,
Would you confirm whether I meet the criteria for a third-party guarantor loan?,loan_inquiry,original,
What vendor processed my most recent charge?,transaction_query,original,
I am writing to learn if I satisfy your loan qualification requirements.,loan_inquiry,original,
"hi, contactless tap is not working on my debit card",card_issue,synthetic,card_issue_11
wanna change info on cc app,credit_card_application,original,
This is a violation. Plain and simple.,fraud_report,original,
Last one go smooth or nah?,transaction_query,original,
"hi, my credit card got stuck in the atm machine :(",card_issue,synthetic,card_issue_03
"hi, my atm pin got locked :(",forgot_pin,synthetic,forgot_pin_09
what docs 4 credit card app?,credit_card_application,original,
"What's da process for loan app, mate?",loan_inquiry,original,
"forgot pass, phone no link",password_reset,original,
how do i apply n person?,loan_inquiry,original,
How may I submit an application for a franchise financing package?,loan_inquiry,original,
Please advise on the process of submitting a credit card application online.,credit_card_application,original,
I’d like to compare your interest-only versus principal-and-interest loans.,loan_inquiry,original,
I need to reverse a check that wasn’t mine.,fraud_report,original,
When exactly did I make the last trans?,transaction_query,original,
what’s the damage in my acc? lmk,balance_inquiry,original,
"hey, password reset SMS not recvd",password_reset,original,
WHAT DID I BUY OMG TELL ME,transaction_query,original,
"hi, lost my dbeit card pin, how to get a new one",forgot_pin,synthetic,forgot_pin_07
Did the previous transaction complete successfully without trouble?,transaction_query,original,
do i come across as loan ready?,loan_inquiry,original,
What’s involved in applying for an invoice factoring service?,loan_inquiry,original,
Would you kindly confirm the current outcome of my loan application review?,loan_inquiry,original,
Would you confirm whether I qualify for a second mortgage?,loan_inquiry,original,
do u have small biz loans?,loan_inquiry,original,
"The last payment, did it complete okay?",transaction_query,original,
nah that aint me trust,fraud_report,original,
someone’s usin my checkbook—i didn’t write those!!!,fraud_report,original,
Please provide clear guidelines on the loan application process.,loan_inquiry,original,
what’s the charge from 5 mins ago,transaction_query,original,
I feel like I’ve been scammed. Please check my account.,fraud_report,original,
How do I start off on da loan apply?,loan_inquiry,original,
"yo, what’s da status on ma loan app right now?",loan_inquiry,original,
I think someone is using my card without permission.,fraud_report,original,
ya messed up here,fraud_report,original,
Can you tell me when my last payment went through?,transaction_query,original,
Can you get me the time and date of my last payment?,transaction_query,original,
urgent: the dbeit card you sent me does not work asap,card_issue,synthetic,card_issue_13
"When was my last purchase done, you got the time?",transaction_query,original,
"CHARGES TO ""GLOBAL THIEVES""? I’M BROKE—WHAT THE HELL IS WRONG WITH YOU??",fraud_report,original,
help me track dis,fraud_report,original,
payment got rejcted—any reason?,transaction_query,original,
how do i change my debit card pin :(!!,forgot_pin,synthetic,forgot_pin_03
someone’s tryna login—reset my pass now!,password_reset,original,
"$1,500 TO ""ELITE FITNESS""? I BREATHE HEAVILY WALKING—REVERSE THIS!!",fraud_report,original,
Can I speak with someone about a potentially fraudulent charge?,fraud_report,original,
What’s the store tied to my last spend?,transaction_query,original,
"Last one, everything good?",transaction_query,original,
"Yo, did the last one get processed or not?",transaction_query,original,
Loans info plz sent.,loan_inquiry,original,
Could you let me know if a decision has been made on my loan?,loan_inquiry,original,
"Wot loan terms now, plz?",loan_inquiry,original,
"popup says “urgent Windows update,” shady",fraud_report,original,
"um, credit card pin reset please :(!!",forgot_pin,synthetic,forgot_pin_06
how to generate a new credit card pin any fix?,forgot_pin,synthetic,forgot_pin_10
"hi, unable to recall my debit card pin asap!!",forgot_pin,synthetic,forgot_pin_13
this guy tryna trick me into giving my passcode,fraud_report,original,
Please describe your debt consolidation loan options.,loan_inquiry,original,
"$300 AT ""PREMIUM APPAREL""? I WEAR SWEATPANTS—REVERSE THIS FRAUD!!",fraud_report,original,
"hello, my atm pin number is wrong every time i try what should i do?",forgot_pin,synthetic,forgot_pin_17
"yo, what’s da latest on my loan app stat?",loan_inquiry,original,
Was the last one smooth or broken?,transaction_query,original,
Plz explain how to frickin apply 4 loan.,loan_inquiry,original,
"they want my google auth codes, no way",fraud_report,original,
Can you tell me where my last charge went?,transaction_query,original,
i dont go online shoppin,fraud_report,original,
how to upload loan docs?,loan_inquiry,original,
"HI, FORGOT THE ATM PIN NUMBER, WHAT NOW ANY FIX?",forgot_pin,synthetic,forgot_pin_11
whos charging my card wtf??,fraud_report,original,
Amazon UK charge—I don’t shop there!!,fraud_report,original,
what’s up with my loan app?,loan_inquiry,original,
do i have what it takes 4 financing?,loan_inquiry,original,
May I request assistance regarding how to apply for a loan?,loan_inquiry,original,
do my stats qualift 4 a loan?,loan_inquiry,original,
"hello, how do i change my pin please assist.",forgot_pin,synthetic,forgot_pin_03
weird charges comin thru,fraud_report,original,
"hi, i entered the wrong card pin three times and now it is locked what should i do?",forgot_pin,synthetic,forgot_pin_05
I would appreciate a procedural overview of how to apply for a loan.,loan_inquiry,original,
"Refund ASAP, was a scam victim!",fraud_report,original,
why’s there a new acc under my SSN??,fraud_report,original,
Can you share the precise amount in my savings?,balance_inquiry,original,
I never authorized that check amount.,fraud_report,original,
This is stressful and unprofessional.,fraud_report,original,
May I have confirmation that my credentials qualify me for loan consideration?,loan_inquiry,original,
refund or i switch banks lol,fraud_report,original,
please help: my card wont work abroad what should i do?!!,card_issue,synthetic,card_issue_24
am i in da zone 4 a loan?,loan_inquiry,original,
Can you confirm where my last transaction went?,transaction_query,original,
My money disappearing for no reason is NOT okay.,fraud_report,original,
I am looking to secure a loan and require a detailed explanation of the application process.,loan_inquiry,original,
What is the current liquidity in my savings?,balance_inquiry,original,
checks i didn’t write cashin—my book was stolen!!,fraud_report,original,
"Yo, do you know when my last transaction was done?",transaction_query,original,
HELP! My account has been hacked!,fraud_report,original,
Was the last payment processed correctly?,transaction_query,original,
I seek confirmation of my savings account’s current balance.,balance_inquiry,original,
"hey, what loan deals u got?",loan_inquiry,original,
I would like to know if I qualify for a rates-and-terms refinance.,loan_inquiry,original,
May I request confirmation on whether I meet your criteria for a loan?,loan_inquiry,original,
what options for borrow?,loan_inquiry,original,
Can I get the name of the vendor from my last spend?,transaction_query,original,
"dude called sayin he’s from apple, scam?",fraud_report,original,
"my pass expired, how do i reset?",password_reset,original,
wut loan types r open?,loan_inquiry,original,
cash deposit didn’t credit,fraud_report,original,
bank pls reset my pw,password_reset,original,
The last charge—can you tell me the vendor?,transaction_query,original,
Could you inform me of your short-term and long-term loans?,loan_inquiry,original,
How do I apply for a working capital loan for my business?,loan_inquiry,original,
look into this pls,fraud_report,original,
forgot my passwrd—pls reset it rn!!,password_reset,original,
"got insta msg from “officialtechhelp,” janky",fraud_report,original,
"yo, can ya fill me in on ma loan app stat?",loan_inquiry,original,
Can you tell me where my latest transaction went?,transaction_query,original,
Please block future checks until this is resolved.,fraud_report,original,
"hey, are ya lookin at my loan app? what’s the status?",loan_inquiry,original,
loan varities? plz list,loan_inquiry,original,
Was the previous transaction done without issues?,transaction_query,original,
"Was duped, need my money ASAP.",fraud_report,original,
"Yo, did the last one go smooth?",transaction_query,original,
Please advise on documentation required for each loan type.,loan_inquiry,original,
why’d my payment flop? no clue,transaction_query,original,
The last charge—what’s the business details?,transaction_query,original,
pls resend password reset email,password_reset,original,
"plesae help: lost my atm pin, how to get a new one",forgot_pin,synthetic,forgot_pin_07
hold up i aint in nyc rn,fraud_report,original,
May I request a complete assessment of my qualifications for a loan?,loan_inquiry,original,
"Yo, when did I make that last transaction?",transaction_query,original,
what’s required for loan app?,loan_inquiry,original,
did ya check on my loan app? what’s up?,loan_inquiry,original,
why’s my bank blamin me for bogus bounced checks??,fraud_report,original,
I would like to verify my qualification for a construction interim financing product.,loan_inquiry,original,
Would you please provide an outline of the procedures involved in the loan application process?,loan_inquiry,original,
Could you describe the application steps for a reverse mortgage?,loan_inquiry,original,
need new pass. can’t login.,password_reset,original,
someone changed the amount on my check—fraud!!,fraud_report,original,
"my pass expired or smth, help",password_reset,original,
I’m on hold forever—SAVINGS BALANCE BEFORE I HANG UP!,balance_inquiry,original,
How d I get started on my loan?,loan_inquiry,original,
Did that last one go through or get stuck?,transaction_query,original,
Could you specify the steps necessary for the loan application process?,loan_inquiry,original,
"Loans info, plzz.",loan_inquiry,original,
atm hide card eject slot,fraud_report,original,
reset my pass or i’ll cry—ur choice,password_reset,original,
"yo, can u guide me through the steps 2 apply for a credit card?",credit_card_application,original,
What business processed my most recent charge?,transaction_query,original,
Would you advise whether I qualify for a multi-draw construction loan?,loan_inquiry,original,
I would appreciate guidance on the proper method for applying for a loan.,loan_inquiry,original,
I am following up to confirm the status of my loan application.,loan_inquiry,original,
how do i apply 4 refinancing?,loan_inquiry,original,
How can I initiate an application for hurricane relief loans?,loan_inquiry,original,
my recent charge—explain pls,transaction_query,original,
"UM, CONTACTLESS TAP IS NOT WORKING ON MY CARD :(",card_issue,synthetic,card_issue_11
Can you confirm the current savings account equity?,balance_inquiry,original,
CHARGES FROM ITALY?? I’M IN TEXAS—BLOCK MY CARD BEFORE I’M BROKE!!,fraud_report,original,
Please inform me of the current progress regarding my loan application review.,loan_inquiry,original,
"this email from “no-reply@bank,” has broken links",fraud_report,original,
I would appreciate your support in understanding the credit card application requirements.,credit_card_application,original,
"ATM CARD NOT ACCEPTED ONLINE, KEEPS FAILING ASAP",card_issue,synthetic,card_issue_14
PLEASE HELP: WHAT IS THE PROCESS TO RESET PIN PLS HELP,forgot_pin,synthetic,forgot_pin_21
The most recent spend—what’s the vendor name?,transaction_query,original,
Please advise if I am qualified for a micro-loan for startups.,loan_inquiry,original,
Take this charge off. I’m not paying it.,fraud_report,original,
i’m broke or nah? check my acc pls,balance_inquiry,original,
Was the previous payment processed successfully?,transaction_query,original,
any idea how much cash i’ve got left?,balance_inquiry,original,
I’ve lost all patience—SAVINGS BALANCE RIGHT NOW!,balance_inquiry,original,
do i check out in da loan setup?,loan_inquiry,original,
Could you explain how to apply for a debt consolidation line of credit?,loan_inquiry,original,
Which loan terms are available for your various products?,loan_inquiry,original,
How d I lace up my loan appl application?,loan_inquiry,original,
I noticed a check posted to my account that I never issued.,fraud_report,original,
How do I complete and submit the form for a renovation loan?,loan_inquiry,original,
Why is my balance lower than expected? I think something’s wrong.,fraud_report,original,
atm charged… didn’t give?,fraud_report,original,
Can you detail the funds available in my savings?,balance_inquiry,original,
I believe my account has been compromised. What should I do?,fraud_report,original,
i’d rather eat broccoli than reset again,password_reset,original,
refund fast pls,fraud_report,original,
think my card info’s leaked—fraud alert!!,fraud_report,original,
Was the last transaction okay or broken?,transaction_query,original,
how do i lodge a loan app?,loan_inquiry,original,
Did the last transaction finish properly?,transaction_query,original,
Would you explain your credit limit determination process?,credit_card_application,original,
do u got personal loans?,loan_inquiry,original,
What foreign-currency loan products do you have?,loan_inquiry,original,
fix overdraft pls,fraud_report,original,
am i a good loan candidate?,loan_inquiry,original,
Was the last transaction okay or not?,transaction_query,original,
Could you outline the current savings account holdings?,balance_inquiry,original,
Could you confirm the recipient for my latest charge?,transaction_query,original,
Can you list the different repayment terms for your loans?,loan_inquiry,original,
why’d they stopp my spend?,transaction_query,original,
I need my money back ASAP.,fraud_report,original,
Can you list any loyalty-based loan discounts?,loan_inquiry,original,
That check was processed on the weekend.,fraud_report,original,
Who’s the vendor tied to my latest account activity?,transaction_query,original,
Kindly regenerate my password following security protocols.,password_reset,original,
"they threaten to brick my PC, wild",fraud_report,original,
do i have da right stats 4 a loan?,loan_inquiry,original,
Can you describe your renovation loan products?,loan_inquiry,original,
"hi, my bank card got stuck in the atm machine",card_issue,synthetic,card_issue_03
Did the last transaction complete smoothly?,transaction_query,original,
got a text ‘bout suspicious activity—real??,fraud_report,original,
plz tell me loan apply steps,loan_inquiry,original,
May I get an update on my pending loan application?,loan_inquiry,original,
scammed into givin OTP—pls block transacshuns,fraud_report,original,
check was for “Rent”—now it’s to “Scam LLC”!!,fraud_report,original,
Could you kindly confirm the eligibility criteria for credit card applicants?,credit_card_application,original,
"yo, can ya tell me if my loan app’s close 2 approval?",loan_inquiry,original,
Was that last trans a win or a fail?,transaction_query,original,
Please send me the necessary steps for password reset.,password_reset,original,
recent transction? i’m panickin,transaction_query,original,
"my email wrong on reset, help",password_reset,original,
"Yo, did the last one work fine?",transaction_query,original,
my transac got rejected—why bruh?,transaction_query,original,
May I learn if I satisfy the criteria for a home equity conversion mortgage (HECM)?,loan_inquiry,original,
i feel so scammed ,fraud_report,original,
What is the process for applying for a real estate investment loan?,loan_inquiry,original,
The last place I spent money—what’s it called?,transaction_query,original,
"yo, wut’s goin on with my loan request?",loan_inquiry,original,
why’s my money ghostin me?? Fraud!!,fraud_report,original,
need 2 file claim rn,fraud_report,original,
How d I enter a loan apply?,loan_inquiry,original,
"help, where do i find the credit card appl instructions?",credit_card_application,original,
via mobile app apply for cc?,credit_card_application,original,
Can you tell me the merchant from my last transaction?,transaction_query,original,
"yo, where have my loan app results landed?",loan_inquiry,original,
atm deposit didn’t show but cash left,fraud_report,original,
atm fraud fees r killer,fraud_report,original,
my sig’s been copied—fraud checks everywhere!!,fraud_report,original,
what’s the loan signup process?,loan_inquiry,original,
"$2,000 TO ""CRYPTO KINGS""? I DON’T EVEN KNOW BITCOIN—MY LIFE SAVINGS ARE GONE!!",fraud_report,original,
how come my payment bounced? idk what’s up,transaction_query,original,
how much do i have in there? forgot tbh,balance_inquiry,original,
How do I apply for an SBA-backed loan through your institution?,loan_inquiry,original,
What’s the store name from my most recent charge?,transaction_query,original,
how much left? points at checking acc,balance_inquiry,original,
"What’s the time and date of my last transaction, you got that?",transaction_query,original,
Could you please reset my password and notify me upon completion?,password_reset,original,
random password reset emails—fraud??,fraud_report,original,
someone’s cashin bad checks under my name!!,fraud_report,original,
Can you give me the date and time for the last trans?,transaction_query,original,
I’m about to combust—WHAT’S MY SAVINGS BALANCE?!,balance_inquiry,original,
"Ur loans rite now, details.",loan_inquiry,original,
"popup says “CALL to remove virus,” bull",fraud_report,original,
why’d they stop my payment? explain,transaction_query,original,
That transaction bypassed my usual check limits.,fraud_report,original,
neg bal fee kills me,fraud_report,original,
URGENT: THE MAGNETIC STRIP ON MY CREDIT CARD IS SCRATCHED,card_issue,synthetic,card_issue_05
I’ve never even heard of this store.,fraud_report,original,
What’s the business name from my last transaction?,transaction_query,original,
"Can you tell me the date and time of my last purchase, please?",transaction_query,original,
What's da route 2 apply 4 a loan?,loan_inquiry,original,
I would appreciate an explanation of the steps required for credit card application processing.,credit_card_application,original,
Could you explain the steps for joint loan applications?,loan_inquiry,original,
I need to reset my password; please verify my identity.,password_reset,original,
Did the last transaction get completed successfully?,transaction_query,original,
Did the last payment work out fine or no?,transaction_query,original,
"hi, credit card pin reset please",forgot_pin,synthetic,forgot_pin_06
That check’s MICR line looks altered.,fraud_report,original,
"hey, i cannot use my credit card at any terminal",card_issue,synthetic,card_issue_09
Could you share your early repayment terms?,loan_inquiry,original,
What agricultural loan programs are available?,loan_inquiry,original,
spend got canceled like Netflix—why?,transaction_query,original,
I am seeking further details on the required documentation for a credit card application.,credit_card_application,original,
"help, how do i go about applying for a credit card?",credit_card_application,original,
last purchse—did i need 10 blenders,transaction_query,original,
Could this be a mistake or is it actual fraud?,fraud_report,original,
do i live up 2 da loan reqs?,loan_inquiry,original,
"yo, can u help me out with the credit card appli steps?",credit_card_application,original,
"A check from my account bounced, but I didn’t write it.",fraud_report,original,
how much in my acc? prays silently,balance_inquiry,original,
I was literally scammed; gimme back $$!,fraud_report,original,
any news on my ccard request?,credit_card_application,original,
Please tell me about your bridging finance terms.,loan_inquiry,original,
"CHARGES TO ""GOURMET GROCERY""? I EAT CANNED BEANS—WHO’S USING MY CARD??",fraud_report,original,
ugh what did i even buy last,transaction_query,original,
DID I ORDER FOOD AGAIN WHAT WAS IT,transaction_query,original,
what’s the number in my bank acc?,balance_inquiry,original,
heyy sum weird stuff on my acct,fraud_report,original,
I’m planning a home purchase; what mortgage options are available?,loan_inquiry,original,
Do your job and reverse this!,fraud_report,original,
"yo, any fresh news on ma loan app?",loan_inquiry,original,
password reset. urgent.,password_reset,original,
How do I start the application for a self-employed lending program?,loan_inquiry,original,
need startup loan—how apply?,loan_inquiry,original,
What lines of credit do you offer?,loan_inquiry,original,
I have forgotten my password; please help me reset it.,password_reset,original,
would i qualify 4 mortgage?,loan_inquiry,original,
Could you confirm whether I qualify for a salary-backed personal loan?,loan_inquiry,original,
What loans do u make?,loan_inquiry,original,
how come my payment’s mia?,transaction_query,original,
"they told me to disable updates, huh?",fraud_report,original,
Was the previous transaction without complications?,transaction_query,original,
balance update pls! cries in poor,balance_inquiry,original,
That’s NOT my vendor.,fraud_report,original,
I require the savings account balance for review.,balance_inquiry,original,
I didn’t make this payment. Can you stop whoever’s doing this?,fraud_report,original,
Can u show me the loan application process?,loan_inquiry,original,
why can’t i reset my pass? error msgs!!,password_reset,original,
I’d like to see your loan amortization options.,loan_inquiry,original,
Could you please provide me with an update on the status of my loan application?,loan_inquiry,original,
"I didn’t buy anything from this store, but it’s showing on my card.",fraud_report,original,
how do i apply 4 home loan?,loan_inquiry,original,
Did the previous transaction complete without issues?,transaction_query,original,
urgent: debti card pin change request pls help,forgot_pin,synthetic,forgot_pin_26
how much cash moneys do i possess,balance_inquiry,original,
"hello, my credit card pin got locked :(",forgot_pin,synthetic,forgot_pin_09
stole my check from the mail—fraud!!,fraud_report,original,
new cust loan apply? how?,loan_inquiry,original,
Was the most recent payment processed properly?,transaction_query,original,
This is not okay. Fix it before I take legal action.,fraud_report,original,
Do you have any news on my loan application?,loan_inquiry,original,
card activity wild rn,fraud_report,original,
"hey, how do i change my debit card pin",forgot_pin,synthetic,forgot_pin_03
urgent: the magnetic strip on my credit card is scratched asap,card_issue,synthetic,card_issue_05
My entire day is ruined now.,fraud_report,original,
What is the cumulative balance in my savings as of now?,balance_inquiry,original,
Did my money vanish? CHECK MY SAVINGS NOW!,balance_inquiry,original,
"yo, what's the mov on a credit card application?",credit_card_application,original,
Could you provide the current balance of my savings account?,balance_inquiry,original,
May I receive detailed instructions on how to complete a credit card application form?,credit_card_application,original,
Please share the current standing of my loan application and any anticipated next steps.,loan_inquiry,original,
am i good 2 go 4 a loan?,loan_inquiry,original,
Please inform me whether I qualify for a reverse mortgage.,loan_inquiry,original,
atm machine was rigged,fraud_report,original,
why’s my biz checks bein used after i closed it??,fraud_report,original,
double charged for groceries—pls fix!!,fraud_report,original,
I believe this check was altered before posting.,fraud_report,original,
What are the maximum and minimum amounts for each loan?,loan_inquiry,original,
That check payee isn’t in my records.,fraud_report,original,
mailed a check—got stolen and washed!!,fraud_report,original,
"Yo, did that last one go smoothly?",transaction_query,original,
The last time I spent money—what’s the company name?,transaction_query,original,
"When did I last make a transaction, you got the time?",transaction_query,original,
THE MAGNETIC STRIP ON MY DEBIT CARD IS SCRATCHED,card_issue,synthetic,card_issue_05
Did the previous payment process without any problems?,transaction_query,original,
May I learn about your student credit card application protocol?,credit_card_application,original,
"got slack DM from “IT team,” i didn’t add em",fraud_report,original,
Please let me know if I qualify for an SBA-backed loan program.,loan_inquiry,original,
"Yo, do you know when I made the last transaction?",transaction_query,original,
The last place I shopped—what was it called again?,transaction_query,original,
Did the transaction process correctly?,transaction_query,original,
May I know whether I fulfill the eligibility criteria for a loan with your institution?,loan_inquiry,original,
how much is present in my acc thx,balance_inquiry,original,
WHY IS THIS TAKING SO LONG? SAVINGS. NOW.,balance_inquiry,original,
latest transction? panic intensifies,transaction_query,original,
"what do i need to start my credit card appl, any ideas?",credit_card_application,original,
Can you provide a breakdown of your loan services?,loan_inquiry,original,
Please notify me of any changes to the status of my pending loan application.,loan_inquiry,original,
This is torture—SAVINGS BALANCE BEFORE I LOSE IT!,balance_inquiry,original,
Kindly inform me if there are any changes in the status of my loan application.,loan_inquiry,original,
checks with my name—but that ain’t my handwriting!!,fraud_report,original,
cc approval status?,credit_card_application,original,
Would you be able to evaluate if I meet your loan approval standards?,loan_inquiry,original,
I would appreciate it if you could certify my eligibility for a loan.,loan_inquiry,original,
this “TechGadgets” charge—total scam!!,fraud_report,original,
"yo, got any info on my loan app progress?",loan_inquiry,original,
pls tell me i have money left…,balance_inquiry,original,
"hey, my cc app pending?",credit_card_application,original,
"Loans u handing out, pls?",loan_inquiry,original,
Could you outline the variety of loans you have?,loan_inquiry,original,
i forgot my debit card pin,forgot_pin,synthetic,forgot_pin_00
Did you forget how to read? SAVINGS BALANCE IMMEDIATELY!,balance_inquiry,original,
Wot type loans 2day?,loan_inquiry,original,
how do i kick off loan app?,loan_inquiry,original,
Is my loan application still pending?,loan_inquiry,original,
"Yo, was the last one fine or did it mess up?",transaction_query,original,
That check transaction was posted after hours.,fraud_report,original,
PLEASE HELP: I CANNOT USE MY ATM CARD AT ANY TERMINAL PLEASE ASSIST.,card_issue,synthetic,card_issue_09
check deposited i didn’t authorize—scam!!,fraud_report,original,
why’d they denie my spend?,transaction_query,original,
Can you provide the link or form I need to complete for credit card enrollment?,credit_card_application,original,
Did the most recent transaction complete properly?,transaction_query,original,
what’s my latest money oopsie,transaction_query,original,
how come my charge didn’t slide thru?,transaction_query,original,
is my loan close to approval?,loan_inquiry,original,
"um, how do i change my debit card pin :(",forgot_pin,synthetic,forgot_pin_03
What was the date and time of the last payment I did?,transaction_query,original,
"Yo, when did my last transaction go through?",transaction_query,original,
Did the most recent transaction go through correctly?,transaction_query,original,
Can I get information on your mobile home loans?,loan_inquiry,original,
someone’s playin games with my $$$!!,fraud_report,original,
What small business loans are available?,loan_inquiry,original,
"How d I order a loan application, plz help.",loan_inquiry,original,
Please reset my online banking password and confirm once complete.,password_reset,original,
someone erased my check details and rewrote em!!,fraud_report,original,
how to apply 4 auto loan?,loan_inquiry,original,
How do I throw in a loan appl?,loan_inquiry,original,
think i make da cut 4 a loan?,loan_inquiry,original,
Please advise if I satisfy the conditions for a community development loan.,loan_inquiry,original,
my card’s bein used at sketchy sites!!,fraud_report,original,
payment denied. ugh why?,transaction_query,original,
"LOST MY PIN, HOW TO GET A NEW ONE",forgot_pin,synthetic,forgot_pin_07
I’m beyond frustrated—SAVINGS BALANCE IMMEDIATELY!,balance_inquiry,original,
fell for a scam text—pls reverse charges!!,fraud_report,original,
recent buy? facepalm WHAT WAS IT,transaction_query,original,
think i qualify 2 grab a loan?,loan_inquiry,original,
atm took my cash but no receipt,fraud_report,original,
callin u out on this fraud stuff,fraud_report,original,
May I request a comprehensive explanation of the loan application steps?,loan_inquiry,original,
transacshun deets PLS IM DYIN,transaction_query,original,
cc app status pls,credit_card_application,original,
can i say im loan qualified?,loan_inquiry,original,
Could you forward your loan comparison chart?,loan_inquiry,original,
pls secure my acc—reset pass immediately,password_reset,original,
Can you give me the details for when my last transaction was made?,transaction_query,original,
The latest transaction—what’s the merchant details?,transaction_query,original,
not my city even,fraud_report,original,
Was the previous transaction executed successfully?,transaction_query,original,
"Yo, did that last trans go through?",transaction_query,original,
help me out dis sus,fraud_report,original,
"need to upload cc docs, how?",credit_card_application,original,
I have forgotten my password; please send me a reset link.,password_reset,original,
card number stolen—fraud charges everywhere!!,fraud_report,original,
bro fix my neg bal,fraud_report,original,
I’m done being polite—SAVINGS BALANCE RIGHT NOW!,balance_inquiry,original,
"forgot pass, can’t get in",password_reset,original,
Where is my protection? This is messed up.,fraud_report,original,
Would it be possible to determine whether I satisfy the necessary requirements for a loan?,loan_inquiry,original,
Is there a reason for this delay? SAVINGS. NOW.,balance_inquiry,original,
recurring charge I didn’t sign up for—scam!,fraud_report,original,
acct in overdraf? serious?,fraud_report,original,
Please file an electronic dispute for check fraud.,fraud_report,original,
Can you explain your late-payment penalty structure?,loan_inquiry,original,
pls explain these charges—FRAUD!!!,fraud_report,original,
Can you find the time and date of my last transaction?,transaction_query,original,
why’s my signature look like a toddler wrote it?? Fraud!!,fraud_report,original,
The last time I used my card—what business was it?,transaction_query,original,
Ur loan type now? Info plz.,loan_inquiry,original,
Apple Pay charges I didn’t make—fraud!!,fraud_report,original,
Can you confirm the recipient of my latest spend?,transaction_query,original,
Did the previous transaction finalize without problems?,transaction_query,original,
loan app status pls,loan_inquiry,original,
There’s a check payment from a closed vendor.,fraud_report,original,
"hey, contactless tap is not working on my debit card :(",card_issue,synthetic,card_issue_11
"debit card not accepted online, keeps failing pls help",card_issue,synthetic,card_issue_14
do i make the cut 4 a loan?,loan_inquiry,original,
I wanna kno ur loans.,loan_inquiry,original,
I need to know my savings IMMEDIATELY—stop delaying!,balance_inquiry,original,
has my loan app moved along yet?,loan_inquiry,original,
someone sent me a bogus check—almost deposited it!!,fraud_report,original,
what loan kinda stuff?,loan_inquiry,original,
i never used atm that night,fraud_report,original,
Please let me know if my loan application has advanced in the review process.,loan_inquiry,original,
Did the last payment go alright?,transaction_query,original,
thought it was Apple support—total scam!!,fraud_report,original,
Can you outline your loan application process?,loan_inquiry,original,
how to get financed?,loan_inquiry,original,
What was the time and date on my last purchase?,transaction_query,original,
What was the exact date of my last trans?,transaction_query,original,
Can you list your island or rural financing solutions?,loan_inquiry,original,
loan stuff for car?,loan_inquiry,original,
Loan application—how do I do ma part?,loan_inquiry,original,
"hey, debit card pin blocked, how can i unblock it please assis.t",forgot_pin,synthetic,forgot_pin_19
Was the recent transaction successful?,transaction_query,original,
"they want me to open powershell, no ty",fraud_report,original,
Could you please check the status of my loan file?,loan_inquiry,original,
Kindly help me recover my account password.,password_reset,original,
I would be grateful for help resetting my online banking password.,password_reset,original,
tell me the last thing i bought rn,transaction_query,original,
"hey, can u tell me what steps are involved in a credit card appl?",credit_card_application,original,
yall check my acc plzz,fraud_report,original,
"um, forgot the card pin, what now asap",forgot_pin,synthetic,forgot_pin_11
I am interested in obtaining a credit card; may I receive information on the application process?,credit_card_application,original,
can u text me the credit card appl steps?,credit_card_application,original,
asking how 2 apply loan,loan_inquiry,original,
any docs missing from my cc app?,credit_card_application,original,
block all further charges,fraud_report,original,
what’s the damage in my checking? cries,balance_inquiry,original,
Please reset my password and confirm once completed.,password_reset,original,
my check’s payee got swapped—sent $$$ to a stranger!!,fraud_report,original,
"hey, i cannot remember my atm pin number",forgot_pin,synthetic,forgot_pin_01
smthin fishy goin on,fraud_report,original,
Was the last transaction processed without issues?,transaction_query,original,
"hello, my debit card pin is wrong every time i try pls help",forgot_pin,synthetic,forgot_pin_17
is phone # on cc app correct?,credit_card_application,original,
how soon can i apply?,loan_inquiry,original,
"gmail warns me to call “support,” lol",fraud_report,original,
Can you let me know the date and time of the last payment?,transaction_query,original,
bro i got charged OD fee,fraud_report,original,
Can you tell me when I did my last payment?,transaction_query,original,
Fraud hit me—pls retrieve my cash!,fraud_report,original,
Can you tell me when I made my last payment and what time?,transaction_query,original,
think i hit all da marks 4 a loan?,loan_inquiry,original,
Do you know when I made my last payment?,transaction_query,original,
has my loan hit approval stage?,loan_inquiry,original,
What business is attached to my latest account activity?,transaction_query,original,
Please let me know how long the credit card approval process typically takes.,credit_card_application,original,
Could you please inform me about the processing timeline for a credit card application?,credit_card_application,original,
purchse deets NAO i’m losin it,transaction_query,original,
need my account total… pls assist,balance_inquiry,original,
the chip on my debit card is damaged,card_issue,synthetic,card_issue_02
Would you please furnish me with the necessary details for submitting a loan application?,loan_inquiry,original,
Was the last payment successful with no issues?,transaction_query,original,
I’m researching loan alternatives—what do you offer?,loan_inquiry,original,
Would you please evaluate if my eligibility criteria are met for a loan?,loan_inquiry,original,
pls help: i cannot remember my card pin,forgot_pin,synthetic,forgot_pin_01
didn’t authorize that Venmo payment—scam!!,fraud_report,original,
May I inquire about any recent decisions regarding my loan application?,loan_inquiry,original,
I would appreciate receiving information on how to proceed with my credit card application.,credit_card_application,original,
"WHO THE F*CK IS ""ELITE SCAMMERS""? I’M ON UNEMPLOYMENT—STOP THIS!!",fraud_report,original,
autopay setup i didn’t do—scam!!,fraud_report,original,
"yo, my loan app, what’s da sitch?",loan_inquiry,original,
Could you inform me of partner retailer benefits for new cardholders?,credit_card_application,original,
I seek detailed instructions on how to apply for a loan from your institution.,loan_inquiry,original,
how to use app 4 cc apply?,credit_card_application,original,
"Last trans, was it good or nah?",transaction_query,original,
why’s my card ghostin my spend?,transaction_query,original,
can i drive off w/a loan?,loan_inquiry,original,
can i apply 4 personal line of credit?,loan_inquiry,original,
"Yo, what time and date was my last transaction?",transaction_query,original,
What’s the date and time for my last payment?,transaction_query,original,
can i qualify 4 biz loan?,loan_inquiry,original,
"hello, how can i reactivate my debit card pin after it got blocked pls help",forgot_pin,synthetic,forgot_pin_28
loan under review?,loan_inquiry,original,
"hi, the chip on my credit card is damaged please assist.!!",card_issue,synthetic,card_issue_02
whats the loan form url?,loan_inquiry,original,
why’d my payment get ratio’d?,transaction_query,original,
When was the last time I made a payment?,transaction_query,original,
how much moolah in the checking acc smh,balance_inquiry,original,
latest transction—TELL ME ALREADY,transaction_query,original,
atm says success but no $$,fraud_report,original,
"Can you outline your mortgage, auto, and personal loan products?",loan_inquiry,original,
no way i spent that much lol,fraud_report,original,
"$250 AT ""GOURMET TRASH""? I EAT CEREAL FOR DINNER—REAL FUNNY, THIEVES!!",fraud_report,original,
transction deets—LAST ONE PLS,transaction_query,original,
Was everything okay with the last transaction?,transaction_query,original,
got diff loans? what r they?,loan_inquiry,original,
"That last trans went through, right?",transaction_query,original,
pls tell me loan stuff,loan_inquiry,original,
I been ripped off! Give me my money bk.,fraud_report,original,
acnt in overdraft zone,fraud_report,original,
can you help me recover my card pin asap,forgot_pin,synthetic,forgot_pin_15
Could you please check if I am eligible for a loan under your current guidelines?,loan_inquiry,original,
what mortgage stuff u got?,loan_inquiry,original,
I’d like to see if any additional documentation is required for my loan.,loan_inquiry,original,
"um, my debit card has stopped working since yesterday pls help!!",card_issue,synthetic,card_issue_26
I am writing to request a comprehensive overview of the credit card application process.,credit_card_application,original,
"hey, let me know if my loan app got any new stat.",loan_inquiry,original,
"Omg, my money’s gone—pls help fix this.",fraud_report,original,
need to reset banking password,password_reset,original,
latest spend? checks empty wallet,transaction_query,original,
I need 2 know how to jump into da loan process.,loan_inquiry,original,
I need details on fixed-rate versus variable-rate loans.,loan_inquiry,original,
why’s the reset link takin forever??,password_reset,original,
"hi, chip error every time i insert my debit card what should i do?",card_issue,synthetic,card_issue_17
latest charge—am i bankrupt now??,transaction_query,original,
is my loan in process?,loan_inquiry,original,
why’d my latest purchse decline?,transaction_query,original,
What steps must I take to apply for equipment refinance?,loan_inquiry,original,
What supporting documents must accompany my loan application?,loan_inquiry,original,
why’s my recent charge not going thru?,transaction_query,original,
May I inquire whether your mobile app supports credit card applications?,credit_card_application,original,
May I inquire if I satisfy the requirements for an online credit marketplace loan?,loan_inquiry,original,
DID I SPEND MONEY ON VIRTUAL ROCKS,transaction_query,original,
Could you advise on your vacation home mortgage programs?,loan_inquiry,original,
"hello, how to generate a new card pin!!",forgot_pin,synthetic,forgot_pin_10
Can you verify the details of check #1024?,fraud_report,original,
Please send a password reset link and instructions via email.,password_reset,original,
my card’s on a spendin spree—NOT ME!!,fraud_report,original,
overdraft kills me,fraud_report,original,
I cannot log in; please reset my password now.,password_reset,original,
"IT called, said they’ll fix my laptop, i dunno tho",fraud_report,original,
"hi, need to change my pass asap, thx",password_reset,original,
finance app status?,loan_inquiry,original,
I’d like to understand your commercial real estate loans.,loan_inquiry,original,
got an email ‘bout fraud—it’s legit??,fraud_report,original,
I just saw a charge I don’t recognize. Can you help me report it?,fraud_report,original,
Can you let me know if my profile is in line with your loan qualification standards?,loan_inquiry,original,
Can you tell me when the last payment happened?,transaction_query,original,
"hey, am i able 2 do a credit card appl online?",credit_card_application,original,
acct in red…help me,fraud_report,original,
I think my checkbook was compromised.,fraud_report,original,
When exactly was my last payment made?,transaction_query,original,
I would appreciate confirmation of my eligibility for a factoring arrangement.,loan_inquiry,original,
Was the last one fine or stuck?,transaction_query,original,
I would appreciate information regarding the requirements to apply for a loan.,loan_inquiry,original,
Did that last one finish okay?,transaction_query,original,
"Yo, did the last one go through or fail?",transaction_query,original,
want to know my loan status,loan_inquiry,original,
Ur loan category plz?,loan_inquiry,original,
am i eligble 4 revolving credit?,loan_inquiry,original,
why’s my pass not workin? pls reset!!,password_reset,original,
I am seeking an explanation of your loan application process and requirements.,loan_inquiry,original,
How do I apply for a loan with a co-applicant?,loan_inquiry,original,
The most recent transaction—what’s the recipient name?,transaction_query,original,
DID I ORDER 100 TACOS LAST NIGHT,transaction_query,original,
I’d like confirmation of any application fees associated with your credit card.,credit_card_application,original,
urgent: i dont recall the debit card pin i set any fix?,forgot_pin,synthetic,forgot_pin_14
What was the date and time of the last payment I made?,transaction_query,original,
whut kinda credit plans?,loan_inquiry,original,
what’d i waste cash on this time,transaction_query,original,
atm gave me $100 less than i chose,fraud_report,original,
Could you please disclose if I am considered eligible for a loan?,loan_inquiry,original,
How do I do loan apply?,loan_inquiry,original,
Is my savings account even updating?! I NEED NUMBERS!,balance_inquiry,original,
Was the most recent transaction successful without complications?,transaction_query,original,
can i prequal 4 ur card?,credit_card_application,original,
I’m PANICKING—WHAT’S THE NUMBER IN MY SAVINGS?!,balance_inquiry,original,
balance on my checking? too lazy 2 log in,balance_inquiry,original,
Can you give me the time and date for my last payment?,transaction_query,original,
what is this? i aint spend this money,fraud_report,original,
"hey, atm says invalid card when i insert my bank card",card_issue,synthetic,card_issue_19
"hi, atm says invalid card when i insert my atm card",card_issue,synthetic,card_issue_19
someone’s buyin gift cards—fraud!!,fraud_report,original,
The last charge on my account—what vendor was it?,transaction_query,original,
atm thief prob,fraud_report,original,
I’m scared – I just got an alert for a transaction I didn’t do.,fraud_report,original,
What was the exact time and date of my last payment?,transaction_query,original,
"hey, my card wont work abraod",card_issue,synthetic,card_issue_24
how tf i got a charge from brazil??,fraud_report,original,
any update on my credit card app?,credit_card_application,original,
Not one cent of this charge was mine.,fraud_report,original,
Please let me know if my loan application has been accepted.,loan_inquiry,original,
I swear I didn’t buy from here!,fraud_report,original,
Please advise on your credit limit offerings.,loan_inquiry,original,
pass reset or i’m switchin banks!!,password_reset,original,
do i check ur loan boxes?,loan_inquiry,original,
Did the last trans finish okay?,transaction_query,original,
ic what loans r available?,loan_inquiry,original,
Can you check when my last payment happened?,transaction_query,original,
Wot loans do u offer?,loan_inquiry,original,
Can you let me know the time and date of my last payment?,transaction_query,original,
What are the eligibility criteria for each loan type?,loan_inquiry,original,
"hello, my bank card gets rejected at every merchant",card_issue,synthetic,card_issue_20
"hi, atm says invalid card when i insert my card please assist.",card_issue,synthetic,card_issue_19
I would appreciate an overview of the necessary steps for the loan application process.,loan_inquiry,original,
If this isn’t fixed I’m closing my account.,fraud_report,original,
pls help: need a replacement for my faulty atm card pls help,card_issue,synthetic,card_issue_16
urgent: how can i reactivate my pin after it got blocked,forgot_pin,synthetic,forgot_pin_28
Who keeps billing me without permission?,fraud_report,original,
3 transacs back 2 back? nah,fraud_report,original,
What’s the exact date and time of the last purchase I made?,transaction_query,original,
I can't access my account; please reset my password.,password_reset,original,
"they pretend to be my ISP, give them remote",fraud_report,original,
please help: credit card issue: terminal keeps saying try again,card_issue,synthetic,card_issue_27
Was the most recent transaction completed smoothly?,transaction_query,original,
I gt robbed frm fake trans—help refund!,fraud_report,original,
Was the last payment good or nah?,transaction_query,original,
"When did I last trans, what time exactly?",transaction_query,original,
I never shopped at “XYZ Co.” in my life.,fraud_report,original,
was not me swear,fraud_report,original,
Gimme da 411 on how 2 apply 4 a loan.,loan_inquiry,original,
can u gimme a loan prog update?,loan_inquiry,original,
tf is this shop lol,fraud_report,original,
"Random scam broke $$, need bk credit me!",fraud_report,original,
Please disclose the balance of my savings reserves.,balance_inquiry,original,
The last time I used my card—where was that?,transaction_query,original,
Would you please update me on where my loan application stands today?,loan_inquiry,original,
May I have the current status of my loan application?,loan_inquiry,original,
last payment deets—i’m waitin!,transaction_query,original,
This is an emergency—HOW MUCH DO I HAVE LEFT?!,balance_inquiry,original,
What are the prerequisites for applying for an agricultural loan?,loan_inquiry,original,
can u hook me up with info on credit card apply?,credit_card_application,original,
account neg smh,fraud_report,original,
"um, my bank card has stopped working since yesterday pls help",card_issue,synthetic,card_issue_26
Everything cool with the last trans?,transaction_query,original,
I am seeking guidance on how to apply for a personal loan from your bank.,loan_inquiry,original,
Did the previous payment work smoothly?,transaction_query,original,
am i a fit 4 a loan?,loan_inquiry,original,
"please help: atm card not accepted online, keeps failing",card_issue,synthetic,card_issue_14
Please let me know about your personal and business loan options.,loan_inquiry,original,
Did the previous transaction occur without any errors?,transaction_query,original,
want debt consol loan—how apply?,loan_inquiry,original,
"Hey, loan type, now plz?",loan_inquiry,original,
Please inform me about the documentation and steps required for loan application.,loan_inquiry,original,
Could you share the vendor for my last payment?,transaction_query,original,
What’s the name of the business I paid last?,transaction_query,original,
Please share your bank’s credit product catalogue.,loan_inquiry,original,
"jus got an alert, not my spend",fraud_report,original,
"Refund required, scam hit me hard.",fraud_report,original,
How is this allowed to go through??,fraud_report,original,
"hey, let me know if my loan app got any news.",loan_inquiry,original,
what’s the latest money oof,transaction_query,original,
what’s the balance? nervous laughter,balance_inquiry,original,
Could you please confirm the necessary documents for a credit card application?,credit_card_application,original,
"hey, check ma loan app and tell me what’s up.",loan_inquiry,original,
overdraft freakout,fraud_report,original,
dey b playin w me,fraud_report,original,
"hey bank peeps, forgot my pw",password_reset,original,
I would be grateful if you could confirm whether I qualify for a loan.,loan_inquiry,original,
urgent: my debit card gets reejcted at every merchant :(,card_issue,synthetic,card_issue_20
what type loans do u guys do?,loan_inquiry,original,
I’d like to hear about your student refinance options.,loan_inquiry,original,
"hey, contactless tap is not working on my credit card",card_issue,synthetic,card_issue_11
can i request high-limit cc?,credit_card_application,original,
What documentation is necessary for a nonprofit capital improvement loan?,loan_inquiry,original,
"Urgent! Got scammed, return my money plz.",fraud_report,original,
how’d my charge get declin? clueless,transaction_query,original,
why’s my purchse gettin roasted?,transaction_query,original,
Could you outline your salary-based lending products?,loan_inquiry,original,
"hi, my atm card got stuck in the atm machine please assist.",card_issue,synthetic,card_issue_03
Can we get a copy of the front and back of that check?,fraud_report,original,
"hey, unable to recall my card pin please assist.",forgot_pin,synthetic,forgot_pin_13
why’s my check’s ink faded? Fraud!!,fraud_report,original,
Would you please verify if I meet your defined standards for a loan?,loan_inquiry,original,
What’s the company tied to my last purchase?,transaction_query,original,
pls revrse this,fraud_report,original,
What loan tools or calculators do you have for customers?,loan_inquiry,original,
"Can you let me know when I made my last trans, time and date?",transaction_query,original,
any fee 2 apply 4 cc?,credit_card_application,original,
Can you confirm my eligibility for a bridge loan?,loan_inquiry,original,
urgent: the credit card u sent me does not work pls assist.,card_issue,synthetic,card_issue_13
what paperwork for loan?,loan_inquiry,original,
Please advise if a signature is required on the application form.,credit_card_application,original,
Can you share details on the different loans you provide?,loan_inquiry,original,
send me loan apply reqs,loan_inquiry,original,
atm trx not in my logs,fraud_report,original,
loan chk plz,loan_inquiry,original,
I need to reset my password due to multiple failed login attempts.,password_reset,original,
I would like to change my password at your earliest convenience.,password_reset,original,
Please clarify the process I need to follow to apply for a loan.,loan_inquiry,original,
"My cash gone, fix it now!",fraud_report,original,
dis gotta be fraud rite?,fraud_report,original,
urgent: how do i change my pin,forgot_pin,synthetic,forgot_pin_03
what loans can bank provide?,loan_inquiry,original,
am i eligble 4 quick cash?,loan_inquiry,original,
They fake charged my account! Refund plz!,fraud_report,original,
why’s my card throwin shade? declined,transaction_query,original,
“Windows support” took my $$$—scam!!,fraud_report,original,
fell in red again,fraud_report,original,
can i be deemed loan ready?,loan_inquiry,original,
my kid changed my pass—pls reset!!,password_reset,original,
"Yo, what’s the time and date of my last purchase?",transaction_query,original,
Are you malfunctioning? SAVINGS. ACCOUNT. NOW.,balance_inquiry,original,
what types of debt help?,loan_inquiry,original,
dat ain’t me boss,fraud_report,original,
I would like to know if my loan application decision is pending or final.,loan_inquiry,original,
Can you tell me about your grace period policies?,loan_inquiry,original,
can i drop app at atm?,credit_card_application,original,
reset pass link stuck on loading,password_reset,original,
Was the most recent transaction completed as planned?,transaction_query,original,
I would like to request a new temporary password.,password_reset,original,
atm scammed me outta $50,fraud_report,original,
payment nah. why?,transaction_query,original,
I’m seeking information on your borrowing options.,loan_inquiry,original,
I am seeking confirmation on the current stage of processing for my loan application.,loan_inquiry,original,
how much do i got? shakes piggy bank,balance_inquiry,original,
how do i apply 4 bridge loan?,loan_inquiry,original,
That check posted despite a stop-payment order.,fraud_report,original,
why’d my $$$ yeet itself out?,transaction_query,original,
ima need a refund rt now,fraud_report,original,
what’s the tally in my acc? thx,balance_inquiry,original,
Was the last transaction executed properly?,transaction_query,original,
"$800 AT ""FITNESS EMPIRE""? I CAN’T WALK UP STAIRS—CANCEL THIS FRAUD!!",fraud_report,original,
Could you provide a comparison of your loan products?,loan_inquiry,original,
can i grab that scholarship loan?,loan_inquiry,original,
please help: my credit card wont work abroad asap,card_issue,synthetic,card_issue_24
I found a check with my old address that I never used.,fraud_report,original,
Could you let me know if I can apply for a credit card online?,credit_card_application,original,
"They telling me to install that teamViewer junk, no thanks",fraud_report,original,
bet this fraud no cap,fraud_report,original,
I’d like to verify that my loan application is in your queue.,loan_inquiry,original,
"Yo, did that last one work or nah?",transaction_query,original,
my pin got stolen at atm,fraud_report,original,
Wot loans u got rn?,loan_inquiry,original,
Immediately scam reset urgent need aid!,fraud_report,original,
"hi, unable to recall my debit card pin any fix?",forgot_pin,synthetic,forgot_pin_13
pls block my card—charges i didn’t approve!!!,fraud_report,original,
any holds on my loan app?,loan_inquiry,original,
"They fooled me—help fix it, pls!",fraud_report,original,
loan application fee? how?,loan_inquiry,original,
The latest account activity—what’s the merchant?,transaction_query,original,
I require a password reset code via SMS.,password_reset,original,
do i do da loan test?,loan_inquiry,original,
Is there a glitch? WHY CAN’T I GET MY SAVINGS INFO?!,balance_inquiry,original,
Can I see who processed my latest transaction?,transaction_query,original,
Lost my $$ to a scam. Need it bk now!,fraud_report,original,
"hey, where can i find info on credit card appl?",credit_card_application,original,
Not mine. Never heard of this store.,fraud_report,original,
cc app incomplete? tell me pls,credit_card_application,original,
can i get a loan card?,loan_inquiry,original,
"hello, i entered the wrong deibt card pin three times and now it is locked",forgot_pin,synthetic,forgot_pin_05
"i'm trying 2 apply 4 a new credit card, help plz.",credit_card_application,original,
how’d my last payment get denied? halp,transaction_query,original,
unable to recall my card pin pls help,forgot_pin,synthetic,forgot_pin_13
my card’s bein used online—I didn’t do it!,fraud_report,original,
how i owe bank now?,fraud_report,original,
I would appreciate receiving instructions on how to apply for your credit card services.,credit_card_application,original,
Can you confirm that my financial and credit history meets your loan criteria?,loan_inquiry,original,
I’d like to know which loan options are available for customers.,loan_inquiry,original,
i think they clone my card ,fraud_report,original,
"hi, what is the rpocess to reset debit card pin :(",forgot_pin,synthetic,forgot_pin_21
halp—pass reset required.,password_reset,original,
Check sum unauthorized scam activity—plz fix!,fraud_report,original,
How do I apply for an equipment lease financing agreement?,loan_inquiry,original,
"hi, what is the process to reset credit card pin :(",forgot_pin,synthetic,forgot_pin_21
Could you inform me about the procedures and requirements for a loan application?,loan_inquiry,original,
"Last trans, smooth or a mess?",transaction_query,original,
what’s ur loan selection?,loan_inquiry,original,
refund me all of it,fraud_report,original,
"hello, credit card declined at the shop even though my account is fine please assist.",card_issue,synthetic,card_issue_04
Could you provide clarity on the process and requirements for a credit card application?,credit_card_application,original,
what’s my $ total? fingers crossed,balance_inquiry,original,
Was the transaction completed successfully without errors?,transaction_query,original,
Omg scammed! Get me my $$ back.,fraud_report,original,
"hello, the bank card u sent me does not work",card_issue,synthetic,card_issue_13
The latest spend—what’s the merchant’s name?,transaction_query,original,
please help: why is my atm card malfunctioning asap,card_issue,synthetic,card_issue_23
"hello, i entered the wrong atm pin number three times and now it is locked any fix?",forgot_pin,synthetic,forgot_pin_05
feels like my info leaked,fraud_report,original,
The last place I spent money at was…?,transaction_query,original,
I am looking for guidance on the initial steps of your loan application process.,loan_inquiry,original,
Kindly provide the extant balance of my savings.,balance_inquiry,original,
"$300 AT ""FANCY EATS""? I EAT RAMEN, YOU IDIOTS—CANCEL THIS FRAUD NOW!!",fraud_report,original,
I’m not joking—SAVINGS BALANCE BEFORE I LOSE IT!,balance_inquiry,original,
last payment—did it go thru or nah,transaction_query,original,
What insurances are available with your loan products?,loan_inquiry,original,
what is the process to reset card pin any fix?,forgot_pin,synthetic,forgot_pin_21
Please reset my password and send the link to my email.,password_reset,original,
do i qualifi 4 a loan?,loan_inquiry,original,
What do I do 2 get a loan apply?,loan_inquiry,original,
can i get a HELOC w/my stats?,loan_inquiry,original,
"um, debit card declined at the shop even though my account is fine please asssit.",card_issue,synthetic,card_issue_04
My trust in you guys is falling fast.,fraud_report,original,
One of the checks on my statement looks fraudulent.,fraud_report,original,
I feel like crying. I didn’t spend this money.,fraud_report,original,
Could you verify whether I meet the criteria for a microfinance institution loan?,loan_inquiry,original,
bounced checks i didn’t write—fraud!!,fraud_report,original,
bank site not sending reset email,password_reset,original,
"What was the time and date of my last transaction, you got that?",transaction_query,original,
DID I ACCIDENTALLY BUY A CAR,transaction_query,original,
This is theft. Straight up.,fraud_report,original,
can u update me on how to apply 4 a credit card?,credit_card_application,original,
"hey, any deets on what’s happenin with ma loan app?",loan_inquiry,original,
"please help: card pin blocked, how can i unblock it",forgot_pin,synthetic,forgot_pin_19
Could you confirm my eligibility for a holiday bonus loan?,loan_inquiry,original,
"hey, where my loan app at? any progress?",loan_inquiry,original,
Did the last transaction complete without error?,transaction_query,original,
"yo, can u give me the rundown on a credit card appl?",credit_card_application,original,
"What was the time for my last transaction, you know?",transaction_query,original,
will u finance my ride?,loan_inquiry,original,
Can you give me the exact time and date of my last trans?,transaction_query,original,
Was the last trans good or a fail?,transaction_query,original,
"$400 AT ""GAMING WORLD""? I PLAY SOLITAIRE—FIX THIS THEFT!!",fraud_report,original,
"um, what is the process to reset atm pin asap",forgot_pin,synthetic,forgot_pin_21
do i meet vacay loan reqs?,loan_inquiry,original,
pin reset please any fix?,forgot_pin,synthetic,forgot_pin_06
what credit plans do u offer?,loan_inquiry,original,
"helol, atm card not accepted online, keeps failing asap",card_issue,synthetic,card_issue_14
Was the last one alright or not?,transaction_query,original,
May I inquire if I meet the set criteria for a loan with your bank?,loan_inquiry,original,
I would like to reset my password following a security alert.,password_reset,original,
my debit card stopped worknig,card_issue,synthetic,card_issue_00
scammers made fake checks lookin like mine!!,fraud_report,original,
"um, forgot the card pin, what now :(",forgot_pin,synthetic,forgot_pin_11
phony “overpayment” check—tried stealin my $$$!!,fraud_report,original,
"hey, i cannot remember my atm pin number please assist.",forgot_pin,synthetic,forgot_pin_01
Can you tell me the time and date for my last purchase?,transaction_query,original,
acc balance? insert panic here,balance_inquiry,original,
my dinero declined—what’s up?,transaction_query,original,
I would appreciate an update regarding my loan application status.,loan_inquiry,original,
my checks are bein forged—stole my whole dang book!,fraud_report,original,
"yo, did ya check on my loan app recently?",loan_inquiry,original,
why’s my balance ZERO??,fraud_report,original,
please help: how to generate a new card pin :(,forgot_pin,synthetic,forgot_pin_10
any news on dat loan thing I applied 4?,loan_inquiry,original,
Would you be so kind as to verify if I have the qualifications needed to secure a loan?,loan_inquiry,original,
Please explain your co-signer requirements for loans.,loan_inquiry,original,
when can i submit loan app?,loan_inquiry,original,
overdraft again smh,fraud_report,original,
I am keen to understand if my financial standing qualifies me for a loan.,loan_inquiry,original,
please help: my debit card wont work abroad :(,card_issue,synthetic,card_issue_24
Could you give me details on franchise financing?,loan_inquiry,original,
can someone reset my password ty,password_reset,original,
How d I get in line 4 a loan?,loan_inquiry,original,
last transction—am i in debt now,transaction_query,original,
May I know if any additional steps are required for my loan?,loan_inquiry,original,
"$800 AT ""DIAMOND STORES""? I’M ON FOOD STAMPS—WHAT KIND OF SCAM IS THIS??",fraud_report,original,
ugh my payment failed—why tho?,transaction_query,original,
Has any action been taken on my loan application?,loan_inquiry,original,
Samsung Pay transacshuns ain’t mine!!,fraud_report,original,
Who received the funds from my most recent transaction?,transaction_query,original,
how to apply in mobile app?,loan_inquiry,original,
I need to change my password following multiple failed attempts.,password_reset,original,
last spend deets—URGENT AF,transaction_query,original,
"Hi, could you tell me what types of loans your bank offers?",loan_inquiry,original,
The most recent account activity—what’s the vendor?,transaction_query,original,
"WHO’S ""MYSTERY SHOPPER""? I DIDN’T SPEND $400—Y’ALL SLEEPING ON THE JOB??",fraud_report,original,
Would you please confirm the current progress of my loan application?,loan_inquiry,original,
paid $500 to “fix my computer”—fraud!!,fraud_report,original,
I would be grateful for any updates on the status of my loan application.,loan_inquiry,original,
Can you provide a progress report on my loan application?,loan_inquiry,original,
urgent: my atm card gets rejected at every merchant asap,card_issue,synthetic,card_issue_20
atm fee but no cash,fraud_report,original,
How d I sign up 4 a loan?,loan_inquiry,original,
my debit card has stopped working since yesterday pls help,card_issue,synthetic,card_issue_26
pls get my $$$ back,fraud_report,original,
"yo, what do i gotta do to apply 4 a new credit card?",credit_card_application,original,
last charge—tell me it’s reversible,transaction_query,original,
Can you update me on my savings account’s liquidity?,balance_inquiry,original,
can u pls update me on my loan app?,loan_inquiry,original,
How do I jump into a loan apply?,loan_inquiry,original,
how much i got? need ta budget smh,balance_inquiry,original,
"hello, how to generate a new card pin please assist.",forgot_pin,synthetic,forgot_pin_10
How may I initiate the loan application process with your institution?,loan_inquiry,original,
Do u hav flexibility in loans?,loan_inquiry,original,
the bank card you sent me does not work asap!!,card_issue,synthetic,card_issue_13
I need to reset my banking password; kindly proceed.,password_reset,original,
atm section taped up,fraud_report,original,
help a bro out here,fraud_report,original,
Could you please provide the latest status on my loan application?,loan_inquiry,original,
why’s my acnt owe money,fraud_report,original,
Please let me know if my loan application is complete.,loan_inquiry,original,
do i pay to apply?,loan_inquiry,original,
"atm charged me twice, fix pls",fraud_report,original,
"yo, is my loan app in da final stretch yet?",loan_inquiry,original,
Please issue a new password reset link for my account.,password_reset,original,
"um, how can i reactivate my card pin after it got blocked :(",forgot_pin,synthetic,forgot_pin_28
Where in the approval process is my loan application currently?,loan_inquiry,original,
hey what kinda loans u guys got?,loan_inquiry,original,
"hey, want to create a fresh card pin plaese assist.",forgot_pin,synthetic,forgot_pin_18
bill came thru n i shook,fraud_report,original,
what’s wrong with my latest charge?,transaction_query,original,
I am writing to ask if my financial situation meets the standards required for a loan.,loan_inquiry,original,
dis store not even real,fraud_report,original,
"signed into my bank on bad site, help!",fraud_report,original,
"Hacker got cash fraud—help restore, fast!",fraud_report,original,
Was the last transaction smooth or nah?,transaction_query,original,
Did the transaction go through as expected without problems?,transaction_query,original,
That check was paid even though funds were insufficient.,fraud_report,original,
What’s the company tied to my latest purchase?,transaction_query,original,
"got Whatsapp msg from “Tech Team,” lol",fraud_report,original,
why’d the system say no to my payment?,transaction_query,original,
"hello, i dont recall the atm pin number i set!!",forgot_pin,synthetic,forgot_pin_14
"login pw gone, need new one",password_reset,original,
Are there any co-signer requirements for certain loans?,loan_inquiry,original,
Could you advise me on the status of my loan approval?,loan_inquiry,original,
Please let me know if you require a co-applicant for certain card types.,credit_card_application,original,
pls check my checking acc im stressed,balance_inquiry,original,
how apply 4 credit line?,loan_inquiry,original,
can u dm me the loan link?,loan_inquiry,original,
atm error took all my money,fraud_report,original,
"Last one go through, no issues?",transaction_query,original,
what’s that random charge i saw,transaction_query,original,
Was the last trans fine?,transaction_query,original,
can u tell me my acc total? kthx,balance_inquiry,original,
"what's the process for a credit card appl, any tips?",credit_card_application,original,
I’d appreciate details on your car loan and home loan programs.,loan_inquiry,original,
"Pls help, my money got taken by a scammer.",fraud_report,original,
The latest charge—what’s the company name?,transaction_query,original,
"hey, what’s ma loan app status all about?",loan_inquiry,original,
think someone changed my pass—pls reset!!,password_reset,original,
Was the last one successful or nah?,transaction_query,original,
yall better block it quick,fraud_report,original,
my spend got shut down—what’s up?,transaction_query,original,
My password is not recognized; please issue a reset.,password_reset,original,
"hey, can u drop some info on my loan app stat?",loan_inquiry,original,
"yo, got any link for credit card appl?",credit_card_application,original,
"hey, debit card declined at the shop even though my account is fine",card_issue,synthetic,card_issue_04
what’s the issue? transac declin again,transaction_query,original,
"used old atm, got scammed",fraud_report,original,
Would you kindly explain how to proceed with my loan application in a formal manner?,loan_inquiry,original,
Can you tell me if any action is needed from my side regarding my loan request?,loan_inquiry,original,
How do I apply for a community development loan?,loan_inquiry,original,
urgent: unable to recall my pin please assis.t,forgot_pin,synthetic,forgot_pin_13
how come my payment got Thanos-snapped?,transaction_query,original,
"hello, how to generate a new atm pin asap",forgot_pin,synthetic,forgot_pin_10
Did the most recent transaction finalize without trouble?,transaction_query,original,
You owe me an explanation.,fraud_report,original,
What funds are presently allocated to my savings?,balance_inquiry,original,
"yo, am i mid in da process with my loan app?",loan_inquiry,original,
"hello, debit card stopped responding at the machine pls help",card_issue,synthetic,card_issue_21
Please advise me on initiating the loan application process.,loan_inquiry,original,
Can you check the time and date of my last transaction?,transaction_query,original,
"am i loan ready, or nah?",loan_inquiry,original,
That vendor has no record in my account profile.,fraud_report,original,
Could you walk me through your mortgage and auto loan products?,loan_inquiry,original,
"When was the last trans I made, what’s the time?",transaction_query,original,
why’s my check vanishin after i mail it??,fraud_report,original,
unauthorized check deposit—didn’t approve this!!,fraud_report,original,
please help: i dont recall the credit card pin i set what should i do?!!,forgot_pin,synthetic,forgot_pin_14
Can you tell me the time I made my last transaction?,transaction_query,original,
what’d i even do with my money,transaction_query,original,
"yo, let me know how to start an appl for a credit card",credit_card_application,original,
is there a mobile cc app?,credit_card_application,original,
Did the transaction go through without complications?,transaction_query,original,
"hey, need a replacement for my faulty debit card pls help",card_issue,synthetic,card_issue_16
"pop-up force closing everything, “call us”",fraud_report,original,
"hello, i forgot my atm pin number pls assist.",forgot_pin,synthetic,forgot_pin_00
"got webpage saying “support needed,” pop-up junk",fraud_report,original,
my p@ssword’s buggin—reset pls!,password_reset,original,
May I request that my application be reviewed to determine my eligibility for a loan?,loan_inquiry,original,
Can you clarify whether my credentials meet the eligibility requirements for a loan?,loan_inquiry,original,
"nvr did this, promise",fraud_report,original,
i do not remember the atm pin number for my card any fix?,forgot_pin,synthetic,forgot_pin_08
What is the accessible capital in my savings?,balance_inquiry,original,
Did the last transaction execute successfully?,transaction_query,original,
can i get loaned given my info?,loan_inquiry,original,
Can you confirm if my loan application has reached the next stage of processing?,loan_inquiry,original,
pls pls pls block my card RN!!,fraud_report,original,
"ths aint me, fr",fraud_report,original,
"hello, why is my bank card malfunctioning",card_issue,synthetic,card_issue_23
how long 2 get approved?,credit_card_application,original,
Are there any special loans for recent graduates?,loan_inquiry,original,
I would like to review my savings account balance.,balance_inquiry,original,
fraud all over dis,fraud_report,original,
this sum next level fraud,fraud_report,original,
Is there a crisis? WHY CAN’T I GET MY SAVINGS INFO?!,balance_inquiry,original,
"hey, my loan app still under review?",loan_inquiry,original,
"password not workin, reset pls",password_reset,original,
Could you verify whether I qualify for an adjustable-rate mortgage product?,loan_inquiry,original,
why’d my card nope out on me?,transaction_query,original,
May I receive details on your automatic approval thresholds?,credit_card_application,original,
app froze mid-reset—am i locked out??,password_reset,original,
Could you confirm the merchant from my last transaction?,transaction_query,original,
Can you give me the timestamp for my last trans?,transaction_query,original,
What is the current progress of the loan I applied for last week?,loan_inquiry,original,
money gone after atm visit,fraud_report,original,
weird link in email “fix your account” – risky?,fraud_report,original,
Check #3030 cleared with a suspicious signature.,fraud_report,original,
May I check if I qualify for any of your specialized loan programs?,loan_inquiry,original,
Any way 2 easy apply 4 a loan?,loan_inquiry,original,
Could you detail the process for conditional pre-approval of a loan?,loan_inquiry,original,
Kindly disclose the balance of my savings holdings.,balance_inquiry,original,
"yo, my loan app, any movement?",loan_inquiry,original,
"HI, FORGOT THE PIN, WHAT NOW PLEASE ASSIST.",forgot_pin,synthetic,forgot_pin_11
"um, can you help me recover my debit card pin!!",forgot_pin,synthetic,forgot_pin_15
"hey, why is my atm card malfunctioning pls help",card_issue,synthetic,card_issue_23
"hey, any upd8 on my loan app in da works?",loan_inquiry,original,
Please send me a verification code to reset my password.,password_reset,original,
recent transction? internal screaming,transaction_query,original,
loan req: wut types?,loan_inquiry,original,
I’d like to know which loans I can apply for.,loan_inquiry,original,
payment flop. why?,transaction_query,original,
wut’s up with my finance application?,loan_inquiry,original,
What is the remaining balance in my savings reserves?,balance_inquiry,original,
I jus got scammed. Help me git my cash bak.,fraud_report,original,
I would appreciate your help resetting my password.,password_reset,original,
how’d they fake my signature so good?? Scam!!,fraud_report,original,
do i fit ur refi program?,loan_inquiry,original,
my acc’s linked to a stranger’s PayPal!!,fraud_report,original,
I need to file a claim on this check transaction.,fraud_report,original,
someone popped up on chat askin for banking creds,fraud_report,original,
why’d my charge get lost in space?,transaction_query,original,
How do I initiate a car lease financing application?,loan_inquiry,original,
am i eligble 4 a loan?,loan_inquiry,original,
Could you advise whether I qualify for project-bond financing?,loan_inquiry,original,
do i pass the pre-qual test?,loan_inquiry,original,
"lost my debit card pin, how to get a new one :(",forgot_pin,synthetic,forgot_pin_07
The latest spend—what’s the company name?,transaction_query,original,
"where my loan app at, any news?",loan_inquiry,original,
need a personal loan—how?,loan_inquiry,original,
I would appreciate confirmation of my eligibility for a personal line of credit.,loan_inquiry,original,
Which loans include flexible repayment options?,loan_inquiry,original,
loan update?,loan_inquiry,original,
why’s my card on someone’s Crypto account??,fraud_report,original,
May I check my qualification for a medical-practice acquisition loan?,loan_inquiry,original,
What’s the business linked to my last spend?,transaction_query,original,
Could you confirm the merchant for my latest spend?,transaction_query,original,
please help: card reader cannot read my credit card what should i do?,card_issue,synthetic,card_issue_25
"atm keypad prob, someone watched",fraud_report,original,
what's the line 4 applyin 4 a credit card?,credit_card_application,original,
"um, why is my bank card malfunctioning asap",card_issue,synthetic,card_issue_23
what’s that random $$ i spent,transaction_query,original,
whyd my last transactoin get declinded?,transaction_query,original,
what’s ur lending portfolio?,loan_inquiry,original,
someone snatched my check outta the mailbox!!,fraud_report,original,
dis not my norm spending,fraud_report,original,
Do you have feedback on my loan application?,loan_inquiry,original,
my acc’s bein robbed—HELP!!,fraud_report,original,
payment vanished—what’s the sitch?,transaction_query,original,
"hi, i entered the wrong atm pin number three times and now it is locked asap",forgot_pin,synthetic,forgot_pin_05
I am seeking confirmation on whether I meet your standards for loan approval.,loan_inquiry,original,
"Heyyy, you know the time and date of my last transaction?",transaction_query,original,
is underwritin done on my loan?,loan_inquiry,original,
Can I see who got the money from my last transaction?,transaction_query,original,
any movement on my loan?,loan_inquiry,original,
What financing solutions do you provide for first-time homebuyers?,loan_inquiry,original,
"CHARGES TO ""GLOBAL CHARITY""? I’M ON DISABILITY—REVERSE THIS THEFT!!",fraud_report,original,
how to ask for 10k limit?,credit_card_application,original,
how much is present? twiddles thumbs,balance_inquiry,original,
Was the last payment done correctly?,transaction_query,original,
how much in my acc? shrugs,balance_inquiry,original,
"CHARGES TO ""VIP NONSENSE""? I’M A HERMIT—THANKS FOR THE LAUGH, SCAMMERS!!",fraud_report,original,
Someone’s stealing from me – I need help now!,fraud_report,original,
"um, card reader cannto read my card",card_issue,synthetic,card_issue_25
"Just got voicemail from “tech support,” said send $$$",fraud_report,original,
Who was the recipient of my latest payment?,transaction_query,original,
real sketchy charge here,fraud_report,original,
"A check was cashed for $1,000 without my approval.",fraud_report,original,
You better believe I’m angry.,fraud_report,original,
Did the transaction process without any issues?,transaction_query,original,
Can you give me the details on when I made my last transaction?,transaction_query,original,
Could you let me know if I meet the requirements for a structured trade finance loan?,loan_inquiry,original,
Please inform me of the financing choices at your bank.,loan_inquiry,original,
"Yo, what’s up with this random $89 charge?",fraud_report,original,
What is the process for a peer-to-peer lending application?,loan_inquiry,original,
"yoy, cc app link expired",credit_card_application,original,
Need loan—how do I apply 2 get one?,loan_inquiry,original,
"um, the atm card you sent me does not work asap",card_issue,synthetic,card_issue_13
"stuck at login, password issue",password_reset,original,
Please inform me whether I meet the criteria for a jumbo loan.,loan_inquiry,original,
check my latest charge PLS PLS,transaction_query,original,
Please explain the process for applying for a micro-loan.,loan_inquiry,original,
check my purchse HISTORY’S LAST,transaction_query,original,
my card’s gettin drained by unknown subs!!,fraud_report,original,
atm charged me for 3 trx i didnt do,fraud_report,original,
Can you let me know the time and date of the last trans I made?,transaction_query,original,
Please share the steps for applying for a student refinance loan.,loan_inquiry,original,
I would appreciate detailed guidance on your credit card application process.,credit_card_application,original,
I am keen to learn about the procedure for initiating a credit card application.,credit_card_application,original,
"Last payment, was that a go or no?",transaction_query,original,
Did the last transaction complete correctly?,transaction_query,original,
How may I begin the application process for a personal loan?,loan_inquiry,original,
machine ate my card and cash,fraud_report,original,
"yo, need deets on ma credit card applic, plz",credit_card_application,original,
help me out big time,fraud_report,original,
can u check if i’m eligible?,loan_inquiry,original,
Who’s listed as the payee for my most recent spend?,transaction_query,original,
my acc—how much is it? need 2 pay bills,balance_inquiry,original,
my mailed check got stolen—altered and cashed!!,fraud_report,original,
do i figure in da loan elig squad?,loan_inquiry,original,
charges in Japan?? I’m in Texas—fraud!!,fraud_report,original,
Got a loan? How do I appl?,loan_inquiry,original,
Lost it all! Plz get $$ bak now!,fraud_report,original,
my spend failed—why’s that happenin?,transaction_query,original,
Stop stalling—I NEED MY SAVINGS BALANCE THIS SECOND!,balance_inquiry,original,
hey can i see my account total rq,balance_inquiry,original,
"Yo, did that last one go through fine?",transaction_query,original,
do i come thru 4 a loan?,loan_inquiry,original,
Please explain your credit line facilities.,loan_inquiry,original,
why’s my card bein extra? declined,transaction_query,original,
"loan info, pls",loan_inquiry,original,
"HELLO, MY ATM CARD IS BENT AND THE MACHINE REJECTS IT ANY FIX?",card_issue,synthetic,card_issue_10
"Loans n ur system, explain.",loan_inquiry,original,
How can I track the status of my credit card application once submitted?,credit_card_application,original,
can my file get a loan nod?,loan_inquiry,original,
Why is this impossible? SAVINGS. ACCOUNT. NUMBERS.,balance_inquiry,original,
what’s the steps to borrow $$?,loan_inquiry,original,
Could you verify my qualification for an import/export financing facility?,loan_inquiry,original,
phony “prize” check—total fraud!!,fraud_report,original,
what’s the digits in my acc rn?,balance_inquiry,original,
can u pre-approve me?,loan_inquiry,original,
got a text ‘bout a wire transfer—didn’t approve!,fraud_report,original,
Was the last transaction processed without trouble?,transaction_query,original,
Do you know when my last payment went through?,transaction_query,original,
"Yo, when did my last transaction go through, time and date?",transaction_query,original,
Please let me know if I meet the criteria for a private-equity financed home loan.,loan_inquiry,original,
"What was the time on my last payment, you know?",transaction_query,original,
What are the interest rates on your different loans?,loan_inquiry,original,
card been acting sus,fraud_report,original,
why’s there 5x $20 charges at Target??,fraud_report,original,
"No way fake scam cost $, must reverse!",fraud_report,original,
my cash got nixed—why?,transaction_query,original,
Could you please reset my password and notify me?,password_reset,original,
Was the transaction processed without difficulty?,transaction_query,original,
"Last pay, all clear or did it fail?",transaction_query,original,
Can you tell me about your credit facility offerings?,loan_inquiry,original,
How do I upload documents for an online loan application?,loan_inquiry,original,
forgot my pin and password both,password_reset,original,
pls help: my bank card got stuck in the atm machine pls help,card_issue,synthetic,card_issue_03
acnt in red again,fraud_report,original,
can u list loan options?,loan_inquiry,original,
Would you please share the latest update on my loan application?,loan_inquiry,original,
Kindly expedite my password reset request.,password_reset,original,
"$50 just gone? not me fr, fix pls",fraud_report,original,
Some random charge just popped up. Explain??,fraud_report,original,
Could you pull up the merchant from my last transaction?,transaction_query,original,
why’s my latest payment not processin?,transaction_query,original,
I would appreciate confirmation of my eligibility for a microenterprise loan.,loan_inquiry,original,
I would appreciate an update on my savings balance.,balance_inquiry,original,
i overdrafted by 5 bucks,fraud_report,original,
my loan still in que?,loan_inquiry,original,
Please guide me on how to withdraw an application if needed.,credit_card_application,original,
Was the last payment processed without errors?,transaction_query,original,
my card been stolen i think,fraud_report,original,
in-game purchases I didn’t make—scam!!,fraud_report,original,
Did the last one process without an issue?,transaction_query,original,
do i fit da loan requirements?,loan_inquiry,original,
digital charges I didn’t approve—scam!!,fraud_report,original,
"Yo, can you check when the last trans went through?",transaction_query,original,
"HI, MY NEW CREDIT CARD IS NOT ACTIVATING PLS HELP",card_issue,synthetic,card_issue_12
refund dis pls,fraud_report,original,
aint my type a buyin,fraud_report,original,
"hey, can u let me know the process for a credit card appl?",credit_card_application,original,
how do i start application?,loan_inquiry,original,
my credit card wont work abroad asap,card_issue,synthetic,card_issue_24
my pass ain’t workin—fix it or i’m leavin!,password_reset,original,
resett my pass ASAP—acc locked!!,password_reset,original,
"urgent: credit card pin blocked, how can i unblock it what should i do?",forgot_pin,synthetic,forgot_pin_19
help me pls card got hacked maybe?,fraud_report,original,
Could you kindly provide an overview of how to apply for a loan?,loan_inquiry,original,
Was the last payment completed without any complications?,transaction_query,original,
why’s my card gatekeepin my $$$?,transaction_query,original,
why’s my acc negative? Fraud!!,fraud_report,original,
why’d my last payment fail? ugh,transaction_query,original,
"hey, contactless tap is not working on my card!!",card_issue,synthetic,card_issue_11
I’m interested in learning about your loan options.,loan_inquiry,original,
"pls help: forgot the debit card pin, what now",forgot_pin,synthetic,forgot_pin_11
What vendor is tied to my most recent transaction?,transaction_query,original,
DID I ACCIDENTALLY BUY SOMETHIN,transaction_query,original,
am i in da clear 4 a loan?,loan_inquiry,original,
my bank card wont work abroad asap,card_issue,synthetic,card_issue_24
I am interested in acquiring a loan and seek information on its application procedure.,loan_inquiry,original,
this not my purshasin style,fraud_report,original,
I am requesting a new login password; kindly help.,password_reset,original,
Ugh! Not again. I DON’T recognize this one either.,fraud_report,original,
I would like to inquire about my eligibility for a loan.,loan_inquiry,original,
What’s the payee listed for my most recent transaction?,transaction_query,original,
May I inquire if I meet the standards for a veterans’ loan program?,loan_inquiry,original,
Can you provide a step-by-step guide on the loan application process?,loan_inquiry,original,
Would you kindly check my records and inform me if I qualify for a loan?,loan_inquiry,original,
Could you assess my eligibility and advise if I satisfy the requirements for a loan?,loan_inquiry,original,
do i meet the reqs 4 a loan?,loan_inquiry,original,
how much do i have? no idea anymore,balance_inquiry,original,
"UM, MY DEBIT CARD STOPPED WORKING",card_issue,synthetic,card_issue_00
do i fit yr borrowing profile?,loan_inquiry,original,
what loan programs do u run?,loan_inquiry,original,
"Heyyy, was the last one solid or broken?",transaction_query,original,
How do I go 2 get loan info?,loan_inquiry,original,
"Yo, can you check when my last transaction was?",transaction_query,original,
Ur loan schemes plz?,loan_inquiry,original,
urgent: my card pin got locked,forgot_pin,synthetic,forgot_pin_09
"WHY’S THERE A $350 CHARGE TO ""TECH JOKERS""? MY PHONE’S A BRICK—HILARIOUS!!",fraud_report,original,
am i eligble 4 home eq line?,loan_inquiry,original,
"hey, where do i send my info for a credit card appl?",credit_card_application,original,
Are you TRYING to stress me out? SAVINGS TOTAL NOW!,balance_inquiry,original,
"yo, what’s goin on with my loan app?",loan_inquiry,original,
card’s bein a drama queen—declined smh,transaction_query,original,
someone’s takin loans in my name—HELP!!,fraud_report,original,
I require assistance with the application process; how do I proceed to apply for a loan?,loan_inquiry,original,
Why am I being charged for something I didn’t do??,fraud_report,original,
I would appreciate it if you could update me on the checkpoint of my loan application in your system.,loan_inquiry,original,
"Yo, can you find the time of my last trans?",transaction_query,original,
I DONT RECALL THE DEBIT CARD PIN I SET :(,forgot_pin,synthetic,forgot_pin_14
"hey, guide me thru the credit card application process please.",credit_card_application,original,
stop all transacshuns NOW!!,fraud_report,original,
last charge—why’s it $420.69 tho,transaction_query,original,
The last payment I made—what’s the merchant name?,transaction_query,original,
"hey, atm card declined at the shop even though my account is fine asap",card_issue,synthetic,card_issue_04
"can’t submit cc app, fix pls",credit_card_application,original,
