query,intent
Could you please help me reset my account password?,password_reset
What company charged my account last?,transaction_query
How do I schedule an appointment to discuss loan options and apply?,loan_inquiry
Which loans 2day suited me?,loan_inquiry
Do you have any updated timelines for my loan approval?,loan_inquiry
can i be approved based on my creds?,loan_inquiry
yall better call me now,fraud_report
Could you inform me of your short-term and long-term loans?,loan_inquiry
I swear I didn’t buy from here!,fraud_report
Was the transaction successful without complications?,transaction_query
I am requesting an immediate password reset.,password_reset
Just noticed a sketchy charge – what do I do now?,fraud_report
I am following up to confirm the status of my loan application.,loan_inquiry
Could you send me a list of your loan types?,loan_inquiry
What was the exact time and date of the last transaction?,transaction_query
charges in Mexico—my card’s in NYC!!,fraud_report
I didn’t approve the date change on check #2222.,fraud_report
Can you get me the date and time of my last payment?,transaction_query
anything missing on my loan app?,loan_inquiry
Can you provide instructions for uploading documents to the application portal?,credi_card_application
"Yo, can you find out when my last trans happened?",transaction_query
May I have your assistance in verifying my eligibility for a loan?,loan_inquiry
I noticed suspicious activity on my statement and would like to report it.,fraud_report
Please advise on how to activate my credit card upon receipt.,credi_card_application
do i tick off da loan criteria?,loan_inquiry
Did the last one work out fine or nah?,transaction_query
what’s my latest financial regret,transaction_query
WHAT DID I BUY LAST WEEK HELP,transaction_query
this shady af ngl,fraud_report
can i open LOC w/my score?,loan_inquiry
I am looking to apply for a loan; could you describe the process?,loan_inquiry
"$800 AT ""THIEVES R US""? I’M CONTACTING THE FTC—REVERSE THIS OR ELSE!!",fraud_report
Was the last transaction smooth sailing?,transaction_query
any holds on my loan app?,loan_inquiry
my loan still in que?,loan_inquiry
I’ve never even heard of this store.,fraud_report
The last time I swiped my card—where was that?,transaction_query
whats the fee 4 app?,loan_inquiry
someone’s overdrawin my acc—stop ‘em!!,fraud_report
"hey, are ya lookin at my loan app? what’s the status?",loan_inquiry
What’s the current status of my loan application in your records?,loan_inquiry
cc app stuck? wut i do?,credi_card_application
ugh my payment failed—why tho?,transaction_query
Which loans do u give?,loan_inquiry
Could you explain your automated underwriting process?,loan_inquiry
what docs 4 credit card app?,credi_card_application
That check transaction was posted after hours.,fraud_report
last transac—did i even need it,transaction_query
What time and date was the last thing I bought?,transaction_query
Can you let me know the time and date of my last payment?,transaction_query
i deadass didn’t swipe,fraud_report
latest purchse deets ASAP OR ELSE,transaction_query
This charge doesn’t look familiar – could it be fraud?,fraud_report
"Yo, was that last payment good to go?",transaction_query
Was the last payment processed correctly?,transaction_query
would i qualify 4 mortgage?,loan_inquiry
my wallet got stolen—pls cancel my card NOW,fraud_report
Please advise on whether I am eligible to apply for a loan with your bank.,loan_inquiry
I’ve refreshed a million times—SAVINGS BALANCE STAT!,balance_inquiry
Would you kindly confirm the current outcome of my loan application review?,loan_inquiry
What’s the time and date of the last thing I did?,transaction_query
"Yo, can you check the date for my last payment?",transaction_query
What vendor processed my most recent charge?,transaction_query
I’m not even online shopping – why this charge??,fraud_report
do i pull off da loan profile?,loan_inquiry
"Ur loans rite now, details.",loan_inquiry
Do you have options for debt relief loans?,loan_inquiry
too many charges poppin up,fraud_report
can i get overdraft protection loan?,loan_inquiry
Can you tell me when I did my last payment?,transaction_query
pls stop askin security Qs—just reset it!!,password_reset
lemme know my balance b4 i spend more,balance_inquiry
Was the last transaction carried out correctly?,transaction_query
Any tips on applyin 4 a loan?,loan_inquiry
Was the recent payment successful?,transaction_query
Fraud hit my acc! ID fix plz dat $$!,fraud_report
lemme get that balance info pls n thx,balance_inquiry
Who’s the business that took my payment last?,transaction_query
Could you confirm my eligibility for a holiday bonus loan?,loan_inquiry
"hey, how da credit card appli goin?",credi_card_application
"finally got locked out, reset pw please",password_reset
Loan time: how do I get ma appl done?,loan_inquiry
payment got rejcted—any reason?,transaction_query
checks i didn’t send are bouncin—acc’s a mess!!,fraud_report
"What was the time for my last transaction, you know?",transaction_query
i never signed 4 dis,fraud_report
checks made out to “Cash” —i didn’t write those!!,fraud_report
What’s the store name from my latest payment?,transaction_query
Could you let me know if I am eligible for an equipment lease?,loan_inquiry
What’s the business name from my last transaction?,transaction_query
"forgot password again, need assist",password_reset
"yo, what's the proper way 2 apply for a credit card?",credi_card_application
got any home mortgage programs?,loan_inquiry
is there a mobile cc app?,credi_card_application
"random tech guy asked me to share screen, freaky",fraud_report
I am interested in your loan offerings and would like to know the application process.,loan_inquiry
"hey, change my pass ty",password_reset
"My money’s been stolen, pls investigate!",fraud_report
What is the turnaround time after submitting a loan application?,loan_inquiry
rep on LinkedIn asked for vpN access,fraud_report
What is the procedure to apply for a second mortgage?,loan_inquiry
Can you provide a step-by-step guide on the loan application process?,loan_inquiry
I seek confirmation of my savings account’s current balance.,balance_inquiry
dis not how i spend,fraud_report
Could you inform me of the progress of my loan request?,loan_inquiry
atm session timed out but charged,fraud_report
my kid changed my pass—pls reset!!,password_reset
my pass is “password”—pls reset lol,password_reset
whats loan sitch?,loan_inquiry
"suspicious email “IT@company,” attachments",fraud_report
do i qualifi 4 a loan?,loan_inquiry
3 transacs back 2 back? nah,fraud_report
my life savings—GONE!! FRAUD!!,fraud_report
"That last trans went through, right?",transaction_query
nah bruh sum ain’t right,fraud_report
Could you verify whether I qualify for an adjustable-rate mortgage product?,loan_inquiry
I’d appreciate an update on my loan application status.,loan_inquiry
How do I apply for a working capital loan for my business?,loan_inquiry
I would like to request assistance in resetting my online banking password.,password_reset
i didnt authorize atm trx,fraud_report
last charge—did i donate to aliens??,transaction_query
borrow status pls,loan_inquiry
last charge pls i’m losin sleep,transaction_query
Could you confirm whether I qualify for vendor financing?,loan_inquiry
Can we get a copy of the front and back of that check?,fraud_report
I got cheated! Plz refund my money.,fraud_report
Can you detail the distinct loan categories you support?,loan_inquiry
"Ur cash svc fail, fix cash refund NOW.",fraud_report
How may I submit an application for a franchise financing package?,loan_inquiry
pls reset pass—i’m in a time crunch!!,password_reset
charge from “IDK INC”—WHAT IS THAT,transaction_query
done with this—just reset my passwrd!!,password_reset
Are there any co-signer requirements for certain loans?,loan_inquiry
Would you be so kind as to verify if I have the qualifications needed to secure a loan?,loan_inquiry
what loan kinda stuff?,loan_inquiry
what’s the word on my loan?,loan_inquiry
"loan offerings, pls list",loan_inquiry
my card’s linked to a scam site—pls block,fraud_report
So tired of these shady transactions.,fraud_report
reset my login credentials plz,password_reset
"hi, i need to update my login pass",password_reset
wait wut is dis transac??,fraud_report
"The last payment, that a yes or no?",transaction_query
this sum next level fraud,fraud_report
instructions for reset pwd plz,password_reset
what’s that charge from “OOPSIE LLC”,transaction_query
Can you tell me the time of my last transaction?,transaction_query
"got email with zip file “please review,” sketch",fraud_report
"yelled at me for “violating rules,” then asked CC",fraud_report
i think they clone my card ,fraud_report
balance,balance_inquiry
I can’t deal with this right now. Just reverse it.,fraud_report
any update on ma loan app progress dun?,loan_inquiry
how they get my info??,fraud_report
"Got tricked outta my money, need it back now.",fraud_report
"hey, need to know if u need more docs",loan_inquiry
what’s needed 2 apply 4 ur platinum card?,credi_card_application
I’ve been conned; plz help ASAP!,fraud_report
bro my acnt’s busted,fraud_report
I’m done being polite—SAVINGS BALANCE RIGHT NOW!,balance_inquiry
Did the last transaction work properly?,transaction_query
May I ask you to confirm my eligibility for a loan under your institution's guidelines?,loan_inquiry
"Last one go thru, or no?",transaction_query
can i grab a payday alt loan?,loan_inquiry
do i meet credit line quals?,loan_inquiry
How d I lace up my loan appl application?,loan_inquiry
Kindly furnish the balance for my savings account.,balance_inquiry
Could you verify my eligibility for a business loan?,loan_inquiry
"A check from my account bounced, but I didn’t write it.",fraud_report
transac deets NOW OR I’LL SCREAM,transaction_query
acct req to apply?,loan_inquiry
can i use app to apply?,loan_inquiry
"hey, what’s ma loan app status all about?",loan_inquiry
how do i go about applying for cc?,credi_card_application
That last one work out smooth?,transaction_query
gave my info to a fake site—acc’s hacked!!,fraud_report
I’m about to combust—SAVINGS BALANCE THIS SECOND!,balance_inquiry
Was the previous transaction successful?,transaction_query
am i good to borrow money?,loan_inquiry
I'd appreciate a status check on my loan application.,loan_inquiry
Wot loans exist w/ u?,loan_inquiry
"Yo, did that last one work, or what?",transaction_query
how come my dough got denied?,transaction_query
my trust broken rn,fraud_report
"help, how do i go about applying for a credit card?",credi_card_application
my check was washed—payee & amount changed!!,fraud_report
"how do i put in a credit card appl, any pointers?",credi_card_application
"hey, what loan deals u got?",loan_inquiry
When did I make my last payment?,transaction_query
how to upload loan docs?,loan_inquiry
Did the last one process without an issue?,transaction_query
do i pass ur loan checks?,loan_inquiry
my acc’s on bogus checks—stop cashin em!!,fraud_report
balance inquiry—hook me up pls,balance_inquiry
am i eligble for trip financing?,loan_inquiry
I am seeking confirmation on whether I meet your standards for loan approval.,loan_inquiry
how to fix neg bal?,fraud_report
how much is present in my acc thx,balance_inquiry
Do u giv housing loans?,loan_inquiry
Can u giv loan list?,loan_inquiry
Can you provide clarity on the steps to take when applying for a loan?,loan_inquiry
unauthorized check deposit—didn’t approve this!!,fraud_report
why’s my bankroll failin?,transaction_query
real sus no joke,fraud_report
I would be grateful for help resetting my online banking password.,password_reset
atm fee but no cash,fraud_report
Who processed my last transaction?,transaction_query
I just saw a charge I don’t recognize. Can you help me report it?,fraud_report
atm retuned wrong note,fraud_report
what’s ur loan selection?,loan_inquiry
do i bring da loan potential?,loan_inquiry
fraud fraud fraud!!!,fraud_report
when’s loan committee meetin?,loan_inquiry
What was the time and date of my last purchase?,transaction_query
A check was deposited to another account from mine.,fraud_report
Did the recent payment go through successfully?,transaction_query
loan docs ok?,loan_inquiry
I’m seeing red—HOW MUCH IS IN MY SAVINGS?!,balance_inquiry
recent buy? facepalm WHAT WAS IT,transaction_query
this guy tryna trick me into giving my passcode,fraud_report
pass changed but cant login again,password_reset
"Yo, when did my last payment go through?",transaction_query
Need help with loan apply—how do I get it rollin?,loan_inquiry
how to apply 4 auto loan?,loan_inquiry
can u update me on how to apply 4 a credit card?,credi_card_application
password reset needed ASAP.,password_reset
help me change password quick,password_reset
CHARGES FROM ITALY?? I’M IN TEXAS—BLOCK MY CARD BEFORE I’M BROKE!!,fraud_report
pls resend ccard apply link,credi_card_application
got phishing SMS from “MyBankSupport”,fraud_report
Please share the requirements and process for an auto loan application.,loan_inquiry
dis store not even real,fraud_report
Please inform me if my loan application is complete or incomplete.,loan_inquiry
Did someone use my card? This place looks unfamiliar.,fraud_report
recent spend? checks bank OH GOD,transaction_query
"wtf is remotehelp.exe, they told me to install it",fraud_report
my acc’s actin weird—fraud maybe??,fraud_report
Would you kindly check my records and inform me if I qualify for a loan?,loan_inquiry
fraudster’s takin $$$ from savings—stop ‘em!!,fraud_report
"Loans info, plzz.",loan_inquiry
Did the most recent transaction complete successfully?,transaction_query
Can you confirm whether my application is eligible for loan processing?,loan_inquiry
"yo this not me, this charge look fake",fraud_report
Last one go smooth or nah?,transaction_query
"$800 TO ""PREMIUM FRAUD""? I’M SELLING MY KIDNEY—REVERSE THIS OR I’LL SUE!!",fraud_report
yo fix this pls asap,fraud_report
I need to reset my password due to multiple failed login attempts.,password_reset
I believe this check was altered before posting.,fraud_report
"yo, any word from da bank on my loan app?",loan_inquiry
why’s my latest payment not processin?,transaction_query
someone’s usin my name for loans—pls help,fraud_report
"Got a random call “MS Support” sayin my comp’s infected, is that real?",fraud_report
Please advise on your credit limit offerings.,loan_inquiry
my credit score dropped—identity theft??,fraud_report
yo someone usin my creds,fraud_report
I am writing to inquire about the current status of my loan application.,loan_inquiry
What vendor handled my last payment?,transaction_query
I saw a check withdrawal from an unknown ATM.,fraud_report
How d I kickstart dat loan application?,loan_inquiry
how come my payment bounced? idk what’s up,transaction_query
Can you clarify whether my credentials meet the eligibility requirements for a loan?,loan_inquiry
What business processed my most recent spend?,transaction_query
what’s the issue with my transac?,transaction_query
Can you share any recent updates regarding the status of my loan application?,loan_inquiry
I would like to inquire about the best method to apply for a credit card at your institution.,credi_card_application
R ur loans simple?,loan_inquiry
I am writing to ask if I satisfy the requirements needed to secure a loan.,loan_inquiry
"Heyy, can u tell me ur loans?",loan_inquiry
Has there been any movement on my loan application?,loan_inquiry
I’d like to schedule a call to discuss your loan services.,loan_inquiry
Gimme da 411 on how 2 apply 4 a loan.,loan_inquiry
This feels like a scam.,fraud_report
sql error keep rejecting my pw lol,password_reset
yall let this happen?!,fraud_report
Can I get the details for the latest charge’s merchant?,transaction_query
Lemme kno loans fitting needs?,loan_inquiry
loan varities? plz list,loan_inquiry
Please let me know how long the credit card approval process typically takes.,credi_card_application
The last place I spent money at was…?,transaction_query
Is my loan application still under evaluation?,loan_inquiry
my recent buy deets NAO,transaction_query
I would like to understand your fraud-prevention checks during onboarding.,credi_card_application
"hey, where my loan app at? any progress?",loan_inquiry
Wot r ur loan schemes now?,loan_inquiry
What are the interest rates on your different loans?,loan_inquiry
Fraudulent $$$ leakage fix ASAP repair!,fraud_report
What r ur loan packages?,loan_inquiry
help me track dis,fraud_report
I’m losing my mind—SAVINGS BALANCE IMMEDIATELY!,balance_inquiry
"phone says “Your PC is compromised,” hung up",fraud_report
Could you help me understand if my financial experience qualifies me for a loan?,loan_inquiry
refund 99.99 plz thx,fraud_report
Was the last transaction all good or no?,transaction_query
I would appreciate information regarding the requirements to apply for a loan.,loan_inquiry
investigate this fraud RN!!,fraud_report
What was the date and time of the last payment I made?,transaction_query
check my latest spend pls hurry,transaction_query
Would you be able to provide an analysis of my eligibility for a loan from your bank?,loan_inquiry
that 50 gone but i ain't do nothin,fraud_report
any pre-qual update on loan?,loan_inquiry
someone’s takin loans in my name—HELP!!,fraud_report
What vendor handled my most recent payment?,transaction_query
What’s the store tied to my last spend?,transaction_query
I would like to receive confirmation on the status of my loan application.,loan_inquiry
last charge—am i getting scammed,transaction_query
Can you outline your business expansion loan options?,loan_inquiry
Did the most recent transaction finalize without any trouble?,transaction_query
DID I BUY A PLANET TICKET WHAT,transaction_query
What kind of security y’all even got?!,fraud_report
I’m shaking—WHAT’S MY SAVINGS SITUATION RIGHT NOW?,balance_inquiry
why’s there a check from “Mystery Co” in my acc??,fraud_report
"“we detected unusual activity” msg on PC, no idea",fraud_report
Please provide clear guidelines on the loan application process.,loan_inquiry
why’s my phone number changed on file??,fraud_report
Who’s the merchant tied to my latest account activity?,transaction_query
how do i get a loan?,loan_inquiry
"can’t submit cc app, fix pls",credi_card_application
nah nah i nevr go there,fraud_report
wuts dis brand lol,fraud_report
I am locked out of my account; please provide a reset link.,password_reset
"$900 AT ""DESIGNER BAGS""? I USE GROCERY TOTES—FRAUD ALERT!!!",fraud_report
card said no. why?,transaction_query
"lost track, acct red",fraud_report
can i borrow against my home?,loan_inquiry
can i drop app at atm?,credi_card_application
What’s the name of the company I paid last?,transaction_query
what’s my last stupid purchase,transaction_query
last payment deets PLS IM DYIN,transaction_query
Loan apply—how's dat done?,loan_inquiry
cc approval status?,credi_card_application
what credit limit can i ask 4?,credi_card_application
how do i apply 4 refinancing?,loan_inquiry
wut’s the wait time 4 cc app?,credi_card_application
Disputing this NOW. Handle it.,fraud_report
how do i drop off loan docs?,loan_inquiry
Did the last transaction occur without issues?,transaction_query
my card’s gettin drained by unknown subs!!,fraud_report
Is there any way to reverse a fraudulent payment?,fraud_report
Tell loans u hav.,loan_inquiry
"used old atm, got scammed",fraud_report
somebody skimmed my atm card,fraud_report
Was the transaction finalized successfully?,transaction_query
wanna apply loan—how?,loan_inquiry
What information is required to complete a business loan application?,loan_inquiry
What agricultural loan programs are available?,loan_inquiry
100checkturnedinto1k—check washin!!,fraud_report
"hey, any info on where my loan app’s sittin’?",loan_inquiry
I found an odd check payment in my transaction log.,fraud_report
Can you send me specifics on your lending programs?,loan_inquiry
"hey, is my loan thru?",loan_inquiry
I’m THIS close to screaming—SAVINGS BALANCE!,balance_inquiry
need my $ amount… pls n thx u,balance_inquiry
Please share the steps for applying for a student refinance loan.,loan_inquiry
Can I see who got the money from my last transaction?,transaction_query
"let me know what to do to get a credit card, appl style.",credi_card_application
This is taking YEARS—SAVINGS BALANCE NOW!,balance_inquiry
balance on my checking? too lazy 2 log in,balance_inquiry
traveling and can’t login—reset pass!!,password_reset
need to stop dis thief,fraud_report
Where is my protection? This is messed up.,fraud_report
Lemme kno ur loans plz.,loan_inquiry
Any way 2 easy apply 4 a loan?,loan_inquiry
spend bounced. why?,transaction_query
I gt ripped—refund $$ right away.,fraud_report
"after atm, acct low as hell",fraud_report
May I check if I satisfy the requirements for an unsecured personal loan?,loan_inquiry
do i have right profile 4 auto loan?,loan_inquiry
new payees added—DIDN’T DO IT!!,fraud_report
Would you please let me know if my financial background qualifies me for a loan?,loan_inquiry
can’t pay bills cuz fraud overdraft!!,fraud_report
think i hit all da marks 4 a loan?,loan_inquiry
"WHY’S THERE A $600 CHARGE TO ""THEFT CO""? I’M CALLING MY LAWYER—FIX IT!!",fraud_report
Can you tell me the exact time and date of my last trans?,transaction_query
how much in my acc? shrugs,balance_inquiry
What is the progress of the loan application I submitted?,loan_inquiry
I require the savings account balance for review.,balance_inquiry
I got popup sayin “CALL NOW for support”—scam?,fraud_report
fr who da hell did dis,fraud_report
Can you provide information on your loan categories?,loan_inquiry
I would like to understand the formal steps required for credit card application submission.,credi_card_application
Loan varieties info sent pls.,loan_inquiry
yo my card’s goin wild—fraud!!,fraud_report
checks with my acc number but wrong name—fraud!!,fraud_report
I require assistance with the application process; how do I proceed to apply for a loan?,loan_inquiry
May I know whether I fulfill the eligibility criteria for a loan with your institution?,loan_inquiry
Was that last payment successful?,transaction_query
"$1,500 TO ""FRAUD KINGS""? I’M CALLING THE POLICE IF YOU DON’T FIX THIS!!",fraud_report
Lost my $$ to a scam. Need it bk now!,fraud_report
can i get auto loan based on my score?,loan_inquiry
maybe hacked or sumthin?,fraud_report
Could you guide me through the procedure for submitting a loan application?,loan_inquiry
don’t kno dis company,fraud_report
is underwriting done 4 my cc yet?,credi_card_application
nah that aint me trust,fraud_report
"CHARGES TO ""FRAUD KINGDOM""? I CAN’T PAY MY BILLS—FIX THIS OR ELSE!!",fraud_report
weird charges comin thru,fraud_report
"Yo, did that last payment work or not?",transaction_query
"hey, how’s ma loan app comin along?",loan_inquiry
Kindly provide the link and instructions for password reset.,password_reset
Last trans... did it go or not?,transaction_query
how come my bucks got declin?,transaction_query
ugh what’s my balance? i’m too lazy to look,balance_inquiry
wut’s up with my finance application?,loan_inquiry
Was the last payment processed without issues?,transaction_query
"help, i need info on credit card application process",credi_card_application
"yo, what docs do i need 4 a credit card appl?",credi_card_application
credit card app—how do i do it?,credi_card_application
What documents are needed for a credit builder loan?,loan_inquiry
May I receive detailed instructions on how to complete a credit card application form?,credi_card_application
loan app by fax? how?,loan_inquiry
Could you assist me in determining if I qualify for your loan products?,loan_inquiry
What was the time of my last transaction?,transaction_query
Please advise on the steps to apply for equipment financing.,loan_inquiry
Was the last payment made successfully?,transaction_query
"yo, is ma loan app processed yet?",loan_inquiry
What’s the company tied to my latest purchase?,transaction_query
transacshun history—LAST ONE PLS,transaction_query
I would like to know if my loan application decision is pending or final.,loan_inquiry
Can I get the merchant details for my last charge?,transaction_query
"That last pay, did it go thru alright?",transaction_query
I need to reset my password for security reasons; please assist.,password_reset
Could you please outline the procedure to apply for one of your credit cards?,credi_card_application
someone’s usin my card in Germany—block it!,fraud_report
last charge—tell me it’s a mistake,transaction_query
transac deets RN—NO TIME 2 WASTE,transaction_query
Please advise if my loan application has reached a decision.,loan_inquiry
how to fill out loan app?,loan_inquiry
There’s a check payment from a closed vendor.,fraud_report
I request a password reset for my online banking profile.,password_reset
Was that last payment completed or stuck?,transaction_query
which loans u offer?,loan_inquiry
atm charged me for 3 trx i didnt do,fraud_report
monies status: ??? halp,balance_inquiry
I can no longer access my account; please reset my password.,password_reset
Please advise whether proof of address is required for my credit card application.,credi_card_application
What’s the store tied to my most recent account activity?,transaction_query
acc balance pls! taps foot impatiently,balance_inquiry
Could you notify me of the present stage of my loan application in your system?,loan_inquiry
can u text me the credit card appl steps?,credi_card_application
want to waive fee,fraud_report
Did the most recent transaction proceed without any problems?,transaction_query
my spend’s mia—what’s the deal?,transaction_query
Would you verify whether I satisfy the criteria for a receivables-financing program?,loan_inquiry
Could you tell me the payee for my last spend?,transaction_query
Did the last transaction go as planned?,transaction_query
saw withdrawals i never made at atm,fraud_report
Please advise if my credentials meet the necessary requirements for a loan.,loan_inquiry
Did the last one process properly?,transaction_query
So who’s watching the account if not y’all??,fraud_report
May I inquire if I qualify for export credit agency financing?,loan_inquiry
transac denied—why’s it do that?,transaction_query
"$2,000 TO ""ROBBERY INC""? I’M POSTING THIS ON SOCIAL MEDIA—CANCEL IT NOW!!",fraud_report
Could you update me on the progress made on my loan application?,loan_inquiry
What's da process 2 get a loan?,loan_inquiry
"Yo, what’s the time and date of my last trans?",transaction_query
Could you provide clarity on the process and requirements for a credit card application?,credi_card_application
Please provide a comprehensive overview of how to submit a loan application.,loan_inquiry
pls reset—i’m bad at technology,password_reset
"WHY’S MY CARD CHARGED $600 FOR ""DREAM VACATIONS""? I HAVEN’T LEFT MY HOUSE!!",fraud_report
Please tell me about your bridging finance terms.,loan_inquiry
whats the link 2 apply?,loan_inquiry
Loan application process—any idea how to start?,loan_inquiry
What is the procedure for applying for a vacation loan?,loan_inquiry
can i apply over phone 4 cc?,credi_card_application
can someone reset my password ty,password_reset
can i apply for premium cc?,credi_card_application
Has my loan application been approved yet?,loan_inquiry
refund da whole thing,fraud_report
Could you inform me if my loan application has been finalized?,loan_inquiry
How do I request a loan application package by mail?,loan_inquiry
why’s my $$$ gettin the cold shoulder?,transaction_query
Please describe your community development loans.,loan_inquiry
I’m not patient—SAVINGS BALANCE THIS INSTANT!,balance_inquiry
"password stuck, wanna change it",password_reset
Was the last transaction successful without any problems?,transaction_query
Please furnish me with the instructions for a successful credit card application.,credi_card_application
pls block my card—charges i didn’t approve!!!,fraud_report
The latest transaction—can I get the vendor details?,transaction_query
am i qlified 4 grad school loan?,loan_inquiry
"yo, forgot my pass, can u help reset?",password_reset
Could you inform me whether pay stubs or bank statements are necessary?,credi_card_application
"Yo, did the last thing actually work tho?",transaction_query
Can you give me the timestamp for my last transaction?,transaction_query
Could you tell me if the loan committee has reviewed my application?,loan_inquiry
"where my loan app at, any news?",loan_inquiry
I need to reset my password due to a system error.,password_reset
I would appreciate your support in understanding the credit card application requirements.,credi_card_application
do i strike loan eligibility?,loan_inquiry
What is your process for loan modification or refinancing?,loan_inquiry
recent transction? internal screaming,transaction_query
Scam alert! Gimme my cash rn.,fraud_report
Could you explain the steps for joint loan applications?,loan_inquiry
unathorized purshase here,fraud_report
I’m seconds from a meltdown—SAVINGS BALANCE NOW!,balance_inquiry
yo someone stole my checkbook—they’re writin fake checks!!,fraud_report
I am unable to log in and require a password reset.,password_reset
I’d like to compare your credit facilities for small businesses.,loan_inquiry
What budget planning tools accompany your lending services?,loan_inquiry
"wanna install “security patch,” feels bogus",fraud_report
did my card decline? what’s the prob,transaction_query
Do you have any news on my loan application?,loan_inquiry
can i get a new cred card? wut’s the process?,credi_card_application
am i eligble 4 a loan?,loan_inquiry
What was the exact date of the last transaction I made?,transaction_query
What is your turnaround time for loan approval?,loan_inquiry
last payment info pls i’m stressed,transaction_query
What’s the company tied to my last transaction?,transaction_query
what credit plans do u offer?,loan_inquiry
May I inquire if I satisfy the requirements for a capex financing solution?,loan_inquiry
Did the last transaction proceed smoothly?,transaction_query
Please advise on the eligibility criteria for obtaining a credit card.,credi_card_application
"When was the last time I made a transaction, you know?",transaction_query
"I’m so mad rn, someone is clearly using my info.",fraud_report
How do I jump into a loan apply?,loan_inquiry
What is the outstanding amount in my savings account?,balance_inquiry
followin up on my cc application,credi_card_application
Explain loan u do.,loan_inquiry
I’d like to know about your holiday or vacation loan options.,loan_inquiry
"Last payment, was that a pass?",transaction_query
Did the last payment finish successfully?,transaction_query
Twitter DM scam—stole my card info!!,fraud_report
y’all texted me ‘bout fraud—it’s TRUE!!,fraud_report
Was the previous transaction carried out correctly?,transaction_query
I am seeking guidance on how to apply for a personal loan from your bank.,loan_inquiry
I didn’t buy this. FIX IT.,fraud_report
I did not write the memo on check #7890.,fraud_report
My heart sank when I saw this charge. What should I do?,fraud_report
I would appreciate confirmation of my qualification for a healthcare professional loan.,loan_inquiry
What’s the payee listed for my most recent transaction?,transaction_query
what’s available 4 loans?,loan_inquiry
Could you please provide an update on the status of my loan application?,loan_inquiry
Please advise on how to properly submit a credit card application.,credi_card_application
What’s my savings balance RIGHT NOW? This is urgent!,balance_inquiry
"Bring my stolen $$ back ASAP, plz.",fraud_report
Can you confirm my eligibility for a bridge loan?,loan_inquiry
Was the previous transaction completed without any problems?,transaction_query
why’s my transac failin? ugh,transaction_query
how do i apply via chat?,loan_inquiry
recent charge deets pls n thx,transaction_query
why’s my bread bounce?,transaction_query
What is the residual amount in my savings?,balance_inquiry
Can you share details on your construction loan offerings?,loan_inquiry
This is causing me anxiety.,fraud_report
WHAT DID I SPEND MY SAVINGS ON,transaction_query
Was that last transaction fine or off?,transaction_query
Wot's da scoop 2 get a loan?,loan_inquiry
What loan tools or calculators do you have for customers?,loan_inquiry
Was the transaction processed successfully without any issues?,transaction_query
"yo, any deets on my loan app stat?",loan_inquiry
Was the last payment made successfully?,transaction_query
yo card been jacked,fraud_report
Can I see who processed my most recent transaction?,transaction_query
I’m furious—SAVINGS BALANCE OR I’M ESCALATING THIS!,balance_inquiry
What car-lease financing is available?,loan_inquiry
i saw this and panicked,fraud_report
"hey, what's the proper route 2 apply for a credit card?",credi_card_application
Could you walk me through your car finance packages?,loan_inquiry
The last place I shopped—what was the name again?,transaction_query
Can you outline your loan application process?,loan_inquiry
pass reset link wrong acct,password_reset
Did the last transaction process properly?,transaction_query
"Was the last one completed, or did it fail?",transaction_query
"Can I apply for a green home improvement loan, and how?",loan_inquiry
"comp froze, msg from microsoft-support.co, scam?",fraud_report
what’s the damage? (jk tell me my balance),balance_inquiry
I kindly request information on how to submit a loan application with your bank.,loan_inquiry
spill my last transacshun pls,transaction_query
"When did I make my last payment, can you check?",transaction_query
bro i wuz sleepin not buyin,fraud_report
"CHARGES TO ""SCAMMERZ""? I’M TAGGING YOUR CEO—GET MY MONEY BACK!!",fraud_report
"yo, any sign on my loan app progressin’?",loan_inquiry
can u check if i’m eligible?,loan_inquiry
someone used my pin at atm,fraud_report
wasn’t even in the area,fraud_report
Loans easy? T&C pls.,loan_inquiry
how to apply in mobile app?,loan_inquiry
I’m beyond frustrated—SAVINGS BALANCE IMMEDIATELY!,balance_inquiry
how long till my loan is approved?,loan_inquiry
Could you provide the balance of my savings account?,balance_inquiry
What store or company was my most recent payment to?,transaction_query
May I request assistance regarding how to apply for a loan?,loan_inquiry
A non-existent vendor appears on my check history.,fraud_report
This transaction seems weird... Did I get charged twice?,fraud_report
did i spend $$$ on somethin dumb?,transaction_query
do i match da loan criteria?,loan_inquiry
will u refi my mortgage?,loan_inquiry
Could you advise whether I qualify for an API-driven loan approval process?,loan_inquiry
Do I need to file a complaint? SAVINGS BALANCE NOW!,balance_inquiry
can i email my loan app?,loan_inquiry
Was the last trans okay or no?,transaction_query
"Hey, how loans work w/ u?",loan_inquiry
Stop with the runaround—SAVINGS BALANCE IMMEDIATELY!,balance_inquiry
can i get a loan? how?,loan_inquiry
"Yo, what time and date was my last transaction?",transaction_query
recent payment info PLS RN,transaction_query
I would like to know if I am eligible for an overdraft protection line.,loan_inquiry
app says “suspicious activity”—pls help!!,fraud_report
can i snag a loan right now?,loan_inquiry
neg balance ALERT!,fraud_report
Was the previous transaction without complications?,transaction_query
I am writing to inquire about the process for submitting a loan application.,loan_inquiry
I think my checkbook was compromised.,fraud_report
paid $500 to “fix my computer”—fraud!!,fraud_report
Could you direct me to the official loan application forms and procedures?,loan_inquiry
"hook me up w/ ur best cc, pls",credi_card_application
A check cleared today that wasn’t written by me.,fraud_report
any news bout my loan decision?,loan_inquiry
Was con taken by thief—bail me bk!,fraud_report
fraud alert!! i didnt do this,fraud_report
Why is this happening?? Every month it’s something new.,fraud_report
payment not work—why’s it buggin?,transaction_query
It’s not even my spending style – check it!,fraud_report
"Omg, my money’s gone—pls help fix this.",fraud_report
any ETA on my loan decision?,loan_inquiry
"CHARGES TO ""ELITE APPAREL""? I WEAR THRIFT STORE—WHO’S STEALING??",fraud_report
need help finishing cc application,credi_card_application
balance check pls! throws confetti,balance_inquiry
what’s that charge i didn’t approve,transaction_query
"yo, when can i apply for a credit card?",credi_card_application
whut kinda credit plans?,loan_inquiry
Do you have details about where my last payment went?,transaction_query
finance app status?,loan_inquiry
i dnt knw this charge,fraud_report
why’s my card sayin nah fam?,transaction_query
send reset for correct acct,password_reset
"yo, loan review still goin?",loan_inquiry
Can you confirm the signature on check #3456?,fraud_report
gas station charged me 10 times—scam!!,fraud_report
Was the most recent payment processed correctly?,transaction_query
How can I track the status of my credit card application once submitted?,credi_card_application
Please investigate check clearance at ATM branch 12.,fraud_report
my acc’s haunted—charges i didn’t make!!,fraud_report
Please place a stop-payment on the suspicious check.,fraud_report
clicked a link now my acc’s drained—pls help,fraud_report
my card’s on the dark web—pls replace!!,fraud_report
Please direct me on how to proceed with the loan application for your services.,loan_inquiry
what’s my total? anxious sweating,balance_inquiry
why’d my dough get the red X?,transaction_query
Instagram seller never shipped—scam!!,fraud_report
what credit products u got?,loan_inquiry
The last payment I made—what’s the merchant name?,transaction_query
Wot loans suited to biz?,loan_inquiry
"hey, status on that loan?",loan_inquiry
Who’s the company that charged me last?,transaction_query
is loan app free?,loan_inquiry
Can you confirm the merchant for my last purchase?,transaction_query
how do i fill out a cc app?,credi_card_application
Please share the savings account balance when convenient.,balance_inquiry
are u guys working on my loan?,loan_inquiry
Help me review check #5678—it wasn’t mine.,fraud_report
Do you offer equipment leasing versus purchasing loans?,loan_inquiry
DID I SPEND MONEY ON VIRTUAL ROCKS,transaction_query
need help changin my pass,password_reset
Lemme know ur loan types.,loan_inquiry
do u mail me a cc app?,credi_card_application
how do i apply 4 home loan?,loan_inquiry
What business is attached to my latest account activity?,transaction_query
What is the current progress of the loan I applied for last week?,loan_inquiry
You better trace this transaction now.,fraud_report
gave remote access—now fraud charges!!,fraud_report
will u approve travel loan?,loan_inquiry
what borrow options u got?,loan_inquiry
I require the current valuation of my savings account.,balance_inquiry
dis serious help me,fraud_report
how much cash moneys do i possess,balance_inquiry
Could you let me know if a decision has been made on my loan?,loan_inquiry
I am writing to request the current status of my loan application and any next steps.,loan_inquiry
do i make da loan grade?,loan_inquiry
my transac got declin—why bruh?,transaction_query
"CHARGES TO ""F*CKING FRAUDSTERS""? I’M BURNING THIS BANK DOWN—FIX IT!!",fraud_report
May I learn whether I qualify for a green energy financing program?,loan_inquiry
"atm was off network, no idea",fraud_report
Can you find out the time of my last trans action?,transaction_query
"When did I last trans, what time exactly?",transaction_query
Do you have relationship-based lending programs?,loan_inquiry
what loan programs u have?,loan_inquiry
Did the last one go through like it should?,transaction_query
"atm dispensed wrong amt, i didn’t get $$",fraud_report
Could you kindly explain the process for credit card application initiation?,credi_card_application
how do i apply 4 biz credit?,loan_inquiry
Can you confirm that my financial and credit history meets your loan criteria?,loan_inquiry
This is giving me panic attacks.,fraud_report
need 2 know my recent charge thx,transaction_query
"Can I initiate a loan application by phone, and if so, what number should I call?",loan_inquiry
who dis charge from??,fraud_report
Could you inform me of partner retailer benefits for new cardholders?,credi_card_application
do i have what it takes 4 financing?,loan_inquiry
Immediately scam reset urgent need aid!,fraud_report
Was the last transaction executed successfully?,transaction_query
how to get financed?,loan_inquiry
someone added my card to their wallet—stop ‘em!,fraud_report
Do you know the recipient of my most recent payment?,transaction_query
Loans listed w/ benefits?,loan_inquiry
dis gotta be fraud rite?,fraud_report
ima need refund quick,fraud_report
need new pass. can’t login.,password_reset
how do i get my credit card appl submitted?,credi_card_application
"CHARGES TO ""DREAM WEDDINGS""? I’M MARRIED TO MY COUCH—REVERSE THIS JOKE!!",fraud_report
charge from “WHYTHO CORP”—EXPLAIN,transaction_query
uhh i didn’t make that $500 charge—fraud???,fraud_report
want my money back,fraud_report
What’s the business that charged me last?,transaction_query
"hey, wher can i get ma credit card applic sorted?",credi_card_application
This was not authorized by me. Period.,fraud_report
do i pass da loan eligibility bar?,loan_inquiry
Was the last payment successful with no issues?,transaction_query
I never authorized the check made out to “Green Mart.”,fraud_report
bill came thru n i shook,fraud_report
payment rejected. reason?,transaction_query
Please keep me posted on my loan application’s status.,loan_inquiry
not my doin,fraud_report
what’s the steps to borrow $$?,loan_inquiry
what cc tiers u got? how apply?,credi_card_application
"yo, what info do i need 2 start a credit card aplly?",credi_card_application
Could you confirm the company for my latest transaction?,transaction_query
atm fraud alert on my phone,fraud_report
Can you give me the date and time for the last trans?,transaction_query
U got home loans n stuff?,loan_inquiry
last purchse? spill the tea pls,transaction_query
"i wanna know how to get ma credit card appl reviewed, plz help.",credi_card_application
"shooting for a loan, what types?",loan_inquiry
"Yo, what was the timestamp on my last transaction?",transaction_query
fee ate my rent,fraud_report
I NEVER made this transaction.,fraud_report
need $—how apply?,loan_inquiry
DID I PAY FOR A SUBSCRIPTION AGAIN,transaction_query
How do I complete and submit the form for a renovation loan?,loan_inquiry
what’s ur unsecured loan?,loan_inquiry
May I request that my qualifications be evaluated for potential loan approval?,loan_inquiry
Loan application—how do I get started?,loan_inquiry
Did the last payment go alright?,transaction_query
"pw reset link not arriving, pls fix",password_reset
Did the last one go smoothly or not?,transaction_query
"Yo, when did my last transaction go through, time and date?",transaction_query
"What’s up with the last payment, all good?",transaction_query
cant rember my login—pls reset thx,password_reset
Would you please furnish me with the necessary details for submitting a loan application?,loan_inquiry
$200 at BestBuy?? nah that ain’t me—fraud!!,fraud_report
my memory’s trash—pls reset my passwrd,password_reset
Could you confirm whether I qualify for a salary-backed personal loan?,loan_inquiry
I need info on loans u offer.,loan_inquiry
overdraft warning sucks,fraud_report
do i meet refinance reqs?,loan_inquiry
fee n neg bal tho,fraud_report
Did the most recent payment go through smoothly?,transaction_query
HELP! My account has been hacked!,fraud_report
someone sent me a bogus check—almost deposited it!!,fraud_report
wuz wondering if my loan got reviewed,loan_inquiry
"yo, got any link for credit card appl?",credi_card_application
student loan apply—what’s up?,loan_inquiry
this is the 10th time—pls reset!!,password_reset
atm deposit didn’t show but cash left,fraud_report
pass reset button not working,password_reset
yall check this out pls,fraud_report
credit card form not working,credi_card_application
"$900 AT ""LUXURY BULLSH*T""? I WEAR PAJAMAS TO WALMART—GREAT JOB, BANK!!",fraud_report
"$250 AT ""GOURMET TRASH""? I EAT CEREAL FOR DINNER—REAL FUNNY, THIEVES!!",fraud_report
I would appreciate confirmation of my eligibility for an automated underwriting loan.,loan_inquiry
saw suspicious activity—reset pass pls!!,password_reset
atm says success but no $$,fraud_report
I’m interested in your agriculture loan offerings.,loan_inquiry
loan req: wut types?,loan_inquiry
what’s up with my loan app?,loan_inquiry
fraudster put a fake check in my acc—help!!,fraud_report
smh overdraft af,fraud_report
"random site says “tech alert,” my bad?",fraud_report
sketchy things goin on rn,fraud_report
"WHO’S ""FASHION EMPIRE""? I SHOP AT DOLLAR TREE—STOP THEFT NOW!!",fraud_report
Is this even legal??,fraud_report
yo what loan options do y’all have?,loan_inquiry
My entire day is ruined now.,fraud_report
Was the last one smooth or was there a hiccup?,transaction_query
Could you kindly confirm the latest developments regarding my loan application?,loan_inquiry
Would you please explain the application process for your loan programs?,loan_inquiry
reset password code expired,password_reset
why’s my card rejectin everything?,transaction_query
Kindly expedite my password reset request.,password_reset
Did the last transaction work out fine?,transaction_query
"Last trans, was it good or nah?",transaction_query
how’d dey get in!?,fraud_report
"Can you tell me when my last transaction was, exactly?",transaction_query
"Scam happnd, plz get my money back.",fraud_report
sum1 stole my stuff :(,fraud_report
why’s resetting so complicated?? Just fix it!,password_reset
cann i update my cc app?,credi_card_application
"The last trans went okay, right?",transaction_query
"The last payment, was it good to go?",transaction_query
Who’s the merchant tied to my last purchase?,transaction_query
overdraft again?!,fraud_report
IRS says I owe $$$—identity theft!!,fraud_report
Was the last transaction without any errors?,transaction_query
Please advise on the status of my financing request.,loan_inquiry
what home loan options?,loan_inquiry
Please freeze any further check transactions immediately.,fraud_report
What loan products are available through your bank?,loan_inquiry
why’d my $$$ go bye-bye?,transaction_query
I am interested in understanding if I meet your criteria for a loan approval.,loan_inquiry
I need to change my password following multiple failed attempts.,password_reset
Which loan terms are available for your various products?,loan_inquiry
my payment’s MIA—why?,transaction_query
password reset page not loadin—what do??,password_reset
"Yo, when was my last payment made?",transaction_query
my spend’s MIA—why tho?,transaction_query
loan chk plz,loan_inquiry
"wanna apply 4 ur credit card, thx",credi_card_application
can non-cust apply?,loan_inquiry
"I didn’t buy anything from this store, but it’s showing on my card.",fraud_report
How do I start the application for a self-employed lending program?,loan_inquiry
random Chrome extension asking for perms,fraud_report
What’s the exact date and time of the last purchase I made?,transaction_query
"yo, what r da latest on ma loan app?",loan_inquiry
my pin got stolen at atm,fraud_report
how come my payment didn’t go thru?,transaction_query
"am i loan ready, or nah?",loan_inquiry
"Yo, when exactly was my last transaction?",transaction_query
where do i send loan papers?,loan_inquiry
my sig’s been copied—fraud checks everywhere!!,fraud_report
your system’s glitchin—reset my pass!!,password_reset
Please provide me with the current update on my loan application process.,loan_inquiry
What supporting documents must accompany my loan application?,loan_inquiry
I’m seeing multiple suspect check items this week.,fraud_report
Did the last transaction proceed successfully?,transaction_query
minimum balance to apply?,loan_inquiry
Please inform me if I satisfy the eligibility requirements for a construction-to-permanent mortgage.,loan_inquiry
"yo, where’s ma loan app in da process?",loan_inquiry
"When did I do the last payment, you know?",transaction_query
I would appreciate urgent assistance resetting my password.,password_reset
Has my loan request been forwarded to the approval committee?,loan_inquiry
"WHY’S MY CARD USED AT ""FRAUD EMPIRE""? I’M GOING TO THE MEDIA—FIX THIS!!",fraud_report
my keyboard’s broken—need pass reset lol,password_reset
Is this a joke? SAVINGS BALANCE BEFORE I SNAP!,balance_inquiry
Can you provide details on your graduates’ loan forgiveness plans?,loan_inquiry
Got a loan? How do I appl?,loan_inquiry
"When did my last trans happen, got the info?",transaction_query
can my file get a loan nod?,loan_inquiry
What is the accessible capital in my savings?,balance_inquiry
Lost funds 2 scam! Urgent assistance needed!,fraud_report
why’s my recent charge not going thru?,transaction_query
"They conned me, get back my money, plzz.",fraud_report
"nvr did this, promise",fraud_report
What loan plans do you have for debt consolidation?,loan_inquiry
fee racking up,fraud_report
"what’s goin on with my loan app, man?",loan_inquiry
wut info left on my cc form?,credi_card_application
Could you clarify whether my profile meets your criteria for an invoice-factoring program?,loan_inquiry
I feel like my account’s being used by someone else!,fraud_report
Did the previous transaction complete correctly?,transaction_query
charg no work. why?,transaction_query
I believe my account has been compromised. What should I do?,fraud_report
"hey, any progress with my loan app, ya heard?",loan_inquiry
Did the last one go alright or mess up?,transaction_query
i overdrafted by 5 bucks,fraud_report
Did the last transaction finish well?,transaction_query
Could you forward your loan comparison chart?,loan_inquiry
"yo, help me kick off my credit card appils, plz.",credi_card_application
Could you please disclose if I am considered eligible for a loan?,loan_inquiry
any holds on my cc application?,credi_card_application
A check appeared on my account that I never issued.,fraud_report
couldja tell me my balance? much obliged,balance_inquiry
My balance dropped and I didn’t buy anything!!,fraud_report
What’s the name of the vendor from my last transaction?,transaction_query
acc withdrawals i didn’t make—HELP!!,fraud_report
The last payment—what’s the company name?,transaction_query
whatchu offer for loans?,loan_inquiry
am i able 2 qualify w/my score?,loan_inquiry
"“Your account locked,” msg with call link",fraud_report
do i come across as loan worthy?,loan_inquiry
i think i typo’d my password—can’t login,password_reset
check my latest charge PLS PLS,transaction_query
Please provide a status update for my pending loan application.,loan_inquiry
What was the date and time of my last payment?,transaction_query
Who’s the recipient for my latest account activity?,transaction_query
Was the last transaction successful as expected?,transaction_query
"wrote them back, they want $200 gift cards",fraud_report
The latest charge on my account—what’s the merchant name?,transaction_query
"yo, where have my loan app results landed?",loan_inquiry
Would you confirm my eligibility for a digital-first lending product?,loan_inquiry
Could you advise whether I qualify for project-bond financing?,loan_inquiry
Lemme kno ur loan services.,loan_inquiry
The most recent transaction—what’s the merchant?,transaction_query
Could you please guide me through the necessary steps to apply for a credit card?,credi_card_application
Lost $$ 2 sum scam artist! Refund it!,fraud_report
acc locked cuz i forgot pass—halp!!,password_reset
looking 4 capex loan—apply?,loan_inquiry
need my $ total… u got the info?,balance_inquiry
"hi there, any news on loan app?",loan_inquiry
why’s my bank blamin me for bogus bounced checks??,fraud_report
I would appreciate a procedural overview of how to apply for a loan.,loan_inquiry
Stop stalling—I NEED MY SAVINGS BALANCE THIS SECOND!,balance_inquiry
I’m planning a home purchase; what mortgage options are available?,loan_inquiry
Could you tell me about your online loan application service?,loan_inquiry
"$400 AT ""GAMING WORLD""? I PLAY SOLITAIRE—FIX THIS THEFT!!",fraud_report
what’s my latest money oopsie,transaction_query
I am looking to secure a loan and require a detailed explanation of the application process.,loan_inquiry
reset my banking password ty,password_reset
Could you please analyze my financial profile to determine if I qualify for a loan?,loan_inquiry
what’s wrong with my transac? halp,transaction_query
Can you tell me where my last payment went?,transaction_query
How do I submit an application for a home equity line of credit?,loan_inquiry
this not how i roll,fraud_report
Did the most recent transaction proceed correctly?,transaction_query
"CHARGES AT 3 AM?? I WAS ASLEEP—FRAUD DEPARTMENT, WAKE THE HELL UP!!",fraud_report
loan application—what do i do?,loan_inquiry
Please explain how to apply for an interest-only loan.,loan_inquiry
this tech guy wants my fingerprint via webcam,fraud_report
Was the last transaction completed successfully?,transaction_query
What company name is on my last charge?,transaction_query
am i loan-worthy in your eyes?,loan_inquiry
"WHY’S THERE A $1,200 CHARGE TO ""LUXURY CARS""? I DRIVE A 2003 COROLLA!!",fraud_report
Kindly provide the necessary steps to complete a loan application.,loan_inquiry
Amazon UK charge—I don’t shop there!!,fraud_report
tech scammer’s got my card deets!!,fraud_report
recent transac? hyperventilates,transaction_query
why u let me go neg?,fraud_report
want to know my loan status,loan_inquiry
How do I apply for a loan with a co-applicant?,loan_inquiry
do i got loan eligibility vibes?,loan_inquiry
Please advise if my qualifications are sufficient for loan approval by your bank.,loan_inquiry
"they said they’ll clean my comp for $99, scam?",fraud_report
Wot loans options now?,loan_inquiry
Was the last one finished properly?,transaction_query
Who let this payment go through??,fraud_report
What personal finance loans do you have?,loan_inquiry
do i have loan potential?,loan_inquiry
I require assistance due to a forgotten password.,password_reset
checks clearin from a printer—i didn’t make those!!,fraud_report
HELP MY MONEY’S GONE!!,fraud_report
last spend? chokes on coffee,transaction_query
feels like my info leaked,fraud_report
atm forced eject but no cash,fraud_report
Was the last transaction successful without any complications?,transaction_query
When did my last transaction go down?,transaction_query
"Yo, when did I make that last payment, can you check?",transaction_query
check my recent transac rq pls,transaction_query
recent spend pls i’m losin it,transaction_query
The latest transaction—what’s the merchant details?,transaction_query
shoppin history don’t match,fraud_report
Was the last one smooth or messed up?,transaction_query
tell me why my cash gone,fraud_report
what funding options?,loan_inquiry
"random support widget on site, hella sus",fraud_report
why’s my card ghostin my spend?,transaction_query
Could you walk me through your mortgage and auto loan products?,loan_inquiry
Everything cool with the last trans?,transaction_query
Please state the remaining capital in my savings account.,balance_inquiry
tell me the last thing i bought rn,transaction_query
pass reset page broke—halp!,password_reset
dont let them charge more,fraud_report
any fee 2 apply 4 cc?,credi_card_application
Was the previous payment successful?,transaction_query
"pass invalid, need reset asap",password_reset
Could you detail the remaining assets in my savings account?,balance_inquiry
"forgot my cred, reset please",password_reset
May I check my qualification for a medical-practice acquisition loan?,loan_inquiry
need 2 apply 4 a new card asap,credi_card_application
The latest purchase—what’s the payee’s name?,transaction_query
why’s my card declinin stuff? idk,transaction_query
recent transction—why’s it $500??,transaction_query
not my purshase,fraud_report
loan status update pls,loan_inquiry
"Yo, when was the last payment I made?",transaction_query
in-game purchases I didn’t make—scam!!,fraud_report
What kinds of financing do you offer?,loan_inquiry
"got slack DM from “IT team,” i didn’t add em",fraud_report
is phone # on cc app correct?,credi_card_application
Could you detail the criteria and steps involved in applying for a loan?,loan_inquiry
"How d I order a loan application, plz help.",loan_inquiry
send me loan apply reqs,loan_inquiry
Would you explain your credit limit determination process?,credi_card_application
I’m about to combust—WHAT’S MY SAVINGS BALANCE?!,balance_inquiry
What's da method 2 apply 4 a loan?,loan_inquiry
Was the last action processed properly?,transaction_query
can i qualify for any loan product here?,loan_inquiry
Did the last payment finish smoothly?,transaction_query
card acting up. why?,transaction_query
Was the previous transaction successful without issues?,transaction_query
pls refund my $$$—fraud!!,fraud_report
The last place I used my card—what’s it called?,transaction_query
my password’s gone—how 2 make new one??,password_reset
"password not workin, reset pls",password_reset
can u just tell me my account balance quick,balance_inquiry
May I request information on the current stage of my loan application?,loan_inquiry
"they want my google auth codes, no way",fraud_report
Who received my most recent payment?,transaction_query
The most recent spend—what’s the vendor name?,transaction_query
Could you explain how to apply for a salary-backed personal loan?,loan_inquiry
why card say no?,transaction_query
what’s that $ charge i don’t recognize,transaction_query
paid “tech support”—they scammed me!!,fraud_report
how did i go neg?,fraud_report
This is beyond frustrating.,fraud_report
Can you let me know the date and time of the last payment?,transaction_query
fee popped up wtf,fraud_report
The latest account activity—what’s the merchant?,transaction_query
Please share the essential steps required to begin a loan application.,loan_inquiry
do i fit ur holiday loan plan?,loan_inquiry
Is it possible my account was used without me knowing?,fraud_report
Kindly report the existing savings account balance.,balance_inquiry
"hey, can u let me know the process for a credit card appl?",credi_card_application
May I inquire if I qualify for disaster relief financing?,loan_inquiry
What student financing plans are offered?,loan_inquiry
Was the most recent transaction successful without error?,transaction_query
Can you outline the steps to apply for an agricultural equipment lease?,loan_inquiry
can u tell me my balance? i’m hopeless,balance_inquiry
what types of debt help?,loan_inquiry
charge from uk?? bruh im in texas,fraud_report
What loan service u got?,loan_inquiry
account status: ??? enlighten me,balance_inquiry
Please reset my password and ensure my account remains secure.,password_reset
Can you confirm whether my loan application has been processed?,loan_inquiry
"saw call from 1-800-IT-HELP, is that legit?",fraud_report
"need to apply for loan, help?",loan_inquiry
what commercial loan kills?,loan_inquiry
IVR apply for credit card?,credi_card_application
I’d like to know which loan options are available for customers.,loan_inquiry
who’s editin my checks? Amounts don’t match!!,fraud_report
anything new on my loan?,loan_inquiry
"This scam stole my funds, help me!",fraud_report
have u checked my loan req?,loan_inquiry
Who received the funds from my most recent transaction?,transaction_query
"They fooled me—help fix it, pls!",fraud_report
fraud happened i guess?,fraud_report
"""yo, how much money is left in my accnt?""",balance_inquiry
what’s ur lending portfolio?,loan_inquiry
Something sketchy is going on.,fraud_report
card said nope. reason?,transaction_query
Did the last trans finish okay?,transaction_query
my card’s got charges i don’t recognize,fraud_report
Can u giv loan alternatives?,loan_inquiry
got a fraud alert—what’s goin on??,fraud_report
card declin—whats the drama?,transaction_query
whyd my last transactoin get declinded?,transaction_query
dang charged OD fee,fraud_report
my pass might be leaked—reset it pls!!,password_reset
I am reaching out to obtain an update on my loan application status.,loan_inquiry
"ths aint me, fr",fraud_report
Could you kindly send detailed guidelines on how to complete your credit card application form?,credi_card_application
How do I request a credit card application package by mail?,credi_card_application
wtf overdraft fee,fraud_report
I think someone is using my card without permission.,fraud_report
Can I get the name of the vendor from my last spend?,transaction_query
"What was the time of my last transaction, you know?",transaction_query
I wish to reset my password to enhance security.,password_reset
why’d my spend bounce? clueless rn,transaction_query
halp—pass reset required.,password_reset
I would like to hear about any recent updates on my loan request.,loan_inquiry
The most recent spend—what’s the merchant name?,transaction_query
"hey, what’s happenin with ma loan app?",loan_inquiry
Wot steps 2 apply 4 a loan?,loan_inquiry
this not my purshasin style,fraud_report
Did the transaction go through as expected without problems?,transaction_query
what’s the number? points at account,balance_inquiry
A check processed while my checkbook was locked.,fraud_report
this “TechGadgets” charge—total scam!!,fraud_report
"Yo, this dude wants me to dl remote access, feels sus.",fraud_report
i aint got cash lol,fraud_report
I am requesting a new login password; kindly help.,password_reset
phone number not recognized—cant reset!!,password_reset
I would appreciate assistance in understanding the credit card application process.,credi_card_application
What is the remaining principal in my savings?,balance_inquiry
Could you review my current standings and advise if I qualify for a loan?,loan_inquiry
"Do you offer auto loans, and if so, what are they?",loan_inquiry
Could you elucidate the necessary procedures for initiating a loan application?,loan_inquiry
Can you confirm whether my loan application is still under review?,loan_inquiry
"hey, i wanna apply 4 a credit card, how?",credi_card_application
Can you tell me the time of my last transaction?,transaction_query
I’d like to review your loan product lineup.,loan_inquiry
Are you even trying? SAVINGS. TOTAL. NOW.,balance_inquiry
how do i file a loan app?,loan_inquiry
cancel da card now,fraud_report
May I request any new information regarding the status of my loan application?,loan_inquiry
"Hey, can you check the date and time of my last transaction?",transaction_query
I’m losing faith here—WHAT’S IN MY SAVINGS?!,balance_inquiry
Was the last payment completed correctly?,transaction_query
Who’s listed as the merchant for my last payment?,transaction_query
Was the transaction successful without any issues?,transaction_query
why’s my statement full of ??? charges,fraud_report
I’m about to explode—HOW MUCH IS IN SAVINGS?!,balance_inquiry
loan review update?,loan_inquiry
Retrieve funds stolen by scam artist.,fraud_report
why’d my last payment fail? ugh,transaction_query
transacshun? panics in millennial,transaction_query
Are you ignoring my requests? SAVINGS. NOW.,balance_inquiry
Was the recent transaction successful?,transaction_query
Can u show me the loan application process?,loan_inquiry
Was that last transaction smooth?,transaction_query
u got my loan docs?,loan_inquiry
I’d like an overview of both secured and unsecured loans.,loan_inquiry
i need ta check how much mony i have thx,balance_inquiry
Can you confirm the retained funds in my savings?,balance_inquiry
how much i got left? cries internally,balance_inquiry
"When exactly was my last payment made, you know?",transaction_query
I would appreciate your help resetting my password.,password_reset
EMERGENCY—FRAUD CHARGES!!,fraud_report
why’s my biz checks bein used after i closed it??,fraud_report
Please outline the security measures in place during the online application.,credi_card_application
do i measure up 2 score a loan?,loan_inquiry
Could you detail the process for conditional pre-approval of a loan?,loan_inquiry
nevr seen dis store name,fraud_report
How do I go abt applyin 4 a loan?,loan_inquiry
I been ripped off! Give me my money bk.,fraud_report
I am writing to follow up on the status of my loan application.,loan_inquiry
Who’s the vendor for my most recent purchase?,transaction_query
Could you provide an overview of your credit facilities?,loan_inquiry
transac said “LOL NOPE”—why?,transaction_query
cannot withdraw now,fraud_report
Was the last transaction a yes or a no?,transaction_query
Could you please confirm whether I qualify for a loan?,loan_inquiry
"any scoop on my loan app, mate?",loan_inquiry
weird charges showin up,fraud_report
Was that last thing legit or did it mess up?,transaction_query
I discovered a back-dated check that wasn’t mine.,fraud_report
"yo, need details on how 2 do a credit card appl.",credi_card_application
Please direct me to the password reset page.,password_reset
my bank acc’s throwin a tantrum—help!!,fraud_report
i even forgot my mom’s maiden name—reset!,password_reset
May I inquire about the specific requirements and whether I satisfy them for a loan?,loan_inquiry
do i pass muster 4 a loan?,loan_inquiry
"hey, need instructions for credit card appl",credi_card_application
loan app info—where?,loan_inquiry
"Can you tell me when my last payment was, exactly?",transaction_query
Not mine. Never heard of this store.,fraud_report
Did that last thing go through without a problem?,transaction_query
The latest charge—what company was involved?,transaction_query
Did you misplace my money? SAVINGS BALANCE NOW!,balance_inquiry
I need a secure link to reset my password; please send it.,password_reset
"When exactly did I make the last payment, got that info?",transaction_query
"Yo, can you check when my last transaction was?",transaction_query
Please inform me whether I qualify for a paycheck-alternative loan.,loan_inquiry
This is stressful and unprofessional.,fraud_report
account $ amount—spill the tea pls,balance_inquiry
Can you check the time and date of my last transaction?,transaction_query
freeze my acc before it’s empty!!,fraud_report
Kindly assist me in generating a new password.,password_reset
Who endorsed check #2100 on 04/10?,fraud_report
"your PC at risk, dial this number, idc",fraud_report
latest payment info PLS AND THX,transaction_query
checkin acc balance—pls tell me thx,balance_inquiry
check theft from my porch—fraud!!,fraud_report
I am interested in determining if I meet the requirements for a peer-to-peer lending arrangement.,loan_inquiry
this app bugging or fraud?,fraud_report
What assistance loans exist for energy-efficient home improvements?,loan_inquiry
I need information on your line of credit services.,loan_inquiry
why’d my transacshun bounce? smh,transaction_query
"Oh no, I just noticed money missing. I think it’s fraud.",fraud_report
Could you confirm the recipient for my latest charge?,transaction_query
"CHARGES TO ""MYSTERY CLOWNS""? I’M THE JOKE HERE—FIX THIS CIRCUS NOW!!",fraud_report
Was the most recent transaction successful without complications?,transaction_query
last spend deets PLS PLS PLS,transaction_query
will i qlify 4 personal loan?,loan_inquiry
this whole thing off,fraud_report
what’s my latest financial oof,transaction_query
"hey, can u update me if my loan app’s been actioned?",loan_inquiry
Was the last transaction processed as expected?,transaction_query
"yo, any news on my loan app upd8?",loan_inquiry
"atm keypad prob, someone watched",fraud_report
"my password’s wrong, resend reset",password_reset
Who’s listed as the payee for my latest charge?,transaction_query
This check number doesn’t match any written by me.,fraud_report
I’m panicking! There’s a huge charge I didn’t authorize!,fraud_report
aint my type a buyin,fraud_report
Stop taking my money!!,fraud_report
Kindly provide a breakdown of my savings account holdings.,balance_inquiry
pw reset but no confirmation,password_reset
am i seen as loan ready?,loan_inquiry
Was the last one clean or did it glitch?,transaction_query
dude asked me to type netstat in cmd,fraud_report
Was the previous payment made successfully?,transaction_query
can i see loan options?,loan_inquiry
Pretty sure someone else is using my card,fraud_report
check my purchse HISTORY’S LAST,transaction_query
bruh my wallet still w me,fraud_report
my bal’s below zero??,fraud_report
paid for “software” that doesn’t exist!!,fraud_report
my acc’s bein robbed—HELP!!,fraud_report
Was the previous payment smooth or problematic?,transaction_query
How do I roll up a loan application?,loan_inquiry
someone’s usin my card for Uber—stop it!!,fraud_report
fake invoice paid—pls get my $$$ back!!,fraud_report
Did the last transaction complete without problems?,transaction_query
I am experiencing difficulty accessing my account and need a password reset.,password_reset
latest payment—did i get hacked??,transaction_query
Are you serious right now??,fraud_report
Can you give me the details on the date and time of my last trans?,transaction_query
resett my pass ASAP—acc locked!!,password_reset
my loot bounced—why tho?,transaction_query
"I didn’t make this payment, why’s it here??",fraud_report
Was the last transaction completed without any trouble?,transaction_query
I’m in a panic—HOW MUCH IS IN MY SAVINGS ACCOUNT?!,balance_inquiry
urgent!! need 2 reset my banking pass,password_reset
can u reset my bank pw?,password_reset
Can you tell me the timestamp of my last trans?,transaction_query
"$800 AT ""DIAMOND STORES""? I’M ON FOOD STAMPS—WHAT KIND OF SCAM IS THIS??",fraud_report
Did the last transaction process correctly?,transaction_query
"What was the date and time of my last payment, you got that info?",transaction_query
charg bounced—why bruh?,transaction_query
help b4 more damage plz,fraud_report
Can you give me the time and date for the last payment I made?,transaction_query
bogus check from “secret admirer”—scam!!,fraud_report
"When was my last payment, exactly?",transaction_query
Was the last one successful or a failure?,transaction_query
"Was legit scammed, get my $$ bak!",fraud_report
your site’s buggin—pls reset my pass!!,password_reset
Was the last transaction completed as intended?,transaction_query
my pass feels compromised—pls change it,password_reset
Did the last trans complete okay?,transaction_query
"Yo, did the last one work out fine?",transaction_query
Do you offer disaster relief lending?,loan_inquiry
can i refi my home here?,loan_inquiry
"Last one, no issues, right?",transaction_query
Did you forget how to read? SAVINGS BALANCE IMMEDIATELY!,balance_inquiry
why’s my dead grandma’s checks bein cashed??,fraud_report
Did the last payment go thru or what?,transaction_query
May I understand your minimum credit score requirements for application?,credi_card_application
Please send me a verification code to reset my password.,password_reset
"Lemme kno loan options, man.",loan_inquiry
"still no reset email, resend",password_reset
"hey support, what loans r available?",loan_inquiry
I’ve been waiting forever—JUST SHOW ME MY SAVINGS!,balance_inquiry
"hey, any word on dat loan app I submitted?",loan_inquiry
how to ask for 10k limit?,credi_card_application
Can you give me the time and date for my most recent trans?,transaction_query
why’d they say no to my payment?,transaction_query
Was the transaction completed without any difficulties?,transaction_query
"Last payment, was that a go or no?",transaction_query
someone skimmed my card at the atm,fraud_report
last payment pls i’m abt 2 explode,transaction_query
tiny charges then big ones—fraud!!,fraud_report
fraud all over dis,fraud_report
"Last trans, smooth or glitchy?",transaction_query
has my loan hit approval stage?,loan_inquiry
"got Whatsapp msg from “Tech Team,” lol",fraud_report
bought somethin off Instagram—total scam!!,fraud_report
latest transction—I NEED ANSWERS,transaction_query
random password reset emails—fraud??,fraud_report
Has my loan request moved to the next stage?,loan_inquiry
any issues w/ my loan?,loan_inquiry
That check is for an amount I never authorized.,fraud_report
ain't even funny now,fraud_report
"ATM ate my card, money gone ",fraud_report
What small business loans are available?,loan_inquiry
1 sec i got scammed ,fraud_report
my card’s maxed out cuz fraud—pls help!!,fraud_report
can i apply by txt?,loan_inquiry
do i check off da loan points?,loan_inquiry
Someone may have stolen my checks—please block them.,fraud_report
umm what’s my acc balance like these days,balance_inquiry
can i get an edu loan?,loan_inquiry
Did that last trans go through smoothly?,transaction_query
May I ascertain the funds remaining in my savings?,balance_inquiry
This charge is completely unrecognized. Refund me.,fraud_report
"Hey, loan type, now plz?",loan_inquiry
"Yo, what’s up with this random $89 charge?",fraud_report
someone snatched my check outta the mailbox!!,fraud_report
What loan plans do u got?,loan_inquiry
catch the fraudsters quick,fraud_report
halp me obi-wan—ur my only hope (reset pass),password_reset
how much in my acc? prays silently,balance_inquiry
am i eligible to be loaned?,loan_inquiry
atm fraud fees r killer,fraud_report
"hey, any buzz on my loan app status?",loan_inquiry
Who’s the merchant for my most recent payment?,transaction_query
i forgot my secret Qs too—pls reset pass,password_reset
"Need a loan, how do I get in on it?",loan_inquiry
The last time I spent money—what’s the company name?,transaction_query
help me out big time,fraud_report
Take this charge off. I’m not paying it.,fraud_report
"$1,500 AT ""DREAM VACAY""? I CAN’T AFFORD TOILET PAPER—FIX THIS NOW!!",fraud_report
Kindly outline the procedure to apply for financing.,loan_inquiry
Can you tell me when my last payment went through?,transaction_query
Please inform me whether I meet the criteria for a jumbo loan.,loan_inquiry
Please advise if I satisfy the conditions for a community development loan.,loan_inquiry
"send reset code for my pwd, thx",password_reset
balance check pls! bites nails,balance_inquiry
I would appreciate an update on any decisions made concerning my loan application.,loan_inquiry
Was the last transaction fine or glitchy?,transaction_query
Please inform me whether I qualify for a reverse mortgage.,loan_inquiry
got video call request from random tech dude,fraud_report
Who’s the merchant for my most recent purchase?,transaction_query
"$300 AT ""PREMIUM APPAREL""? I WEAR SWEATPANTS—REVERSE THIS FRAUD!!",fraud_report
Please provide me with a password recovery link.,password_reset
"pulled cash, phone alerted fraud",fraud_report
"phone # on screen, says “call now,” yawns",fraud_report
how come my $$$ not process?,transaction_query
"dude asked me to run “cmd” commands, felt shady",fraud_report
"help me out, how d i start a credit card appl?",credi_card_application
"hey, is my loan being looked at?",loan_inquiry
"saw a “Microsoft Defender” fake site, dumb",fraud_report
Please specify the steps required for a complete loan application.,loan_inquiry
what’s my latest financial L,transaction_query
Was the last action completed properly?,transaction_query
scammers made fake checks lookin like mine!!,fraud_report
why’s there a $1 charity charge? Didn’t donate!,fraud_report
Did the last one pass or fail?,transaction_query
I think my checkbook was copied.,fraud_report
Was the last trans successful or nah?,transaction_query
can u hook me up with a card application?,credi_card_application
Can you tell me if my loan has been approved or needs more information?,loan_inquiry
What's da loan apply route?,loan_inquiry
"hey, how do i apply 4 a credit card?",credi_card_application
Do you have the exact date and time of my last transaction?,transaction_query
May I learn about your student credit card application protocol?,credi_card_application
help! forgot everythin—need pass reset,password_reset
What do I need 2 do 4 a loan appl?,loan_inquiry
am i set 2 snag a loan?,loan_inquiry
Wot loans u got rn?,loan_inquiry
Please review my financial information and confirm whether I meet the necessary criteria for loan consideration.,loan_inquiry
May I be informed of any promotional rates available for new applicants?,credi_card_application
hey whats the $ in my account right now,balance_inquiry
Please confirm the balance of my savings account.,balance_inquiry
atm gave me $$ then took it back,fraud_report
"The last trans, was it a win or did it crash?",transaction_query
list loan packages pls,loan_inquiry
card was safe w me!,fraud_report
what is this? i aint spend this money,fraud_report
How do I apply for a graduate student loan?,loan_inquiry
I require a password reset to access my account.,password_reset
my payment fail—why happenin?,transaction_query
do i fit in da loan eligibility mold?,loan_inquiry
Was that last thing a success or nah?,transaction_query
Could you advise if my credit and income meet your reverse-mortgage eligibility requirements?,loan_inquiry
That check endorsement doesn’t look like mine.,fraud_report
"got webpage saying “support needed,” pop-up junk",fraud_report
pls reset pass b4 i lose my mind,password_reset
how soon can i apply?,loan_inquiry
checks i didn’t write cashin—my book was stolen!!,fraud_report
Was the previous transaction successful and error-free?,transaction_query
Did the previous payment complete as expected?,transaction_query
Was the recent transaction finalized without problems?,transaction_query
Can you tell me when my last transaction was done?,transaction_query
what financing plans do u got?,loan_inquiry
Did the previous transaction complete without issues?,transaction_query
"$700 TO ""LUXURY CARS""? I RIDE THE BUS—FIX THIS OR I’M CALLING LAWYERS!!",fraud_report
do my stats qualift 4 a loan?,loan_inquiry
What do I do 2 get a loan apply?,loan_inquiry
"Loan service, how it work?",loan_inquiry
my bal’s -7.25 rn,fraud_report
my spend bounced—what’s the dealio?,transaction_query
Can you give me the time and date of the last purchase I made?,transaction_query
"WHO THE HELL IS ""GLOBAL DELIVERY""? I DIDN’T ORDER ANYTHING—SCAMMERS!!",fraud_report
How do I go abt gettin a loan?,loan_inquiry
why’s my tax refund gone? Fraud!!,fraud_report
Would you kindly inform me if my current financial profile meets the requirements for a loan?,loan_inquiry
washed checks cashed for higher amounts!!,fraud_report
can u pls update me on my loan app?,loan_inquiry
"my pass isn’t accepted, reset plz",password_reset
error on cc submission,credi_card_application
"got a Teams invite from stranger, odd",fraud_report
What are the steps to apply for a startup seed funding loan?,loan_inquiry
Did the transaction go through without any issues?,transaction_query
Did that last payment work properly?,transaction_query
What was the exact date and time for my last payment?,transaction_query
what’s that charge from “Bloop LLC”,transaction_query
There’s a foreign endorsement on a domestic check.,fraud_report
Please inform me of any updates regarding my loan application.,loan_inquiry
Could you inform me about your salary-backed loan offerings?,loan_inquiry
How do I hop on da loan application train?,loan_inquiry
what’s the damage in my acc? lmk,balance_inquiry
How do I call up the loan app process?,loan_inquiry
account balance,balance_inquiry
"hey bank, what loans u offer?",loan_inquiry
I would like to understand the necessary steps for progressing with my loan application; please advise.,loan_inquiry
How do I upload documents for an online loan application?,loan_inquiry
how do i put in a loan request?,loan_inquiry
Can u tell me how 2 jump in on a loan?,loan_inquiry
Do u hav refi loans?,loan_inquiry
Could you please outline the necessary procedures to apply for a loan?,loan_inquiry
May I inquire if I satisfy the requirements for a VA-backed loan?,loan_inquiry
can i be marked 4 a loan?,loan_inquiry
Can you confirm that I meet the necessary prerequisites for a loan application?,loan_inquiry
Was the previous payment processed successfully?,transaction_query
I didn’t make this payment. Can you stop whoever’s doing this?,fraud_report
Can you confirm if my loan application has reached the next stage of processing?,loan_inquiry
how much $ my checking got? clueless lol,balance_inquiry
Please send me a summary of your lending programs.,loan_inquiry
Was the last transaction smooth or nah?,transaction_query
Was the last payment processed properly?,transaction_query
why’s my bread not slidin thru?,transaction_query
collections call for debt I don’t owe—fraud!,fraud_report
This is infuriating—SAVINGS BALANCE STAT!,balance_inquiry
Scammed bad by sum sketchy guy—help!,fraud_report
What business processed my most recent charge?,transaction_query
who’s depositin checks into my acc without askin??,fraud_report
Stole my cash! Help me recover it pls.,fraud_report
Who’s listed as the business for my last payment?,transaction_query
"Loan u do, tell me.",loan_inquiry
Was the last payment made correctly?,transaction_query
How ur loans made up?,loan_inquiry
How do I start off on da loan apply?,loan_inquiry
do u have small biz loans?,loan_inquiry
Was the transaction finalized successfully?,transaction_query
Can you give me the time and date of the last thing I bought?,transaction_query
May I have additional details on how to start a loan application?,loan_inquiry
I was literally scammed; gimme back $$!,fraud_report
My password has expired; please reset it.,password_reset
This is critical—how much is in my savings account?!,balance_inquiry
Could you provide the current balance of my savings account?,balance_inquiry
smthin fishy goin on,fraud_report
May I request confirmation on the current evaluation of my loan application?,loan_inquiry
any student loan options?,loan_inquiry
The latest transaction—what’s the business name?,transaction_query
"saw a invoice pdf with bank logo, but scam?",fraud_report
they want my cc info to “security verify”,fraud_report
do i qualify 4 ed loan?,loan_inquiry
Mind sharing the name of the merchant from my last purchase?,transaction_query
May I inquire whether your mobile app supports credit card applications?,credi_card_application
Loans packages available?,loan_inquiry
"yo, can u help me out with the credit card appli steps?",credi_card_application
I’d like to hear about your student refinance options.,loan_inquiry
they asked my bank login on Zoom smh,fraud_report
"yo, can u set me up with the credit card appl process?",credi_card_application
Could you please check the status of my loan file?,loan_inquiry
card’s bein a drama queen—declined smh,transaction_query
do i need deposit 2 apply?,loan_inquiry
"$900 AT ""DESIGNER KIDS""? I’M CHILDLESS—WHAT THE ACTUAL HELL??",fraud_report
No idea what this place is. I don’t shop here!,fraud_report
"CHARGES TO ""GLOBAL SHOPPERS""? I DON’T EVEN HAVE A PASSPORT—SCAMMERS!!",fraud_report
Kindly furnish me with my savings account balance.,balance_inquiry
was not me swear,fraud_report
my checkbook vanished—now random checks clearin!!,fraud_report
Was the last trans smooth or was it stuck?,transaction_query
Could you confirm whether I qualify for an underwater-property refinancing program?,loan_inquiry
Please advise as to whether my loan application has moved forward in the review process.,loan_inquiry
"yo, whatchu say bout a credit card appl process?",credi_card_application
dnt know who done dis,fraud_report
I require the balance statement for my savings.,balance_inquiry
"atm error, card swallowed",fraud_report
Can you check if my loan application is still active?,loan_inquiry
Who received the funds in my latest transaction?,transaction_query
check my transac now pls pls pls,transaction_query
Was the last transaction processed without complications?,transaction_query
What documentation do you require for self-employed applicants?,credi_card_application
Please let me know if there are any outstanding issues affecting my loan application.,loan_inquiry
"yo, any pointers on how to start ma credit card appl?",credi_card_application
What are the eligibility criteria for each loan type?,loan_inquiry
account neg smh,fraud_report
dis not my norm spending,fraud_report
am i elig 4 a loan?,loan_inquiry
I’m about to call someone else—SAVINGS AMOUNT NOW!,balance_inquiry
Please let me know if I qualify for an SBA-backed loan program.,loan_inquiry
Please advise if I qualify for a collateral-secured loan.,loan_inquiry
"Yo, what was the timestamp for my last transaction?",transaction_query
How d I kickstart dat loan app?,loan_inquiry
"When was my last payment made, time and date?",transaction_query
pls pls pls block my card RN!!,fraud_report
how much moolah is sittin in my acc lol,balance_inquiry
how much i got? checks couch cushions,balance_inquiry
Please guide me through the process of applying for debt relief assistance.,loan_inquiry
Do you have the time and date for my last transaction?,transaction_query
How may I commence my loan application with your bank?,loan_inquiry
I noticed a check posted to my account that I never issued.,fraud_report
What are the details of your buy-to-let mortgage options?,loan_inquiry
I’ve lost all patience—SAVINGS BALANCE RIGHT NOW!,balance_inquiry
"Yo, was the last one fine or did it mess up?",transaction_query
fake check cleared—now bank’s blamin me!!,fraud_report
You guys better fix this. I’m not playing.,fraud_report
"hey, am i able 2 do a credit card appl online?",credi_card_application
want voice apply 4 cc?,credi_card_application
Can I get information on your mobile home loans?,loan_inquiry
Was the transaction completed without errors?,transaction_query
loan process status?,loan_inquiry
balance check pls! urgent kinda,balance_inquiry
WHATS THE LAST THING I PAID 4,transaction_query
transac ghosted me—why?,transaction_query
Was the last transaction okay or broken?,transaction_query
"yo, any word on my loan app these days?",loan_inquiry
What is the process for a peer-to-peer lending application?,loan_inquiry
could ya lemme know my current balance pls?,balance_inquiry
Has the review of my loan application been completed?,loan_inquiry
cc application link? pls,credi_card_application
How do I go 2 get loan info?,loan_inquiry
That check was processed on the weekend.,fraud_report
Please reset my online banking password and confirm once complete.,password_reset
I would appreciate it if you could update me on the checkpoint of my loan application in your system.,loan_inquiry
I would like to know if I qualify for a rates-and-terms refinance.,loan_inquiry
Do you have the date and time of my last transaction?,transaction_query
Can I speak with someone about a potentially fraudulent charge?,fraud_report
Would it be possible to receive an update on the current standing of my loan application?,loan_inquiry
transction history—last one pls,transaction_query
this is urgent!! pass reset or i’m screwed,password_reset
atm robbers clone cards,fraud_report
Can you check whether my loan has passed initial screening?,loan_inquiry
I’d like confirmation that my loan application is in process.,loan_inquiry
some1 tryna rob me?,fraud_report
Was the last transaction processed correctly?,transaction_query
Please share details about the current progress of my loan application.,loan_inquiry
need loan options list,loan_inquiry
overdraft fee?? wtf,fraud_report
What’s the exact time and date of my last payment?,transaction_query
Please trace the routing number on this check.,fraud_report
Would you please evaluate if my eligibility criteria are met for a loan?,loan_inquiry
TikTok ad took my $$$—fraud!!,fraud_report
Was the last transaction without any issues?,transaction_query
"Last one, all good or nah?",transaction_query
What is your process for securing a personal line of credit?,loan_inquiry
"account asks for reset, no email",password_reset
How can I apply for a customs bond financing facility?,loan_inquiry
What loan durations do you support?,loan_inquiry
Would you be so kind as to detail the steps involved in applying for a loan?,loan_inquiry
I’m interested in learning about your loan options.,loan_inquiry
"Got scammed, pls return my money.",fraud_report
Can you tell me the time and date of my last purchase?,transaction_query
why’s there a charge from Dubai?? Scam!!,fraud_report
what loan programs do u run?,loan_inquiry
I would like to know if I meet the criteria for a salary-advance loan.,loan_inquiry
Could you confirm the merchant from my last transaction?,transaction_query
"I got swindled, need my cash back ASAP.",fraud_report
reset pass link stuck on loading,password_reset
What is your standard turnaround time for application decisions?,credi_card_application
atm took my cash but no receipt,fraud_report
Can you please provide clarity on how to apply for a loan?,loan_inquiry
Please provide the balance of my savings portfolio.,balance_inquiry
any loan progress?,loan_inquiry
I jus got scammed. Help me git my cash bak.,fraud_report
"pass token expired, send new",password_reset
Did the last transaction complete correctly?,transaction_query
"hey, gimme the lowdown on my loan app, thx.",loan_inquiry
Do u offer good biz loans?,loan_inquiry
Could you please clarify where my loan application is in the approval process?,loan_inquiry
"hey, whats up with applying for a credit card?",credi_card_application
Could you verify whether I qualify for a revolving credit agreement?,loan_inquiry
"Refund my cash, I got played!",fraud_report
where do i start for a loan?,loan_inquiry
WHAT DID I SPEND MY RENT ON,transaction_query
what’s the drill for loan?,loan_inquiry
Was the last one good or bad?,transaction_query
Can you check when my last payment was made?,transaction_query
why’s my money not workin? smh,transaction_query
atm scammed me outta $50,fraud_report
pls reset—my cat stepped on my keyboard,password_reset
"I got hustled, refund me ASAP!",fraud_report
A check cleared on 04/15 that isn’t mine.,fraud_report
Did the recent transaction go through as expected?,transaction_query
Why is my balance lower than expected? I think something’s wrong.,fraud_report
am i in da zone 4 a loan?,loan_inquiry
pls get my $$$ back,fraud_report
"Fake scam cost $$, get bak urgently!",fraud_report
Did the last action process as expected?,transaction_query
last payment—why’s it declined??,transaction_query
Could you kindly confirm whether I fulfill the criteria set for loan applicants?,loan_inquiry
There’s a check for $250 I didn’t write—please advise.,fraud_report
"Cut me the deets, how do I apply 4 loan?",loan_inquiry
Please let me know if there are any new developments regarding my loan application.,loan_inquiry
refund me all of it,fraud_report
Could you verify whether I meet the criteria for a microfinance institution loan?,loan_inquiry
passw0rd not wrking—pls fix!!,password_reset
what’s my account at? totally forgot,balance_inquiry
How do I throw in a loan appl?,loan_inquiry
Can you give me the time and date of my last purchase?,transaction_query
"hey team, sum shady on my acc",fraud_report
do i pay to apply?,loan_inquiry
"Can you tell me when I made my last payment, time and date?",transaction_query
Can you share the merchant from my latest payment?,transaction_query
fake job sent me a check—now my acc’s frozen!!,fraud_report
"When did my last transaction happen, got that time?",transaction_query
"Need 2 apply 4 a loan, how d I do it?",loan_inquiry
Please trace the origin of check payment today.,fraud_report
Is there any progress report available on my loan?,loan_inquiry
how much dough do i have in the bank,balance_inquiry
"WHY’S THERE A $500 CHARGE TO ""ELITE GADGETS""? I CAN’T PAY RENT!!",fraud_report
last purchse—did i need 10 blenders,transaction_query
Wtf is this? I’m losing money for no reason.,fraud_report
my account balance—can u share that w me,balance_inquiry
someone’s playin games with my $$$!!,fraud_report
my dinero declined—what’s up?,transaction_query
What’s the store name linked to my last payment?,transaction_query
"Yo, can you tell me when I last made a payment?",transaction_query
Kindly update me on the processing status of my loan application.,loan_inquiry
Could you please provide me with an update on the status of my loan application?,loan_inquiry
Did the previous transaction finish without any trouble?,transaction_query
I would like to know if I am eligible for a fintech-partnered lending solution.,loan_inquiry
what’s that $ charge i don’t remember,transaction_query
I’m having a panic attack—SAVINGS BALANCE NOW!,balance_inquiry
my $$$ bounce—why’s that?,transaction_query
my card’s maxed but i didn’t spend!!,fraud_report
Could you advise me on the status of my loan approval?,loan_inquiry
That last thing work out okay?,transaction_query
"Yo, the last one worked, yeah?",transaction_query
Was the last payment a success or nah?,transaction_query
am i good 2 go 4 a loan?,loan_inquiry
purchse deets NAO i’m losin it,transaction_query
Could you tell me the merchant for my most recent spend?,transaction_query
Loan plz sent detailed?,loan_inquiry
Can you find the time and date of my last transaction?,transaction_query
card’s missin and now weird charges—help!!,fraud_report
last spend deets PLS PLS PLS PLS,transaction_query
stole my check from the mail—fraud!!,fraud_report
"When exactly was my last transaction, you got that info?",transaction_query
I would like to know if my credit record and income satisfy your loan eligibility requirements.,loan_inquiry
acc say “invalid password”—pls reset!!,password_reset
loan timeline update plz,loan_inquiry
pls reset my pass—i think i’m hacked!!,password_reset
what's th route 2 start a credit card application?,credi_card_application
can i apply in branch? how?,loan_inquiry
What are the specific requirements for applying for a loan?,loan_inquiry
what type loans do u guys do?,loan_inquiry
overdraft fees cuz scam charges—refund!!,fraud_report
I’d like to understand your commercial real estate loans.,loan_inquiry
this jus crazy yall,fraud_report
Would you please update me on where my loan application stands today?,loan_inquiry
I am interested in understanding whether I meet your loan eligibility standards.,loan_inquiry
atm balance update wrong,fraud_report
Can you explain how to apply for a secured credit card product?,credi_card_application
checks i never issued are failin—scam!!,fraud_report
The latest transaction—what’s the merchant details?,transaction_query
Did the previous payment process without any problems?,transaction_query
transction deets RN NO TIME,transaction_query
Did that last one finish okay?,transaction_query
"$2,000 TO ""CRYPTO SCAM""? I DON’T EVEN TRUST BANKS—F*CKING REVERSE THIS!!",fraud_report
Was the last one successful or nah?,transaction_query
That check was processed in another state.,fraud_report
What micro-loan services do you have for startups?,loan_inquiry
transction pls i’m abt 2 cry,transaction_query
"hey, i need guidance on ma credit card application",credi_card_application
my spend got noped—what’s the tea?,transaction_query
Please furnish the remaining funds in my savings.,balance_inquiry
why’s my card bein extra? declined,transaction_query
Please provide a status update on my loan application when possible.,loan_inquiry
Was the last transaction okay or not?,transaction_query
Do you know when my last payment went through?,transaction_query
am i eligble 4 study loan?,loan_inquiry
hey can i qualify 4 a loan?,loan_inquiry
what’s the balance? nervous laughter,balance_inquiry
purchse pls i’m losin my mind,transaction_query
Please share any promotional loan rates you have.,loan_inquiry
Please describe the procedure for applying for an invoice financing facility.,loan_inquiry
need to update password pronto,password_reset
tell me my balance i’m too scared 2 look,balance_inquiry
WHAT DID I BUY DURING MY BINGE,transaction_query
Can you confirm the current savings account equity?,balance_inquiry
why’d I trust that pop-up?? Fraud charges!!,fraud_report
do i do da loan test?,loan_inquiry
"""need my balance info, can u help?""",balance_inquiry
Was that last one successful or did it mess up?,transaction_query
I did not make a recent transaction listed – please investigate.,fraud_report
"locked out, forgot my password",password_reset
overdraft alert ding,fraud_report
Ugh! Not again. I DON’T recognize this one either.,fraud_report
I am writing to ask if there are any new developments regarding my loan application.,loan_inquiry
I’m not calm—SAVINGS BALANCE THIS INSTANT!,balance_inquiry
ugh why was my payment denied? pls explain,transaction_query
"yo, i need a credit card, so how do i go about the appl?",credi_card_application
I’m checking in to see how my loan application is progressing.,loan_inquiry
payment bounced like a TikTok trend—why?,transaction_query
My money disappearing for no reason is NOT okay.,fraud_report
The last charge on my account—can I get the vendor name?,transaction_query
"hey, where do i fill out ma info for a credit card appl?",credi_card_application
atm machine was rigged,fraud_report
why u let me go red?,fraud_report
"lost my password details, reset?",password_reset
reset my pass before i yeet my laptop,password_reset
Was the last trans smooth sailing or nah?,transaction_query
"hey, need status on my loan",loan_inquiry
mobile cc form stuck,credi_card_application
Would it be possible to determine whether I satisfy the necessary requirements for a loan?,loan_inquiry
last transac—need 2 dispute it,transaction_query
I need to see the check image posted to my account.,fraud_report
where do i get started on my credit card appl?,credi_card_application
i smell scam ,fraud_report
Did the most recent transaction go through without complications?,transaction_query
"Yo, what time and date was my last payment done?",transaction_query
Please describe any marquee or promotional loan rates.,loan_inquiry
Was the transaction carried out without any problems?,transaction_query
I’d like to review your unsecured line of credit terms.,loan_inquiry
Can you tell me where my last charge went?,transaction_query
my account—what’s the $ amount rn?,balance_inquiry
Please inform me of the remaining funds in my savings.,balance_inquiry
why’d my charge go MIA?,transaction_query
last payment deets—i’m waitin!,transaction_query
need to know loan kinds,loan_inquiry
Could you outline your salary-based lending products?,loan_inquiry
fix it before more charges plz,fraud_report
Can you confirm that my qualifications align with your loan criteria?,loan_inquiry
need my checking $ total… u got it?,balance_inquiry
what lending options do u offer?,loan_inquiry
Did that last one hit the mark or miss?,transaction_query
need info on ur loan types,loan_inquiry
What funds are presently allocated to my savings?,balance_inquiry
how much is in my acc? forgot to look,balance_inquiry
why’d they block my purchse? confused af,transaction_query
Please verify the monetary value of my savings.,balance_inquiry
how come my pyment was deneyed?,transaction_query
why’s this so hard?? Just reset my pass!!,password_reset
What was the time I last made a purchase?,transaction_query
"Got scammed, plz fix this issue.",fraud_report
My trust in you guys is falling fast.,fraud_report
Could you check the merchant for my latest transaction?,transaction_query
"got call from 877-TECH-123, is it ok?",fraud_report
"yo, any progress seen on ma loan app?",loan_inquiry
could u check my acc balance for me thx,balance_inquiry
I suspect someone forged my signature on a check.,fraud_report
am i good 4 eq line?,loan_inquiry
can u peek at my balance for me thx,balance_inquiry
"hey bank, send me a new password link",password_reset
tf is this shop lol,fraud_report
Was the last one fine or stuck?,transaction_query
cant pay bills now,fraud_report
I would like to verify my qualification for a construction interim financing product.,loan_inquiry
what’s the loan app process?,loan_inquiry
what kinds of financing u do?,loan_inquiry
"When did I make my last transaction, got the time?",transaction_query
think i got loan vibes goin on?,loan_inquiry
"yo, what’s da latest on my loan app stat?",loan_inquiry
can i get a car loan fr u?,loan_inquiry
neg bal alert sent,fraud_report
Could you advise whether I qualify for a USDA rural development loan?,loan_inquiry
"WHY’S MY CARD USED AT ""VIP NIGHTS""? I’M IN BED BY 8—FRAUD ALERT!!!",fraud_report
I want this investigated TODAY.,fraud_report
what’s that charge i don’t recognize,transaction_query
"hey, what’s da scoop on ma loan app?",loan_inquiry
fix overdraft pls,fraud_report
Please let me know if my loan application has advanced in the review process.,loan_inquiry
Are you ignoring me? Savings balance ASAP!,balance_inquiry
transacshun pls i’m abt 2 pass out,transaction_query
acct in overdraf? serious?,fraud_report
got scammed on WhatsApp—pls reverse!!,fraud_report
Can you confirm the receipt and status of my loan application?,loan_inquiry
loan categories u handle?,loan_inquiry
is my loan approved yet?,loan_inquiry
do i meet da reqz 4 loan?,loan_inquiry
Please block future checks until this is resolved.,fraud_report
atm hide card eject slot,fraud_report
The latest purchase—what’s the business details?,transaction_query
May I learn if I satisfy the requirements for an all-in-one mortgage?,loan_inquiry
"Help me out, lost my $$ to a scam.",fraud_report
"dang, i’m overdrft again",fraud_report
recent payment—why’s it so high??,transaction_query
whats the loan form url?,loan_inquiry
sendin in a report now,fraud_report
Can u show ur loans?,loan_inquiry
Jus got trickd. Bring back my cash!,fraud_report
That check posted despite a stop-payment order.,fraud_report
am i rollin in da right creds 4 a loan?,loan_inquiry
why’s my card sayin no? ugh,transaction_query
forgot my passwrd—pls reset it rn!!,password_reset
Was the last transaction completed without any difficulty?,transaction_query
"hey bank, where’s my loan at?",loan_inquiry
"yo, can u direct me to the credit card applic page?",credi_card_application
what’s the story with my transac failin?,transaction_query
Please investigate a suspicious check entry on my statement.,fraud_report
Please provide detailed instructions on how to apply for a loan.,loan_inquiry
Did the last transaction process without any problems?,transaction_query
Samsung Pay transacshuns ain’t mine!!,fraud_report
gotta block dis ASAP,fraud_report
Can you confirm whether my loan application is still under active review?,loan_inquiry
"OH JOY, $600 TO ""CRYPTO CLOWNS""—BECAUSE I LOVE LOSING MONEY!!",fraud_report
Was that last transaction completed correctly?,transaction_query
What is the present financial status of my savings?,balance_inquiry
Would you kindly explain the proper process for applying for a loan?,loan_inquiry
Please advise whether I meet the requirements for a student loan.,loan_inquiry
"WHO THE F*CK IS ""ELITE SCAMMERS""? I’M ON UNEMPLOYMENT—STOP THIS!!",fraud_report
What steps do I follow to submit an application for an amortizing loan?,loan_inquiry
did loan clear screening?,loan_inquiry
Do I need to file a police report or what??,fraud_report
loan plan varieties?,loan_inquiry
I would like to know if I am eligible for a fixed-rate mortgage.,loan_inquiry
Can you give me the exact time and date of my last payment?,transaction_query
"someone masked caller ID as my bank, idk",fraud_report
whats next step for my loan?,loan_inquiry
Please convey the steps I need to take to formally apply for a loan.,loan_inquiry
can u tell me if i can do a credit card appl via mobile app?,credi_card_application
why’s my card actin sus? declined smh,transaction_query
why’s my purchse in timeout?,transaction_query
Was the last payment good or nah?,transaction_query
why’d my transac get zapped? clueless,transaction_query
checks from “My Biz” but i don’t own a biz!!,fraud_report
What is the present balance of my savings account?,balance_inquiry
wanna sign up 4 a travel cc,credi_card_application
I’ve identified an unauthorized check draft on my account.,fraud_report
Wot loans help me now?,loan_inquiry
how come my charge ain’t workin?,transaction_query
I’ve asked three times—WHAT’S MY SAVINGS TOTAL?,balance_inquiry
pls investigate this quick,fraud_report
Who received the funds from my latest transaction?,transaction_query
Could you advise me on the various financing solutions your bank provides?,loan_inquiry
how i send in my cc application?,credi_card_application
what loan kinds do u support?,loan_inquiry
reset pass. acc locked.,password_reset
Can you find out the date and time for my last trans?,transaction_query
what’d i even purchase recently??,transaction_query
Was the last trans okay to go?,transaction_query
"hi, reset my online banking pw",password_reset
What additional steps apply if I wish to add an authorized user?,credi_card_application
need branch visit for loan?,loan_inquiry
What is the current liquidity in my savings?,balance_inquiry
Was the last action successful?,transaction_query
ima need a refund rt now,fraud_report
Can you tell me the date and time of my last purchase?,transaction_query
No one in my family wrote check #1111.,fraud_report
May I receive information on whether I qualify based on my current financial standing?,loan_inquiry
I would like to know if my current credit profile qualifies me for a loan with your institution.,loan_inquiry
Do u hav flexibility in loans?,loan_inquiry
Please notify me of any changes to the status of my pending loan application.,loan_inquiry
What is the formal procedure to apply for a loan?,loan_inquiry
Do you know when I did my last transaction?,transaction_query
Please let me know if my loan application has been accepted.,loan_inquiry
do i have enough credit 4 loan?,loan_inquiry
Please update me regarding the progress of my loan.,loan_inquiry
transction deets PLS IM BEGGIN,transaction_query
Can you explain your late-payment penalty structure?,loan_inquiry
"Last trans, legit or glitchy?",transaction_query
"hey, pw reset code not coming",password_reset
"I need assistance ASAP, scammed for real.",fraud_report
Please reset my password and confirm once completed.,password_reset
Trying to remember where I spent money last—can you check?,transaction_query
Why haven’t you told me my savings balance yet?!,balance_inquiry
why’s my address changed on file? Not me!,fraud_report
Did the last transaction complete without error?,transaction_query
"My cash gone, fix it now!",fraud_report
hey i dint buy this??,fraud_report
I am writing to receive further clarification on the status of my loan application.,loan_inquiry
I was scammed. Help me retrieve my funds.,fraud_report
checking funds update pls! puppy eyes,balance_inquiry
how do i start application?,loan_inquiry
The last payment I made—what’s the business name?,transaction_query
peek at my checkin balance pls n thx,balance_inquiry
payment did a nosedive—why?,transaction_query
Did that last trans process or no?,transaction_query
I require a temporary login password; please assist.,password_reset
Please update me on the current evaluation of my loan application.,loan_inquiry
autopay setup i didn’t do—scam!!,fraud_report
Which loans include flexible repayment options?,loan_inquiry
"website overlay says “Contact support now,” nah.",fraud_report
do i check off all requirements 4 a loan?,loan_inquiry
"yo, did u guys look at my loan yet?",loan_inquiry
what loan varieties here?,loan_inquiry
I checked with my family – no one made this purchase.,fraud_report
How can I start da loan plz process?,loan_inquiry
"Yo, did the last one work fine?",transaction_query
wut to do on cc form error?,credi_card_application
Was the last transaction fine?,transaction_query
"Help, I got duped! Refund my $$ fast.",fraud_report
Please inform me of any branch visit requirements for a credit card application.,credi_card_application
do i got shiine 4 loan approval?,loan_inquiry
"Loans u handing out, pls?",loan_inquiry
why’s the reset page say “error 404”??,password_reset
"link to “verify your device,” should i trust?",fraud_report
"this popup’s screaming “virus found,” haha",fraud_report
i forgot my pass AND email—halp!!,password_reset
digital charges I didn’t approve—scam!!,fraud_report
can i apply 4 a ccard online?,credi_card_application
purchse deets pls i’m shakin,transaction_query
checking if my cc app came thru,credi_card_application
Was the previous transaction successful with no complications?,transaction_query
Was the transaction completed successfully without errors?,transaction_query
whut loan solutions do u have?,loan_inquiry
I am seeking essential details regarding the loan application procedure.,loan_inquiry
someone’s got my CVV—pls block transacshuns,fraud_report
any news from loan dept?,loan_inquiry
Is my savings GONE? TELL ME WHAT’S LEFT!,balance_inquiry
Umm... I think I’ve been hacked? There’s stuff on here I didn’t do.,fraud_report
plz i need money back,fraud_report
atm said “try again” but took cash,fraud_report
my SSN’s bein used for fraud—pls fix!!,fraud_report
I’d like to know if there’s any update on my loan request.,loan_inquiry
someone’s tryna change my contact info!!,fraud_report
my acc—how much is it? need 2 pay bills,balance_inquiry
The last place I used my card—what’s it called?,transaction_query
What are your options for revolving credit agreements?,loan_inquiry
got a fraud alert—what do i do??,fraud_report
what’s required for loan app?,loan_inquiry
Did the last transaction go through?,transaction_query
What the hell is this?? I don’t recognize it!,fraud_report
Was the most recent transaction completed without any issues?,transaction_query
Can you tell me the date and time of my last purchase?,transaction_query
"atm punched wrong pin, money taken",fraud_report
What was the time on my last transaction?,transaction_query
ic what loans r available?,loan_inquiry
can’t sign in. reset pls.,password_reset
What’s the date and time of the last purchase I made?,transaction_query
hey pls help change my pass,password_reset
Could you please explain the process for applying for a loan?,loan_inquiry
"yo, what do i gotta do to apply 4 a new credit card?",credi_card_application
charge ain't mine yo,fraud_report
What’s the date and time for the last transaction?,transaction_query
"yo, any review notes for my loan?",loan_inquiry
what borrowing types available?,loan_inquiry
why’s my purchse get block?,transaction_query
Need loan—how do I apply 2 get one?,loan_inquiry
Kindly advise me on the current state of my loan application.,loan_inquiry
I’d appreciate details on your car loan and home loan programs.,loan_inquiry
someone’s buyin gift cards—fraud!!,fraud_report
Was the previous transaction executed successfully?,transaction_query
"When did I last trans, you know the time and date?",transaction_query
"i need ma credit card, how do i start ma appl?",credi_card_application
When exactly did I make the last trans?,transaction_query
wut stage is my cc app in?,credi_card_application
feelin broke rn,fraud_report
May I ask for a thorough explanation of your loan application process?,loan_inquiry
"What’s the time and date of my last payment, do you know?",transaction_query
how to use app 4 cc apply?,credi_card_application
what’s my balance? avoids bank app,balance_inquiry
pls reset my login—i’m totally stuck!!,password_reset
Can you please confirm the current phase of my loan application review?,loan_inquiry
This is the last time I’ll ask—SAVINGS. BALANCE.,balance_inquiry
can i get a thumbs-up 4 loan?,loan_inquiry
The last transaction—can I get the vendor details?,transaction_query
can i score that loan?,loan_inquiry
Could you clarify the remaining savings account equity?,balance_inquiry
What types of refinance options do you offer?,loan_inquiry
Please generate a password reset request and send me the link.,password_reset
"hi, im keen 2 start a credit card appl, any steps?",credi_card_application
Can you share the date and time of the last trans?,transaction_query
Please provide the extant savings account total.,balance_inquiry
wtf there’s a weird transacshun i didn’t do,fraud_report
i’m hopeless—pls reset my pass for me,password_reset
Wot type loans you guys have?,loan_inquiry
can u pre-approve me?,loan_inquiry
atm trx not in my logs,fraud_report
I see a payee I’ve never heard of on a recent check.,fraud_report
"guy offered to fix wifi for $50, scam?",fraud_report
my card’s possessed—block it!!,fraud_report
check my transac pls i’m freakin,transaction_query
How d I sign up 4 a loan?,loan_inquiry
"Not sure if this is fraud, but something feels off.",fraud_report
What vendor was involved in my latest spend?,transaction_query
how’d my charge get declin? clueless,transaction_query
"$600 AT ""FANCY FOODS""? I LIVE ON PB&J—WHO’S COOKING WITH MY MONEY??",fraud_report
Please provide instructions for password recovery.,password_reset
This is an emergency—HOW MUCH DO I HAVE LEFT?!,balance_inquiry
I’m done asking nicely—SAVINGS BALANCE RIGHT NOW!,balance_inquiry
"What's da process for loan app, mate?",loan_inquiry
Who’s listed as the payee for my most recent payment?,transaction_query
May I inquire if I satisfy the requirements for an online credit marketplace loan?,loan_inquiry
Are you even listening? SAVINGS ACCOUNT TOTAL NOW!,balance_inquiry
am i eligble 4 home equity?,loan_inquiry
Who was the recipient for my latest payment?,transaction_query
unauthorized as heck,fraud_report
Did the last payment work out fine or no?,transaction_query
"jus got an alert, not my spend",fraud_report
Please detail the application process for obtaining a loan from your institution.,loan_inquiry
how far is my loan along?,loan_inquiry
How do I initiate a car lease financing application?,loan_inquiry
why’s there 5x $20 charges at Target??,fraud_report
check my last purchse PLS FOR REAL,transaction_query
I would appreciate confirmation regarding my eligibility to secure a loan.,loan_inquiry
question: loan types?,loan_inquiry
"pw assist needed, cant login",password_reset
Would you confirm whether I qualify for a second mortgage?,loan_inquiry
charged -12 bucks,fraud_report
looks fake af,fraud_report
"hey, any clue where my loan app stands?",loan_inquiry
do i got dis loan elig factor?,loan_inquiry
"Yo, did the last one go through or fail?",transaction_query
give me my money back—scammed!!,fraud_report
did i get hacked? need 2 reset pass!!,password_reset
Was the previous transaction completed properly?,transaction_query
who’s scribblin checks from my account? Stolen book!!,fraud_report
no funds but fee still,fraud_report
"yo, how do i sign up 4 yr cc?",credi_card_application
i aint do dis one,fraud_report
my signature’s on checks i never wrote!!,fraud_report
idk how but my card’s compromised,fraud_report
Please let me know if I meet the criteria for a self-build home loan.,loan_inquiry
What’s the timestamp on the last trans?,transaction_query
recent payment—WHY IS IT $1K??,transaction_query
How is this allowed to go through??,fraud_report
Was the last transaction completed without any trouble?,transaction_query
Kindly update me on my savings account’s available funds.,balance_inquiry
dis hella wrong,fraud_report
Was the last transaction completed without trouble?,transaction_query
Did the transaction process correctly?,transaction_query
I would like to know the balance of my savings.,balance_inquiry
I request assistance with resetting my password.,password_reset
loan products u got?,loan_inquiry
What is the recommended way to apply for merchant cash advances?,loan_inquiry
my card stuck in atm overnight,fraud_report
Please advise on documentation required for each loan type.,loan_inquiry
Was that last trans all set or no?,transaction_query
I see two checks for the same amount on different dates.,fraud_report
Can u tell me how to shoot my loan app?,loan_inquiry
What’s the name of the place I paid most recently?,transaction_query
what borrow type u got?,loan_inquiry
The last charge—can you tell me the vendor?,transaction_query
What's da drill 2 apply 4 a loan?,loan_inquiry
last transction—did i even consent,transaction_query
Was the last payment a success?,transaction_query
Kindly guide me through the password reset procedure.,password_reset
$50 at McDonalds 3x today—NOT ME!!,fraud_report
$$$ jus plz fraud claim helper file me.,fraud_report
Please let me know what loan programs you have.,loan_inquiry
pasword reset pls—i’m losin my mind,password_reset
cash deposit didn’t credit,fraud_report
How can I apply for a bridge loan on an investment property?,loan_inquiry
Did the last thing go okay or no?,transaction_query
"got a FB DM from “support,” asked 4 my info",fraud_report
"What happened with the last payment, it go through?",transaction_query
Would you mind updating me on my loan’s processing stage?,loan_inquiry
No way this is mine. I need answers.,fraud_report
charges in Japan?? I’m in Texas—fraud!!,fraud_report
Ur loan deals 2day?,loan_inquiry
I don’t recognize the business on this cleared check.,fraud_report
wud i be able 2 get a loan?,loan_inquiry
May I have confirmation of the current stage in the processing of my loan application?,loan_inquiry
Was the transaction finalized without any issues?,transaction_query
What was the time and date of my last trans?,transaction_query
check was for “Rent”—now it’s to “Scam LLC”!!,fraud_report
Please explain your credit line facilities.,loan_inquiry
atm asked for cvv?? weird,fraud_report
I’m curious about your fixed-rate versus variable-rate loans.,loan_inquiry
I would like to apply for a green energy loan—what are the steps?,loan_inquiry
"""Why is this taking so long? Savings balance, NOW!""",balance_inquiry
"i wanna check out the credit card application, can u help with that?",credi_card_application
charge bounced. what’s good?,transaction_query
check never arrived—fraudster cashed it!!,fraud_report
need 2 file claim rn,fraud_report
I would like to receive guidelines on how to submit a loan application.,loan_inquiry
Check the IP or something – this wasn’t me!,fraud_report
"send new pwd link, old one gone",password_reset
why’s my acnt owe money,fraud_report
I am interested in obtaining a credit card; may I receive information on the application process?,credi_card_application
Is there any information regarding the loan application I submitted?,loan_inquiry
R ur loans easy 2 take?,loan_inquiry
Would you confirm my eligibility for a conforming FHA mortgage?,loan_inquiry
I’d like information on your home equity loans.,loan_inquiry
May I request confirmation regarding the approval status of my loan application?,loan_inquiry
"yo, is my loan app in da final stretch yet?",loan_inquiry
did a “security update” now fraud charges—ugh,fraud_report
Please provide the necessary steps and requirements to apply for a credit card.,credi_card_application
I need to reset my password due to a lockout; please assist.,password_reset
mailbox got robbed—checks bein cashed!!,fraud_report
I would like assistance with account password recovery.,password_reset
cash got blocked—why?,transaction_query
am i a fit 4 a loan?,loan_inquiry
Did the previous payment work smoothly?,transaction_query
"they threaten to brick my PC, wild",fraud_report
do i qualift 4 a loan?,loan_inquiry
What’s the business name attached to my latest transaction?,transaction_query
"Loans category, ur list, plz?",loan_inquiry
"WHO’S ""PREMIUM TRAVEL""? I CAN’T AFFORD UBER—STOP ROBBING ME!!",fraud_report
"hey, my cc app pending?",credi_card_application
"When was my last trans, do you know the exact time?",transaction_query
do i have da right stats 4 a loan?,loan_inquiry
pls tell me my balance i gotta know asap,balance_inquiry
apply 4 gold cc—steps?,credi_card_application
am i all set 2 apply 4 a loan?,loan_inquiry
"hey, guide me thru the credit card application process please.",credi_card_application
need to apply phone loan app?,loan_inquiry
"i need help on credit card appl, know what i mean?",credi_card_application
How do I kick off a loan apply?,loan_inquiry
whats the quickest way 2 apply?,loan_inquiry
Could you please provide me with the eligibility assessment for obtaining a loan?,loan_inquiry
Is this a test? SAVINGS ACCOUNT AMOUNT IMMEDIATELY!,balance_inquiry
card decline. what’s up?,transaction_query
"CHARGES TO ""CRYPTO QUEEN""? I DON’T TRUST BITCOIN—WHO’S ROBBING ME??",fraud_report
Check #3030 cleared with a suspicious signature.,fraud_report
last spend deets BEFORE I FAINT PLS,transaction_query
new cust loan apply? how?,loan_inquiry
I’d appreciate guidance on reapplying after an initial decline.,credi_card_application
who’s forgeryin my checks? Signature’s all wrong!!,fraud_report
why’s my check amount different from what I wrote??,fraud_report
Rip-off alert! Fix bk my stolen money!,fraud_report
May I receive guidance on the documentation needed for a credit card application?,credi_card_application
"When did I last make a purchase, can you check?",transaction_query
I am interested in acquiring a loan and seek information on its application procedure.,loan_inquiry
shud i lock card now?,fraud_report
refund or i switch banks lol,fraud_report
think i make da cut 4 a loan?,loan_inquiry
Someone forged a replacement check.,fraud_report
I am seeking confirmation of my qualification for a vacation loan.,loan_inquiry
how do i apply n person?,loan_inquiry
lemme know my balance when u can thx,balance_inquiry
"yo, where’s the deal with my loan app review?",loan_inquiry
Did the most recent transaction finish without any issues?,transaction_query
How can I grab a loan?,loan_inquiry
May I inquire as to whether I satisfy the conditions necessary for loan approval?,loan_inquiry
I’m not waiting another second—SAVINGS BALANCE!,balance_inquiry
"hey team, wut’s up with my loan?",loan_inquiry
Was the transaction finalized without issue?,transaction_query
"they asked 4 admin rights on my machine, nope",fraud_report
Please detail the application process for vendor financing programs.,loan_inquiry
Please lock my account. I think there has been fraudulent activity.,fraud_report
"can u check my loan app stat, plz?",loan_inquiry
Please disclose the total held in my savings.,balance_inquiry
What’s the status of the loan I applied for?,loan_inquiry
atm prompt weird message,fraud_report
Was the last payment completed without issues?,transaction_query
why’d my transac get yeeted? explain pls,transaction_query
"IT called, said they’ll fix my laptop, i dunno tho",fraud_report
"help, acct negative",fraud_report
I’m over this—JUST TELL ME MY SAVINGS!,balance_inquiry
That check clearance is outside my normal pattern.,fraud_report
Was that last transaction clean or not?,transaction_query
Plz bring bak my hard-earned funds!,fraud_report
"can’t change pw, page crashes",password_reset
May I receive confirmation of my savings balance?,balance_inquiry
Could you inform me if I am eligible for a personal loan?,loan_inquiry
umm dats not my purchse,fraud_report
my transac gtransactin—why tho halp,transaction_query
Can you give me the details for when my last transaction was made?,transaction_query
Can you give me the time and date for my last payment?,transaction_query
fake refund check—tried cashin it and got scammed!!,fraud_report
acc balance for checking? nervous laugh,balance_inquiry
do i need paystub 4 cc?,credi_card_application
Has my loan been approved or declined yet?,loan_inquiry
Could you check who processed my most recent charge?,transaction_query
my PayPal’s linked to strangers—fraud!!,fraud_report
Please review my financial details and advise if I qualify for a loan.,loan_inquiry
Could you relay the existing balance in my savings?,balance_inquiry
Please inform me of the savings account’s liquidity.,balance_inquiry
I’m seeking information about my loan application progress.,loan_inquiry
"$750 AT ""ROBBERY KINGS""? I’M GOING VIRAL WITH THIS—CANCEL IT NOW!!",fraud_report
Kindly inform me if my records indicate that I am a suitable candidate for a loan.,loan_inquiry
Could you assist in determining if my account meets the loan qualification criteria?,loan_inquiry
"need fresh password, thx",password_reset
"yo, any word if my loan app’s gettin approved?",loan_inquiry
Could you outline the current savings account holdings?,balance_inquiry
I would appreciate your help in verifying if I am eligible for a loan from your bank.,loan_inquiry
What unique loan programs do you have for veterans?,loan_inquiry
pls send reset link—i’m clueless here,password_reset
am i cleared 4 a loan?,loan_inquiry
Can you tell me if my loan application has been received?,loan_inquiry
Please let me know if I am eligible for a short-term working capital loan.,loan_inquiry
80 bucks gone jus like that ,fraud_report
check stolen and endorsed by a stranger!!,fraud_report
Kindly secure my account by resetting my password.,password_reset
"hey, what’s da news on my loan app check?",loan_inquiry
There’s a check deposit for $500 I didn’t make.,fraud_report
Was the last one completed correctly?,transaction_query
I’m interested in your community development loan programs.,loan_inquiry
want ur signature card—apply?,credi_card_application
do u got personal loans?,loan_inquiry
What seasonal loan offers are currently available?,loan_inquiry
did u guys start underwriting?,loan_inquiry
can i qualify 4 biz loan?,loan_inquiry
forgot my bank pass—need reset rq!!,password_reset
why’d the transac flop? no idea,transaction_query
Did the previous payment go through as expected?,transaction_query
weird af charge on my end,fraud_report
How do I begin da loan application?,loan_inquiry
Was the last payment completed successfully?,transaction_query
transacshun deets—last one kthx,transaction_query
Was the previous transaction carried out successfully?,transaction_query
Are you TRYING to stress me out? SAVINGS TOTAL NOW!,balance_inquiry
So sick of these fake charges!,fraud_report
Please send a summary of your lending services.,loan_inquiry
"Can you tell me the date and time of my last purchase, please?",transaction_query
May I inquire if I meet the set criteria for a loan with your bank?,loan_inquiry
"pass reset says error, pls fix",password_reset
I would appreciate knowing the current status of my loan request.,loan_inquiry
This charge has no receipt from me!,fraud_report
May I receive an overview of my savings account status?,balance_inquiry
what loan services do u provide?,loan_inquiry
Was the last payment processed without errors?,transaction_query
"CHARGES TO ""LUXURY BULLSH*T""? I’M HOMELESS—WHO’S STEALING MY LAST DOLLAR??",fraud_report
Do u hav education loan?,loan_inquiry
am i legit 4 a loan?,loan_inquiry
my checks got jacked—now there’s $5k missing!!,fraud_report
Please initiate a password recovery for my account.,password_reset
did i buy socks again? WHAT WAS IT,transaction_query
My password is not recognized; please issue a reset.,password_reset
they asked me to send screenshot of acct balan,fraud_report
Is there a reason for this delay? SAVINGS. NOW.,balance_inquiry
"WHO THE HELL IS ""GLOBETROTTER TRAVEL""? I’M ON MY COUCH—STOP THIS THEFT!",fraud_report
What’s the date and time of the last purchase I made?,transaction_query
"Was the last one legit, or did it glitch out?",transaction_query
pls reset password. thx.,password_reset
overdraft bs again,fraud_report
last transction—am i in debt now,transaction_query
"I got robbed, refund me asap plz.",fraud_report
did u move my loan forward?,loan_inquiry
refund or ima flip,fraud_report
transac went poof—why?,transaction_query
atm froze with my cash inside,fraud_report
what paperwork for loan?,loan_inquiry
Plz break down da process 4 me; how do I apply 4 a loan?,loan_inquiry
do i check ur loan boxes?,loan_inquiry
got secured loan types?,loan_inquiry
The last time I paid someone—who was it?,transaction_query
pls explain these charges—FRAUD!!!,fraud_report
where do i stand 4 loan approval?,loan_inquiry
That vendor has no record in my account profile.,fraud_report
This is torture—SAVINGS BALANCE BEFORE I LOSE IT!,balance_inquiry
fake payroll checks—i ain’t employ nobody!!,fraud_report
"Pls help, my money got taken by a scammer.",fraud_report
sum fishy goin on,fraud_report
Could you explain the online application process for student loans?,loan_inquiry
how i owe bank now?,fraud_report
they asked me for bank details to “refund”,fraud_report
"yo, can u update me if my loan thing is movin’?",loan_inquiry
"pop-up force closing everything, “call us”",fraud_report
I would like to know if there is any additional information needed for my loan application review.,loan_inquiry
Would you please advise if there are any pending requirements affecting my loan application status?,loan_inquiry
why’s my card charged for Amazon? I didn’t order!!,fraud_report
cancel my card and send a new one!!,fraud_report
cc app error—help fix pls,credi_card_application
bro my bal just went neg,fraud_report
atm fraud alerts blowing up,fraud_report
Are you TRYING to give me a heart attack? SAVINGS TOTAL!,balance_inquiry
i hate OD fees,fraud_report
how do i get the ball rolling on a loan?,loan_inquiry
How do I apply for equipment leasing with purchase option?,loan_inquiry
how much i got? side-eyes wallet,balance_inquiry
Do you know the time and date for my last payment?,transaction_query
check my recent buy pls hurry,transaction_query
transction history—JUST THE LAST,transaction_query
hotline told me to transfer funds to safe acct,fraud_report
what’s the latest money oof,transaction_query
Please clarify the process I need to follow to apply for a loan.,loan_inquiry
Could you please reset my password and notify me upon completion?,password_reset
random fees from atm use,fraud_report
I would appreciate insight into the current timeline for my loan application’s processing.,loan_inquiry
Kindly confirm the current savings account assets.,balance_inquiry
how fix my OD?,fraud_report
My card’s been in my wallet. So what’s this??,fraud_report
do i qlify 4 vacation loan?,loan_inquiry
what’s up with my card sayin nope?,transaction_query
what’s that random $$ i spent,transaction_query
I am interested in commencing a loan application and would appreciate further details.,loan_inquiry
I request the monetary total in my savings account.,balance_inquiry
Could you please review my credit and income details to see if I qualify for a loan?,loan_inquiry
Could you confirm if my loan application has been fully processed?,loan_inquiry
how much do i got? shakes piggy bank,balance_inquiry
how come my card’s bein stingy?,transaction_query
"yo, i heard u can appl 4 a credit card online, how d i do it?",credi_card_application
Did the last thing go down without any probs?,transaction_query
What’s the name of the place I paid last?,transaction_query
"CHARGES TO ""MYSTERY CHARITY""? I DON’T DONATE—WHO’S STEALING MY CARD??",fraud_report
Please describe the loan categories open to applicants.,loan_inquiry
Would you be able to evaluate if I meet your loan approval standards?,loan_inquiry
how do i send in loan form?,loan_inquiry
What loan protection plans do you offer?,loan_inquiry
what’s my acc say? need numbers pls,balance_inquiry
latest transction pls i’m dyin,transaction_query
I’m seconds from a breakdown—SAVINGS. NOW.,balance_inquiry
Was the last transaction processed smoothly?,transaction_query
paid via CashApp for a fake product!!,fraud_report
What is the standing balance in my savings account?,balance_inquiry
someone opened a loan in my name—fraud!!,fraud_report
I would like to report a fraudulent transaction on my account.,fraud_report
thought it was legit—now my card’s maxed,fraud_report
Was the transaction completed successfully without any trouble?,transaction_query
Would you mind sharing details on your loan offerings?,loan_inquiry
Did the last payment go through correctly?,transaction_query
Can you provide a progress report on my loan application?,loan_inquiry
Can you elaborate on the steps I need to follow to apply for a loan?,loan_inquiry
got any call on my loan app progress?,loan_inquiry
What’s the store name from my most recent charge?,transaction_query
my card’s bein used at sketchy sites!!,fraud_report
Could you specify the remaining savings account total?,balance_inquiry
Need a step-by-step on loan applic—how d I do it?,loan_inquiry
someone printed phony checks with my details!!,fraud_report
"hey, where can i find info on credit card appl?",credi_card_application
What is the current stage of my loan application?,loan_inquiry
do i qualify 4 OD line?,loan_inquiry
Tell me 'bout ur loan options.,loan_inquiry
my card’s on a spendin spree—NOT ME!!,fraud_report
can i finance my trip?,loan_inquiry
why’d my $$$ pull a Houdini?,transaction_query
u charged me? im broke,fraud_report
Ur loans—what r they?,loan_inquiry
Would you kindly supply the necessary information for applying for a loan?,loan_inquiry
can u tell me my acc total? kthx,balance_inquiry
do i meet student loan rules?,loan_inquiry
"yo, did ya get any upd8 on my loan app?",loan_inquiry
A scam wiped me out—restore urgently!,fraud_report
"signed into my bank on bad site, help!",fraud_report
tell me my balance or i’ll cry thx,balance_inquiry
fake checks bouncin—i’m gettin fined for it!!,fraud_report
Who handled my latest payment?,transaction_query
"yo, my loan app, what’s da sitch?",loan_inquiry
help me w/ cc apply bug,credi_card_application
fake govt check—almost fell for it!!,fraud_report
why’d my charge bounce? explain pls,transaction_query
"$150 AT ""FANCY PETS""? I HAVE A HAMSTER—WHO’S BUYING GOLD FISH TANKS??",fraud_report
can i apply 4 personal line of credit?,loan_inquiry
Could you let me know if I can apply for a credit card online?,credi_card_application
Can you confirm the remaining balance in my savings?,balance_inquiry
callin u out on this fraud stuff,fraud_report
Was the most recent payment successful?,transaction_query
Is there a problem? WHY WON’T YOU TELL ME MY SAVINGS?,balance_inquiry
Can you confirm receipt of my application materials?,credi_card_application
Check the damn location. I’m not even in that city!,fraud_report
Can you provide insight into whether I meet your loan criteria based on my application?,loan_inquiry
"Last one go through, no issues?",transaction_query
"Ur loans list, plz.",loan_inquiry
Can you tell me about your credit card advance services?,loan_inquiry
"hey, any update on my loan app?",loan_inquiry
fraudster bought flights with my card—stop ‘em,fraud_report
I would appreciate receiving instructions on how to apply for your credit card services.,credi_card_application
What is the residual valuation of my savings?,balance_inquiry
Kindly update me on the outcome of my loan application review.,loan_inquiry
I would appreciate confirmation of my eligibility for a franchise financing loan.,loan_inquiry
A check was processed under my account without my consent.,fraud_report
pls check my acc—weird Zelle payments!!,fraud_report
I am interested in knowing whether I meet the requirements for a revolving line of credit.,loan_inquiry
Did the most recent transaction finalize without issues?,transaction_query
Please disclose the balance of my savings reserves.,balance_inquiry
They scammed my card—rfrnd lost funds plz!,fraud_report
Could you please provide clarity on my loan qualification status?,loan_inquiry
transac declin. why?,transaction_query
Would you be able to update me on my loan application?,loan_inquiry
"hey, can ya tell me if my loan app’s makin progress?",loan_inquiry
Can you tell me about your student loan programs?,loan_inquiry
what’d i waste cash on this time,transaction_query
I would appreciate it if you could explain how I can begin a loan application.,loan_inquiry
"hey, i wanna know how to start ma credit card applica",credi_card_application
Could you pull up the merchant from my last transaction?,transaction_query
am i flagged as eligible 4 a loan?,loan_inquiry
loan hold or go?,loan_inquiry
Can you assess if my financial situation qualifies me for any of your loan products?,loan_inquiry
am i in da clear 4 a loan?,loan_inquiry
want overseas loan—how?,loan_inquiry
Could you share the payee for my latest transaction?,transaction_query
Has my loan application been assigned to an officer?,loan_inquiry
how to apply for home eq loan?,loan_inquiry
Please inform me whether I meet the requirements for an AI-enhanced credit decision.,loan_inquiry
"The last payment, did it go through okay?",transaction_query
why’d they stop my payment? explain,transaction_query
Kindly provide an update regarding the processing of my loan application.,loan_inquiry
latest purchse—was it necessary??,transaction_query
Please provide clarification on the current phase of my loan application.,loan_inquiry
I seek your assistance in understanding the steps to apply for a credit card.,credi_card_application
my recent charge—explain pls,transaction_query
fraud charges overdrafted me—pls fix!!,fraud_report
Was the last payment successful with no problems?,transaction_query
WHATS THE LAST THING I PAID FOR,transaction_query
Would you be able to review my application and confirm my loan eligibility?,loan_inquiry
transac nah. why?,transaction_query
card number stolen—fraud charges everywhere!!,fraud_report
Did the previous transaction work fine?,transaction_query
atm fraud? my acct drained,fraud_report
This is theft. Straight up.,fraud_report
didn’t buy no Netflix sub—fraud!!!,fraud_report
"“Urgent update,” they said — I hung up. Right?",fraud_report
"Yo, was that last trans good or bad?",transaction_query
ya got any news on ma loan app thing?,loan_inquiry
I feel like I’ve been scammed. Please check my account.,fraud_report
what’s the loan signup process?,loan_inquiry
Is there any news from underwriting regarding my loan?,loan_inquiry
I would like to inquire about the available balance in my savings account.,balance_inquiry
yo someone’s usin my card!! lock it RN pls,fraud_report
What’s the company name from my last account activity?,transaction_query
got charged fee for failed atm trx,fraud_report
can i scan QR to apply?,credi_card_application
Something looks off with my last few transactions – help?,fraud_report
May I obtain the current savings account figure?,balance_inquiry
Was the last payment a win or fail?,transaction_query
pls hurry—need acc acces 2day!!,password_reset
did ya check on my loan app? what’s up?,loan_inquiry
Would you please verify if I adhere to your loan qualification guidelines?,loan_inquiry
That check item is not in my check register.,fraud_report
My previous password is no longer valid; please reset it.,password_reset
fraud dept called—charges are REAL!!,fraud_report
Please advise me on initiating the loan application process.,loan_inquiry
WHAT DID I BUY FROM “SPACE EMU”,transaction_query
What r da steps 2 lock in a loan?,loan_inquiry
May I check if I satisfy the requirements for project-finance lending?,loan_inquiry
hate seein this smh,fraud_report
I’m exploring borrowing options; what loans do you offer?,loan_inquiry
my spend failed—why’s that happenin?,transaction_query
"they said my HDD is failing, pay now",fraud_report
payment said “bye Felicia”—why tho?,transaction_query
Never made this purchase – y’all trippin.,fraud_report
atm hacked or smth,fraud_report
what’s needed 2 apply loan?,loan_inquiry
Was the last transaction successful?,transaction_query
Would you please confirm the current progress of my loan application?,loan_inquiry
why’s the reset link takin forever??,password_reset
Please advise if my current profile qualifies me to be considered for a loan.,loan_inquiry
"I got an email from “IT dept” askin 4 my login, weird af.",fraud_report
my balance hit ODSM,fraud_report
will u lend me money?,loan_inquiry
transac got dumped—why?,transaction_query
I have forgotten my password; please help me reset it.,password_reset
got duped on Snapchat—pls refund!!,fraud_report
why’s my password changed? Didn’t do it—fraud!,fraud_report
my p@ssword’s buggin—reset pls!,password_reset
I am seeking to understand the current progress of my loan application; please provide an update.,loan_inquiry
Would you confirm whether I meet the criteria for a home mortgage?,loan_inquiry
card been acting sus,fraud_report
What loans do u make?,loan_inquiry
wanna change info on cc app,credi_card_application
Please inform me of my savings account’s financial health.,balance_inquiry
"account locked, pw wrong",password_reset
wtf is goin on,fraud_report
bank help: reset my pw,password_reset
"yo, can u send deets on credit card apply process?",credi_card_application
scammed into givin OTP—pls block transacshuns,fraud_report
whos usin my card ,fraud_report
"CHARGES TO ""PREMIUM PETS""? MY HAMSTER’S A SKELETON—WHO’S SPENDING??",fraud_report
"they want me to open powershell, no ty",fraud_report
"yo, can u guide me through the steps 2 apply for a credit card?",credi_card_application
transction history—JUST THE END,transaction_query
What is the remaining balance in my savings reserves?,balance_inquiry
What’s the name linked to my last charge?,transaction_query
my payment ghosted—why tho?,transaction_query
"yo, any link 2 apply 4 a credit card?",credi_card_application
What is the current savings account allocation?,balance_inquiry
Can you provide confirmation that my application meets your loan standards?,loan_inquiry
Was the most recent transaction processed without any trouble?,transaction_query
Could you kindly provide an overview of how to apply for a loan?,loan_inquiry
The last charge on my account—what vendor was it?,transaction_query
Fix this before I escalate.,fraud_report
What is the procedure for applying for a guarantor-backed loan?,loan_inquiry
Can you tell me when the last payment happened?,transaction_query
What business is linked to my latest transaction?,transaction_query
Please advise whether I meet the requirements for an equipment refinance.,loan_inquiry
total brain fart—need pass reset!!,password_reset
Could you let me know if I am pre-qualified for equipment financing?,loan_inquiry
yo my card got cloned or somethin—stop payments!,fraud_report
"dang, my password’s borked, gimme a reset link",password_reset
Was the transaction processed correctly without any trouble?,transaction_query
Please let me know if my financial data supports my qualification for a loan.,loan_inquiry
cc app form—where?,credi_card_application
"they ask me to disable antivirus, lmao",fraud_report
"i need to get the ball rolling on a credit card appl, any info?",credi_card_application
I am writing to request the latest status on my pending loan application.,loan_inquiry
Who’s the vendor for my latest payment?,transaction_query
need details on ur card app process,credi_card_application
Was the last thing fine or was there an issue?,transaction_query
I’d like to verify that my loan application is in your queue.,loan_inquiry
did u update my loan status?,loan_inquiry
Was the transaction just made successful?,transaction_query
do i live up 2 da loan reqs?,loan_inquiry
"CHARGES TO ""GOURMET GROCERY""? I EAT CANNED BEANS—WHO’S USING MY CARD??",fraud_report
Please explain the differences among your loan products.,loan_inquiry
Would you confirm if I qualify for a holiday or vacation advance?,loan_inquiry
someone’s usin my checkbook—i didn’t write those!!!,fraud_report
"When was the last payment, you know the time and date?",transaction_query
Could you provide the latest information on the processing stage of my loan application?,loan_inquiry
"hey, check ma loan app and tell me what’s up.",loan_inquiry
last spend deets—URGENT AF,transaction_query
purchse blocked. why?,transaction_query
what financing options are there?,loan_inquiry
I am interested in learning more about your loan application procedure.,loan_inquiry
Did that last one go through or get stuck?,transaction_query
Who received my most recent payment?,transaction_query
card be trippin lately,fraud_report
wats this 400$ spend???,fraud_report
Did that last payment go through or not?,transaction_query
Please advise on the steps required to complete a credit card application.,credi_card_application
Kindly share your bank’s loan product details.,loan_inquiry
How may I begin the application process for a personal loan?,loan_inquiry
Do you offer unsecured versus secured loan choices?,loan_inquiry
Can you tell me the time I made my last transaction?,transaction_query
phony “prize” check—total fraud!!,fraud_report
yo my money status—update me pls,balance_inquiry
someone’s swipin my card—block it pls!!,fraud_report
Can you update me on my savings account’s financial standing?,balance_inquiry
wut loan types r open?,loan_inquiry
i see random charges now,fraud_report
What vendor is tied to my most recent transaction?,transaction_query
What special loan programs are available for veterans?,loan_inquiry
can’t login—hacker changed my password!!,fraud_report
Did the last payment go through without issues?,transaction_query
scammy popup spazzing: call support or PC dead,fraud_report
refund fast pls,fraud_report
what types of credit do u offer?,loan_inquiry
"WHY’S THERE A $350 CHARGE TO ""TECH JOKERS""? MY PHONE’S A BRICK—HILARIOUS!!",fraud_report
WHAT DID I SPEND ON LAST TUESDAY,transaction_query
ain’t been in dat state even,fraud_report
am i eligble 4 revolving credit?,loan_inquiry
"hey, can ya fill me in on ma loan app status?",loan_inquiry
wtf my $ is gone,fraud_report
What financing solutions do you provide for first-time homebuyers?,loan_inquiry
"$250 AT ""TECH GADGETS""? I CAN’T AFFORD RENT—GET MY MONEY BACK NOW!!",fraud_report
There’s a check transaction here I don’t recognize.,fraud_report
payment flop. why?,transaction_query
"Hey, there’s a weird charge on my account. Can someone look into this?",fraud_report
reset my pass NOW—i need 2 pay bills!!,password_reset
Was the previous transaction processed without error?,transaction_query
What is required to submit an application for a vacation home mortgage?,loan_inquiry
Gimme info on how 2 apply 4 a loan.,loan_inquiry
Fraud alert! My money was swiped.,fraud_report
why’s my check vanishin after i mail it??,fraud_report
I require an update on my savings account balance.,balance_inquiry
can u check my cc app?,credi_card_application
Please advise if I qualify for mezzanine financing.,loan_inquiry
transac got ghosted—why tho?,transaction_query
i dnt remember this one,fraud_report
"hey bank peeps, forgot my pw",password_reset
Who was the recipient of my latest payment?,transaction_query
r u guys seein this??,fraud_report
Plz show me how 2 apply 4 loan.,loan_inquiry
what’s that random $$$ i spent,transaction_query
someone deposited a fake check—my acc’s frozen!!,fraud_report
"When was my last purchase made, you got the info?",transaction_query
bruh i was sleepin during this,fraud_report
The last place I spent money—what’s it called?,transaction_query
why’s my acc showin logins from Russia??,fraud_report
Please explain any loyalty-based credit card offers currently available.,credi_card_application
why’d my card nope out on me?,transaction_query
someone cloned my atm card,fraud_report
Please reset my password and send the link to my email.,password_reset
Who’s listed as the recipient for my latest payment?,transaction_query
why’s someone tryna guess my PIN??,fraud_report
This better not happen again. Not my transaction.,fraud_report
"got insta msg from “officialtechhelp,” janky",fraud_report
Did my money vanish? CHECK MY SAVINGS NOW!,balance_inquiry
why’s my acc overdrafted cuz of fake checks??,fraud_report
help me apply for loan pls,loan_inquiry
latest transction—explain pls,transaction_query
What documentation is necessary for a nonprofit capital improvement loan?,loan_inquiry
what’s the prob with my payment?,transaction_query
Did the transaction go through without complications?,transaction_query
smh bank took my $,fraud_report
why’s a stranger’s check in my acc activity??,fraud_report
phony “overpayment” check—tried stealin my $$$!!,fraud_report
I’m going to lose it—JUST TELL ME MY SAVINGS!,balance_inquiry
"WHY’S MY CARD USED AT ""VIP DINING""? I EAT CUP NOODLES—FRAUD ALERT!!!",fraud_report
looks like sum1 usin my card,fraud_report
Could you please provide me with detailed instructions on how to apply for a credit card?,credi_card_application
why’s my balance droppin? Didn’t spend!!,fraud_report
Who’s the recipient of my latest account activity?,transaction_query
"reset my pass, i’m locked out",password_reset
why’s my transac stuck in limbo?,transaction_query
Please advise the current total within my savings account.,balance_inquiry
i got this OD warning,fraud_report
"How do I go get my loan, step by step?",loan_inquiry
"unlocked account, need new pw",password_reset
Please help me set a new password.,password_reset
cant login!! need new password asap!!!,password_reset
Do you offer factoring or invoice financing?,loan_inquiry
"Last trans, it worked, right?",transaction_query
did my spend fail? what’s the deal,transaction_query
Could you explain your personal line of credit services?,loan_inquiry
Did the most recent transaction go through?,transaction_query
I am writing to get clarification on the paperwork associated with a credit card application.,credi_card_application
my checking—am i broke or nah? lmk,balance_inquiry
I request a summary of the funds in my savings.,balance_inquiry
account balance inquiry… help a pal out,balance_inquiry
That check was drawn on my account but not mine.,fraud_report
sus af yo,fraud_report
atm tchno glitch,fraud_report
dang didn’t know bout fee,fraud_report
Could I please have more information on how to proceed with a loan application?,loan_inquiry
random tech rep says “trust me bro”,fraud_report
pls reverse fees—fraud messed up my acc!!,fraud_report
Could you let me know where my loan application stands at the moment?,loan_inquiry
"hey, i can’t log in, need a pwd reset plz",password_reset
There’s a duplicate check number showing on my balance.,fraud_report
do i come across as loan ready?,loan_inquiry
"Wot loan terms now, plz?",loan_inquiry
owe bank now? yikes,fraud_report
This is making me lose sleep. I need answers.,fraud_report
"bro they called me 3 times about virus, weird",fraud_report
“Windows support” took my $$$—scam!!,fraud_report
"yo, did ya check on my loan app recently?",loan_inquiry
no idea what store this is,fraud_report
latest transction? panic intensifies,transaction_query
fraud alert popped up—what do I do??,fraud_report
Can I see who processed my latest transaction?,transaction_query
do i meet min_income 4 loan?,loan_inquiry
Was the last one alright or not?,transaction_query
Loans info plz sent.,loan_inquiry
$100 at Starbucks?? I don’t even drink coffee!,fraud_report
Could you check the vendor for my last spend?,transaction_query
yo why’d my last transac get denied tho?,transaction_query
I’m on hold forever—SAVINGS BALANCE BEFORE I HANG UP!,balance_inquiry
why’s my check bounce? I didn’t write it!! Fraud!!,fraud_report
Loan u hav do fit me?,loan_inquiry
Please send a password reset request to my registered phone number.,password_reset
loan options? lmk pls,loan_inquiry
Was that last one good to go?,transaction_query
cc app crashin on phone,credi_card_application
do i show da loan potential?,loan_inquiry
"What’s the time of my last trans action, yo?",transaction_query
pop-up voice msg “press 1 to talk to tech”,fraud_report
Did the most recent transaction go through without any issues?,transaction_query
my acc got hacked pls help!!!,fraud_report
I’m inquiring about your personal versus business loan options.,loan_inquiry
pls change my pass—i’m tired of errors,password_reset
"yo, need deets on ma credit card applic, plz",credi_card_application
Can you verify the details of check #1024?,fraud_report
Kindly provide any available updates on the status of my submitted loan application.,loan_inquiry
Please advise me on the current status of my loan application.,loan_inquiry
DID I ORDER 100 TACOS LAST NIGHT,transaction_query
how to get ur rewards card?,credi_card_application
got a text ‘bout suspicious activity—real??,fraud_report
How do I begin da process 2 get a loan?,loan_inquiry
"yo, can ya fill me in on ma loan app stat?",loan_inquiry
last spend? sweats nervously,transaction_query
I’d like to compare your interest-only versus principal-and-interest loans.,loan_inquiry
last payment—why’s it pending??,transaction_query
Could you advise on your vacation home mortgage programs?,loan_inquiry
got any car/home/student loans?,loan_inquiry
Could you kindly elucidate the process for your loan application?,loan_inquiry
"yo, let me know if my loan app’s on the move.",loan_inquiry
atm scanned card twice,fraud_report
why’s my card on strike? declined,transaction_query
pls tell me loan stuff,loan_inquiry
Some random charge just popped up. Explain??,fraud_report
"Yo, did the last one go okay?",transaction_query
check washin’s drainin my acc—help!!,fraud_report
"A check was cashed for $1,000 without my approval.",fraud_report
I jus been taken advantage of—plz help.,fraud_report
I would be grateful if you could confirm whether I qualify for a loan.,loan_inquiry
can i apply by mail?,loan_inquiry
Please let me know if my loan application is complete.,loan_inquiry
I am keen to understand your loan application procedure; your guidance would be appreciated.,loan_inquiry
card got skimmed—charges in Mexico??,fraud_report
$200 in Canada—didn’t travel there!!,fraud_report
do i got what it takes 4 a loan?,loan_inquiry
DID I ORDER FOOD AGAIN WHAT WAS IT,transaction_query
Can you verify the monetary reserves in my savings?,balance_inquiry
Did the last transaction finish properly?,transaction_query
Did that last one go through clean?,transaction_query
do i fit da loan requirements?,loan_inquiry
can i be deemed loan ready?,loan_inquiry
why’d my spend get blocked? smh,transaction_query
someone’s tryna login—reset my pass now!,password_reset
"$750 AT ""TECH WORLD""? MY LAPTOP’S FROM 2010—WHAT IS WRONG WITH YOU PEOPLE??",fraud_report
I’m checking the status of my loan—any updates?,loan_inquiry
What is the retained balance in my savings account?,balance_inquiry
Please let me know about your personal and business loan options.,loan_inquiry
Could you please outline the process for applying for a credit card?,credi_card_application
how’d my transac get declin? confused,transaction_query
Could this be a mistake or is it actual fraud?,fraud_report
spend rejected. explain pls.,transaction_query
what’s the url 4 loan apply?,loan_inquiry
atm didn’t return card or cash,fraud_report
Ur loans 2day pls sent.,loan_inquiry
my check’s date was changed—fraud!!,fraud_report
check that transac i just did k,transaction_query
can i edit my card application?,credi_card_application
pls reset—i’m too old for this,password_reset
why’s my check bounce? Fraud charges!!,fraud_report
do somethin—my $$$’s vanishin!!,fraud_report
Please help me regain access by resetting my password.,password_reset
stop dis payment ASAP,fraud_report
I’m concerned about a check withdrawal I didn’t request.,fraud_report
"hey, my loan app still under review?",loan_inquiry
I am interested in determining my qualification for debt consolidation.,loan_inquiry
bet this fraud no cap,fraud_report
Could you elaborate on your construction loan offerings?,loan_inquiry
last transction—am i broke yet?,transaction_query
"Hey, some1 called sayin they’re from my bank’s tech team, wut’s that?",fraud_report
did u get my papers?,loan_inquiry
What eligibility criteria must I meet before applying for your credit card?,credi_card_application
Who received the funds from my last payment?,transaction_query
what’s up with my transacshun failin??,transaction_query
What’s the name of the place I transacted with last?,transaction_query
charge from “NOPE CORP”—WHAT IS THAT,transaction_query
Did the previous payment finalize successfully?,transaction_query
Can you tell me when my last transaction went through?,transaction_query
"yo, what's the mov on a credit card application?",credi_card_application
Could you outline the process for adding supplementary cards to my account?,credi_card_application
Someone better call me back!,fraud_report
Please advise on how to initiate the process for a new credit card application.,credi_card_application
atm fake wrap on reader,fraud_report
Could you explain how to apply for a holiday bonus loan?,loan_inquiry
The last payment I made—who was the recipient?,transaction_query
"My pass ain’t work, help me pls",password_reset
Please describe your secured loan solutions.,loan_inquiry
Please inform me about the documentation and steps required for loan application.,loan_inquiry
how come my purchse got the boot?,transaction_query
Kindly relay the balance of my savings reserves.,balance_inquiry
can i get the nod 4 a loan?,loan_inquiry
"Can you tell me when I did my last trans, like exact time and date?",transaction_query
"yo, can u give me the rundown on a credit card appl?",credi_card_application
I wish to know if my financial history qualifies me for a loan.,loan_inquiry
last purchase? i forgot lol,transaction_query
This fraud cleaned me out! Return it!,fraud_report
What’s ur loan choices?,loan_inquiry
check my last transac quickkk,transaction_query
transacshun deets—LAST ONE RN,transaction_query
That transaction bypassed my usual check limits.,fraud_report
Can you tell me about your grace period policies?,loan_inquiry
ugh what did i even buy last,transaction_query
fake “Microsoft” call—drained my acc!!,fraud_report
i’m in the red zone,fraud_report
What loans yall giving out?,loan_inquiry
Can you tell me when I made my last purchase?,transaction_query
Can u hook me up with how 2 do my loan appl?,loan_inquiry
what loan deals do u have?,loan_inquiry
asking how 2 apply loan,loan_inquiry
Was the last payment processed without issues?,transaction_query
I require verification of my savings account balance.,balance_inquiry
Ur loan category plz?,loan_inquiry
Could you check who processed my latest transaction?,transaction_query
my cheddar declined—why?,transaction_query
do i fit da profile 4 a loan?,loan_inquiry
What loan support do you provide to startups?,loan_inquiry
"The last one, all good or no?",transaction_query
Would you please provide me with details on the current progress of my loan application?,loan_inquiry
-15.75 in acnt,fraud_report
mortgage app—how do i do it?,loan_inquiry
I would appreciate detailed guidance on your credit card application process.,credi_card_application
"yo, is my loan underwrit still?",loan_inquiry
how come my $$$ got rejected?,transaction_query
"$2,000 TO ""CRYPTO KINGS""? I DON’T EVEN KNOW BITCOIN—MY LIFE SAVINGS ARE GONE!!",fraud_report
Did the last one go fine or mess up?,transaction_query
I am seeking confirmation on the current stage of processing for my loan application.,loan_inquiry
May I request a status report on the progress of my loan application?,loan_inquiry
Do you know when my last transaction happened?,transaction_query
Loans u providing rite now?,loan_inquiry
Help me out here—how do I get my loan app in motion?,loan_inquiry
I am writing to learn if I satisfy your loan qualification requirements.,loan_inquiry
"yo, how do i get my credit card appl kickin'?",credi_card_application
check deposited i didn’t authorize—scam!!,fraud_report
overdraft again smh,fraud_report
Can you tell me the time and date for my last purchase?,transaction_query
WHAT DID I BUY DURING MY NAP,transaction_query
Would you confirm whether I meet the criteria for a third-party guarantor loan?,loan_inquiry
"hi, password reset page broken",password_reset
Please reset my online banking credentials immediately.,password_reset
"Can I apply for a medical practice acquisition loan, and how?",loan_inquiry
reset my login. forgot pass.,password_reset
Could I kno ur loans?,loan_inquiry
am i a go 4 loan gettin'?,loan_inquiry
any app kiosk for cc?,credi_card_application
I would like to know the procedure for submitting a loan application.,loan_inquiry
They fake’d me out—pls restore my funds.,fraud_report
can i grab that scholarship loan?,loan_inquiry
any idea how much cash i’ve got left?,balance_inquiry
bought fake concert tix online—fraud!!,fraud_report
"yo, got any info on my loan app progress?",loan_inquiry
new password code not showin up,password_reset
What’s the name of the vendor I paid last?,transaction_query
how much moolah in the checking acc smh,balance_inquiry
sup with my loan app? it goin somewhere?,loan_inquiry
file a fraud claim for me ASAP!!,fraud_report
"Hey, do you know when my last payment was made?",transaction_query
purchse history—LAST ITEM PLS,transaction_query
Can you tell me when the last time I transacted was?,transaction_query
"hey, how do i apply 4 a loan?",loan_inquiry
atm charged… didn’t give?,fraud_report
Plz explain ur loan types.,loan_inquiry
"yo, any progress on my loan app yet?",loan_inquiry
I am interested in learning whether I meet your loan qualification standards; could you assist?,loan_inquiry
why’s my latest purchse getting rejected smh,transaction_query
"overdraft alert, smh",fraud_report
fake checks with my acc info—shut it down!!,fraud_report
what’s the deal with my spend failin?,transaction_query
Could you kindly guide me through the official process for applying for a loan?,loan_inquiry
why ain’t y’all stoppin these charges??,fraud_report
not likin this one bit,fraud_report
Would you kindly provide a status update on my loan application progress?,loan_inquiry
atm didn’t spit receipt,fraud_report
"Heyyy, did that last transaction work out or not?",transaction_query
do my creds seal it 4 a loan?,loan_inquiry
"WHO’S ""MYSTERY SHOPPER""? I DIDN’T SPEND $400—Y’ALL SLEEPING ON THE JOB??",fraud_report
Could you please inform me about the processing timeline for a credit card application?,credi_card_application
"Last trans, smooth or a mess?",transaction_query
"$500 AT ""GAMING GALORE""? MY KID’S 2 YEARS OLD—WHO’S RUNNING THIS SCAM??",fraud_report
I think I got scamd,fraud_report
Can you let me know if my profile is in line with your loan qualification standards?,loan_inquiry
why’s my card actin up? need answers,transaction_query
"portal says reset failed, assist pls",password_reset
Did the previous transaction work as intended?,transaction_query
want debt consol loan—how apply?,loan_inquiry
Would it be possible to clarify the steps required to initiate a loan application?,loan_inquiry
is my checking acc alive? spill the tea,balance_inquiry
Who’s listed as the business for my latest spend?,transaction_query
can i get a student loan here?,loan_inquiry
Who’s the business that received my last payment?,transaction_query
app froze mid-reset—am i locked out??,password_reset
subscription I canceled still chargin—fraud!!,fraud_report
Do you not understand urgency? SAVINGS. NOW.,balance_inquiry
loan decision yet?,loan_inquiry
thought it was Apple support—total scam!!,fraud_report
What is the application process for a manufactured home loan?,loan_inquiry
I saw a check written to “Cash” that I didn’t approve.,fraud_report
I would appreciate confirmation of my eligibility for a personal line of credit.,loan_inquiry
I would like to understand how to initiate a loan application.,loan_inquiry
Please guide me on how to withdraw an application if needed.,credi_card_application
"When did I last trans, got the date and time?",transaction_query
Can you get me the time and date of my last payment?,transaction_query
How may I get started with the loan application process?,loan_inquiry
Check sum unauthorized scam activity—plz fix!,fraud_report
how come my greens got blocked?,transaction_query
Can you give me the exact time and date of my last trans?,transaction_query
pls fix my pass. ty.,password_reset
"popup says “CALL to remove virus,” bull",fraud_report
acct empty and red zone,fraud_report
something up for real,fraud_report
I cannot log in; please reset my password now.,password_reset
woke up 2 dis mess smh,fraud_report
looks sus ngl,fraud_report
"Yo, do you know when I made the last transaction?",transaction_query
Could you detail your mid-term loan offerings?,loan_inquiry
Can you find out the time and date of my last trans?,transaction_query
"hey, let me know if my loan app got any new stat.",loan_inquiry
smh i’m broke af,fraud_report
any feedback on my loan app?,loan_inquiry
Could you please advise me on the current status of my loan application and the remaining steps?,loan_inquiry
Did that last thing pass or fail?,transaction_query
"$450 AT ""FITNESS FREAK""? I HATE GYMS—REVERSE THIS OR I’M CLOSING MY ACCOUNT!",fraud_report
Please relay the existing savings account capital.,balance_inquiry
I’m not paying for stuff I didn’t authorize.,fraud_report
"Random scam broke $$, need bk credit me!",fraud_report
checked my loan file?,loan_inquiry
mail fraud—checks disappearin and reappearin cashed!!,fraud_report
Was the last payment finalized without any issues?,transaction_query
"Need da lowdown on loan apply, plz.",loan_inquiry
why’d my card say nooo?,transaction_query
"saw “securityaudit.exe” window, freaky",fraud_report
Could you explain how to apply for a debt consolidation line of credit?,loan_inquiry
The latest charge—what’s the payee’s name?,transaction_query
Do ur loans require docs?,loan_inquiry
u got a sec to chk loan?,loan_inquiry
I just got a notification about a purchase I didn’t make.,fraud_report
do i meet payday alt criteria?,loan_inquiry
any docs missing from my cc app?,credi_card_application
can i get pre-qualified 4 loan?,loan_inquiry
Please state the current savings account valuation.,balance_inquiry
Who’s the merchant for my latest payment?,transaction_query
can i clear da loan bar?,loan_inquiry
where in process is my loan?,loan_inquiry
Would you please list your current loan offerings?,loan_inquiry
that aint a valid purchase,fraud_report
Please outline the application process for a healthcare facility loan.,loan_inquiry
atm gave me $100 less than i chose,fraud_report
"dude called sayin he’s from apple, scam?",fraud_report
did my purchse gett declin? why,transaction_query
Could you advise on selecting the right loan based on my needs?,loan_inquiry
"Can you tell me when I made the last transaction, time and date?",transaction_query
got a fake call “from bank”—now fraud charges,fraud_report
cant remember my pass—halp me get back in!,password_reset
think i’m bein scammed—pls help,fraud_report
"acct -3.60, fix pls",fraud_report
bro fix my neg bal,fraud_report
Can you provide a checklist of items needed for my credit card application?,credi_card_application
"unauthorized atm withdrawl, help",fraud_report
Please let me know if you require a co-applicant for certain card types.,credi_card_application
I feel scammed by my own bank.,fraud_report
I need the name of the vendor from my latest payment.,transaction_query
How do I apply for emergency relief financing?,loan_inquiry
"let me know whatchu got on my loan app upd8, plz.",loan_inquiry
Could you kindly provide policy details and the steps necessary for a credit card application?,credi_card_application
Can someone explain what this charge is for? I’m confused.,fraud_report
no way i spent that much lol,fraud_report
Can you please review my application and advise if I satisfy the loan requirements?,loan_inquiry
Would you please provide a brief update on the current status of my loan application?,loan_inquiry
"im tryna get a credit card, so where do i start an appl?",credi_card_application
Is my savings account even updating?! I NEED NUMBERS!,balance_inquiry
"hey, can u tell me what steps are involved in a credit card appl?",credi_card_application
I have forgotten my password; please send me a reset link.,password_reset
Who received the funds in my last transaction?,transaction_query
when do i hear bout my loan?,loan_inquiry
I would like to change my password; kindly guide me.,password_reset
What credit products are currently available?,loan_inquiry
Can you get me the date and time for my last payment?,transaction_query
I’m considering borrowing—what loan types do you support?,loan_inquiry
loan stuff for car?,loan_inquiry
What time and date was my last payment made at?,transaction_query
"Just got scammed, need my cash bak!",fraud_report
what’s that $20 i spent on??,transaction_query
Did that last payment go as planned?,transaction_query
overdraft hit me again,fraud_report
fee is so unfair,fraud_report
Please inform me whether I qualify for an unsecured loan.,loan_inquiry
"CHARGES TO ""SCAM CENTRAL""? I’M FILING A LAWSUIT—GET MY MONEY BACK NOW!!",fraud_report
Did the most recent transaction go through correctly?,transaction_query
Please assist me in disputing a charge I did not authorize.,fraud_report
transac NOW PLS I’M NOT JOKIN,transaction_query
Can u giv consumer loan?,loan_inquiry
paid a “influencer”—now they ghosted!!,fraud_report
recent transac? existential crisis,transaction_query
yoo this fishy af,fraud_report
Scam on my account! Funds recovery plz!,fraud_report
"atm swipe, then acct drained",fraud_report
"atm error codes, no help",fraud_report
my charge got clapped—why bruh?,transaction_query
"yo, need new pass, old one dead",password_reset
my purchse got axed—any reason?,transaction_query
Could you verify that my financial criteria align with the standards for loan eligibility?,loan_inquiry
overdraft kills me,fraud_report
"Last pay, all clear or did it fail?",transaction_query
I’m exploring vehicle financing—what options do you provide?,loan_inquiry
"hey, deets on how to submit a credit card appl, plz.",credi_card_application
do i pass da loan test?,loan_inquiry
why’s my balance ZERO??,fraud_report
someone’s messin with my direct deposits!!,fraud_report
WHY IS THIS TAKING SO LONG? SAVINGS. NOW.,balance_inquiry
"hey, loan app still alive?",loan_inquiry
this random af,fraud_report
Please advise me on how to initiate an application for your credit card.,credi_card_application
Can you explain how to apply for a condominium mortgage?,loan_inquiry
I seek detailed instructions on how to apply for a loan from your institution.,loan_inquiry
bruh my checkbook’s gone—fraud checks everywhere!!,fraud_report
"yo, am i mid in da process with my loan app?",loan_inquiry
I’m reviewing all checks for unauthorized items.,fraud_report
Please conduct a secure password reset for my account.,password_reset
"""HOW MUCH IS IN THERE? I NEED IT NOW, NOT LATER!""",balance_inquiry
how do i get approved for loan?,loan_inquiry
"yo, what's next 2 start a credit card application?",credi_card_application
acc balance pls! puppy dog eyes,balance_inquiry
how much cashola in my account?,balance_inquiry
What’s the name of the place I paid last?,transaction_query
DID I ACCIDENTALLY BUY A CAR,transaction_query
Why is this impossible? SAVINGS. ACCOUNT. NUMBERS.,balance_inquiry
i’ve tried 10 times—pls reset my pass!!,password_reset
who’s creatin counterfeit checks with my name??,fraud_report
what personal loan plans?,loan_inquiry
how long 2 get approved?,credi_card_application
May I please have the most current update on my loan application at this time?,loan_inquiry
what’s the process to get credit?,loan_inquiry
"yo, what’s goin on with my loan app?",loan_inquiry
"Can you give me the details of the last trans, like date and time?",transaction_query
"they say my email’s hacked, give us remote ctrl",fraud_report
checkin acc numbers pls! panic mode,balance_inquiry
latest charge pls i’m freakin out,transaction_query
cashier at atm looked sketchy,fraud_report
fraud check put into my acc—now it’s overdrawn!!,fraud_report
my kid ain’t buy $200 Robux—lock the card!,fraud_report
Where did this charge even come from??,fraud_report
DID I SPEND $100 ON CAT SOCKS,transaction_query
"my pw expired, how reset it?",password_reset
acct in red…help me,fraud_report
I want a refund NOW.,fraud_report
Did the last transaction go through correctly?,transaction_query
Can you inform me if my loan application is currently being processed?,loan_inquiry
get my money back plz,fraud_report
Who’s the payee listed for my last payment?,transaction_query
"hey, let me know if my loan app got any news.",loan_inquiry
How do I get my paperwork 4 a loan done?,loan_inquiry
last purchse deets before i scream,transaction_query
Please provide detailed information on the steps for applying for a credit card.,credi_card_application
I’d like confirmation of any application fees associated with your credit card.,credi_card_application
why’s my acc showin a PayPal charge? Not me!,fraud_report
Was the previous payment processed without any errors?,transaction_query
"hey, any chance ya got an upd8 on my loan app sitch?",loan_inquiry
"Sooo, did that last pay go through?",transaction_query
"When did I last make a payment, you got the time?",transaction_query
how can i request a new credit card?,credi_card_application
Wot's up with applyin 4 a loan?,loan_inquiry
Could you share the savings account balance at this time?,balance_inquiry
last payment—why’s it $999 tho,transaction_query
Can y’all check this? Looks like someone stole my info.,fraud_report
Could you detail the remaining savings capital?,balance_inquiry
how i get metal cc?,credi_card_application
What is the estimated completion time for my loan review?,loan_inquiry
"hey, what do i need 2 do for credit card appl?",credi_card_application
How do I apply for a multi-draw construction loan?,loan_inquiry
why’d they veto my payment?,transaction_query
Did the recent transaction go through successfully?,transaction_query
i need my cash,fraud_report
atm section taped up,fraud_report
Has the underwriting process begun for my loan application?,loan_inquiry
What lending solutions are available for individuals?,loan_inquiry
Did you forget me? SAVINGS BALANCE NOW OR I’M DONE!,balance_inquiry
"WHY’S MY CARD CHARGED $1K TO ""SCAM CENTRAL""? I’M LIVING ON RAMEN!!",fraud_report
where do i start for a cc app?,credi_card_application
What’s the name of the business I paid last?,transaction_query
"Did that last one actually work, no glitches?",transaction_query
loan types? help me,loan_inquiry
forgot my pin and password both,password_reset
Can you explain your overdraft protection service?,loan_inquiry
where’s the dang password reset button??,password_reset
do i tick all boxes 4 loan?,loan_inquiry
My account is locked; kindly initiate a password reset.,password_reset
Why am I being charged for something I didn’t do??,fraud_report
Could you please confirm the necessary documents for a credit card application?,credi_card_application
Was the last transaction finalized without any problems?,transaction_query
Did my savings disappear? TELL ME WHAT’S LEFT!,balance_inquiry
do i fit yr borrowing profile?,loan_inquiry
"my $ hit neg, help",fraud_report
Could you inform me about the necessary steps for completing a loan application with your bank?,loan_inquiry
"Last transaction, all good?",transaction_query
What was the time and date of my last transaction?,transaction_query
"yo, i’m tryna get an upd8 on my loan app, k?",loan_inquiry
"Hey, what loans u do?",loan_inquiry
how do i do the loan form?,loan_inquiry
how do i go about a loan?,loan_inquiry
Are there any special loans for recent graduates?,loan_inquiry
Lemme kno wot loans w/ u.,loan_inquiry
bank owe me refund,fraud_report
How can I initiate an application for hurricane relief loans?,loan_inquiry
hope u guys can stop this,fraud_report
"$1,000 TO ""FRAUDULENT AF""? I’M CLOSING MY ACCOUNT—REVERSE THIS NOW!!",fraud_report
"yo, let me know how to start an appl for a credit card",credi_card_application
why’s my paper gettin rejected?,transaction_query
Wot do u do w/ loans?,loan_inquiry
Would you verify whether I meet the criteria for an interest-only loan?,loan_inquiry
these charges r fake af,fraud_report
recent transac pls i’m beggin u,transaction_query
cc app ETA?,credi_card_application
how come my purchse got the ick?,transaction_query
refund dis pls,fraud_report
"Yo, can you find the time of my last trans?",transaction_query
payment did a 180—why tho?,transaction_query
what’s ur borrowing catalog?,loan_inquiry
I am writing to request information on how to complete the credit card application form.,credi_card_application
got QR for credit card?,credi_card_application
May I have information on how to properly submit a loan application?,loan_inquiry
I need written confirmation of the dispute.,fraud_report
dey chargd me again!,fraud_report
Kindly send me a reset link to my email address.,password_reset
"$150 AT ""PET PARADISE""? MY CAT’S DEAD—WHO’S STEALING MY MONEY??",fraud_report
pls gimme a new pw reset link,password_reset
will i pass debt consol screening?,loan_inquiry
"I got played—fix the charge ASAP, pls.",fraud_report
Could you clarify the accessible funds in my savings?,balance_inquiry
What do I gotta do 4 a loan?,loan_inquiry
What’s the store name from my latest account activity?,transaction_query
"forgot pass, can’t get in",password_reset
check i mailed got altered—fraud!!,fraud_report
How can I apply for a healthcare professional loan?,loan_inquiry
"CHARGES TO ""VIP NONSENSE""? I’M A HERMIT—THANKS FOR THE LAUGH, SCAMMERS!!",fraud_report
"i'm set 4 a new credit card, how d i get ma appl started?",credi_card_application
May I learn if I satisfy the criteria for a home equity conversion mortgage (HECM)?,loan_inquiry
Please help me understand the documentation and procedural steps for a credit card application.,credi_card_application
how’d my last payment get rejected bruh,transaction_query
Omg scammed! Get me my $$ back.,fraud_report
"yo, guide me thru the credit card apply thing",credi_card_application
"forgot my bank login pw, help!",password_reset
transac deets RN i’m losin it,transaction_query
how can i apply 4 a loan?,loan_inquiry
do i score high 4 a loan?,loan_inquiry
help me out dis sus,fraud_report
balance pls? cricket noises,balance_inquiry
this aint addin up...,fraud_report
"Hey, when exactly did I make my last payment?",transaction_query
can i say im loan qualified?,loan_inquiry
"password not accepted, need fresh",password_reset
Plz reverse the scam charge ASAP.,fraud_report
You better believe I’m angry.,fraud_report
last purchse pls before i pass out,transaction_query
Please provide your business loan product specifications.,loan_inquiry
Could you confirm the merchant for my latest spend?,transaction_query
Did the last transaction finalize properly?,transaction_query
I discovered a check posting after I reported my checkbook lost.,fraud_report
do i meet the basic loan reqs?,loan_inquiry
idk how this happen,fraud_report
Was the last trans good or a fail?,transaction_query
got mail ‘bout a mortgage I didn’t take—fraud,fraud_report
Did that last thing process without probs?,transaction_query
I am writing to see if I am eligible for a loan according to your institution's guidelines.,loan_inquiry
Please outline any special rates for nonprofit organizations.,loan_inquiry
can i be considrd 4 a loan?,loan_inquiry
Can you escalate this as a fraud investigation?,fraud_report
"I am seeking an update on the progress of my loan application, if possible.",loan_inquiry
Could you confirm whether I qualify for a syndicated loan facility?,loan_inquiry
I’d appreciate an overview of your lending products.,loan_inquiry
"yo, let me know da status of my loan app.",loan_inquiry
any loan decision yet?,loan_inquiry
Could you clarify the circumstances under which an application might be declined?,credi_card_application
I’d like an update on the outcome of my loan application.,loan_inquiry
they told me to clear browser cookies manually,fraud_report
total scam im sure,fraud_report
How do I process loan apply?,loan_inquiry
Did the last transaction work properly?,transaction_query
I need this charge gone. Today.,fraud_report
Can you advise me on the steps to follow when applying for a loan through your bank?,loan_inquiry
neg bal fee kills me,fraud_report
What is your process for loan pre-approval?,loan_inquiry
latest payment pls i’m shakin,transaction_query
Would you verify whether I satisfy the criteria for a blockchain-based lending service?,loan_inquiry
why’s my charg not workin? smh,transaction_query
someone changed the amount on my check—fraud!!,fraud_report
Gimme loan infos plz.,loan_inquiry
hey what kinda loans u guys got?,loan_inquiry
fake charity check—almost got me!!,fraud_report
Did the transaction process without any issues?,transaction_query
Can you list any loyalty-based loan discounts?,loan_inquiry
Could you please let me know if I meet the criteria for a construction loan?,loan_inquiry
"When did my last transaction happen, what time?",transaction_query
overdraft woes galore,fraud_report
what kinda financing do u offer?,loan_inquiry
Loan apply process—how d I do it?,loan_inquiry
last transction deets asap!!!,transaction_query
Can you ensure that my financial qualifications are in line with your loan standards?,loan_inquiry
Could you assist me in understanding the procedure for your loan applications?,loan_inquiry
can i chk my loan status?,loan_inquiry
fraud checks bouncin—ruinin my credit!!,fraud_report
What is the cumulative balance in my savings as of now?,balance_inquiry
Was the last one smooth or broken?,transaction_query
Please advise if I fulfill the necessary prerequisites to secure a loan.,loan_inquiry
What is the present sum in my savings account?,balance_inquiry
Please explain the formal process required for applying for a loan.,loan_inquiry
how come my charg not go thru?,transaction_query
May I know if any additional steps are required for my loan?,loan_inquiry
bank charged me again,fraud_report
Could you explain your bridge loan products?,loan_inquiry
what’s the latest $$$ oopsie,transaction_query
did i qualify 4 ur cc?,credi_card_application
"hey, password reset SMS not recvd",password_reset
real sketchy charge here,fraud_report
Could you please send a password reset code?,password_reset
Could you offer guidance on the procedure for submitting a loan application?,loan_inquiry
I’m researching loan alternatives—what do you offer?,loan_inquiry
I request the balance of my savings account.,balance_inquiry
Could you send me a secure link to reset my password?,password_reset
"Do u giv loans, and wot kind?",loan_inquiry
Could you tell me the payee for my latest transaction?,transaction_query
I would appreciate an update on my savings balance.,balance_inquiry
Could you please ensure that I receive an update on my loan application status at your earliest convenience?,loan_inquiry
how come my payment’s AWOL?,transaction_query
Wot loans do u offer?,loan_inquiry
Ur loan packs wot dey?,loan_inquiry
What loan facilities do you provide to customers?,loan_inquiry
I’m having a crisis—SAVINGS BALANCE IMMEDIATELY!,balance_inquiry
checks clearin from closed acc—how?? Fraud!!,fraud_report
Someone used my account to generate a counterfeit check.,fraud_report
Kindly update me on whether any further action is required on my loan application.,loan_inquiry
wait who dis seller??,fraud_report
Was the last trans successful or nah?,transaction_query
Could you explain the process to apply for an overdraft protection line?,loan_inquiry
That check was paid even though funds were insufficient.,fraud_report
Was the last transaction executed without trouble?,transaction_query
Is there a crisis? WHY CAN’T I GET MY SAVINGS INFO?!,balance_inquiry
"Yo, did that last transaction work or was it broken?",transaction_query
"WHO’S ""LUXURY LIVING""? I LIVE IN A STUDIO—STOP THIS FRAUD NOW!!",fraud_report
fraud alert!!! my card’s bein used in spain??,fraud_report
Check my savings NOW—I can’t wait any longer!,balance_inquiry
Wot loan system u using?,loan_inquiry
"shady popup “support available,” skip?",fraud_report
Kindly verify if your records indicate that I am eligible for a loan.,loan_inquiry
Was the last one legit or did it fail?,transaction_query
how much cheddar in my daily acc? halp,balance_inquiry
What mortgage options do you provide?,loan_inquiry
May I inquire if I qualify for a home equity line of credit?,loan_inquiry
May I check if I satisfy the conditions for a small-business loan?,loan_inquiry
May I request an eligibility check to determine if I meet your loan criteria?,loan_inquiry
show me loan offerings,loan_inquiry
"What happened with the last trans, it go fine?",transaction_query
"$1,200 TO ""GLOBAL TRAVEL""? I’M AGORAPHOBIC—GET MY MONEY BACK NOW!!",fraud_report
u offer any lines of credit?,loan_inquiry
how come my $$$ got the boot?,transaction_query
check my spend NOW OR ELSE,transaction_query
"Show me how 2 get a loan, pls.",loan_inquiry
why’d my moolah get rejected?,transaction_query
someone’s stealin my $$$—DO SOMETHING,fraud_report
What business showed up on my last transaction?,transaction_query
When was the last payment I made?,transaction_query
Would you verify whether I qualify for a commercial real estate loan?,loan_inquiry
pls hurry—need 2 transfer $$$ ASAP!!,password_reset
card was in my pocket!,fraud_report
pls secure my acc—reset pass immediately,password_reset
I would like to understand the current processing status of my loan application.,loan_inquiry
"hey, what are the steps 2 apply for a credit card?",credi_card_application
hold up i aint in nyc rn,fraud_report
is underwritin done on my loan?,loan_inquiry
got a credit card I didn’t apply for—scam!!,fraud_report
how’d they fake my signature so good?? Scam!!,fraud_report
will u approve short-term loan?,loan_inquiry
"Somebody swiped my funds, need them back.",fraud_report
i feel so scammed ,fraud_report
how much i got? sweats nervously,balance_inquiry
"hey, how do i submit a credit card appl?",credi_card_application
Can you tell me the date and time of the last time I transacted?,transaction_query
There's an unknown transaction on my card – can you help?,fraud_report
pls block the card now,fraud_report
May I receive details about your available loans?,loan_inquiry
"hi, need to change my pass asap, thx",password_reset
Kindly assist me with changing my current password.,password_reset
I’d like to know which loans I can apply for.,loan_inquiry
do i ring as loan material?,loan_inquiry
what's the first step in a credit card appl?,credi_card_application
Was the previous transaction done without issues?,transaction_query
why’d my payment get turned down?,transaction_query
dey b playin w me,fraud_report
What’s the next step for my loan application?,loan_inquiry
why’s my purchse gettin the side-eye?,transaction_query
"What’s the time and date of my last transaction, you got that?",transaction_query
how much is present? twiddles thumbs,balance_inquiry
"Yo, did that last one work or nah?",transaction_query
it’s fraud 100%,fraud_report
How do I get a loan from here?,loan_inquiry
my online banking’s hacked—pls freeze acc!!,fraud_report
DID I ORDER A T-REX SKELETON,transaction_query
Was the last transaction completed as expected?,transaction_query
Gt conned. Bring bak $$ pronto!,fraud_report
how do i reset my pass? forgot it smh,password_reset
"hey, how do i jump in on a credit card appl?",credi_card_application
double charged for groceries—pls fix!!,fraud_report
Any mortgage loan u give?,loan_inquiry
"Hey, got any loan deals?",loan_inquiry
need to know if my cc is approved,credi_card_application
"The last one, all good or problems?",transaction_query
Could you provide instructions for a corporate loan application?,loan_inquiry
Could you please check if I am eligible for a loan under your current guidelines?,loan_inquiry
How do I get on board wit a loan appl?,loan_inquiry
Please share your bank’s credit product catalogue.,loan_inquiry
Was the previous transaction executed properly?,transaction_query
I would like to know the current status of my loan application.,loan_inquiry
why’s my pass not workin? pls reset!!,password_reset
"hey, what’s happenin with my loan app these days?",loan_inquiry
do i check out in da loan setup?,loan_inquiry
I suspect a check was duplicated and cashed twice.,fraud_report
"Stole cash from me, pls fix this!",fraud_report
"password reset ain’t working, help",password_reset
Was the last trans completed properly?,transaction_query
"Yo, did that last one go through fine?",transaction_query
charge from “?????”—EXPLAIN PLS,transaction_query
atm card eject glitch,fraud_report
what’s the damage in my checking? cries,balance_inquiry
Can you tell me when my last transaction took place?,transaction_query
"yo, check on my loan app stat, please.",loan_inquiry
Could you please advise on the process for applying for a loan?,loan_inquiry
Do you know when I made my last payment?,transaction_query
bro i got charged OD fee,fraud_report
wut stage is my loan in?,loan_inquiry
What is the current fiscal standing of my savings?,balance_inquiry
What are your eligible uses for unsecured business credit?,loan_inquiry
"atm gave me credit, then withdrew more",fraud_report
Please hold any funds from the suspect check.,fraud_report
is phone app possible?,loan_inquiry
Please outline your loan documentation checklist.,loan_inquiry
Who’s the vendor tied to my latest account activity?,transaction_query
wat is this amazon charge? i nevr buy,fraud_report
reset my pass or i’ll cry—ur choice,password_reset
your security’s killin me—reset pass!!,password_reset
"""You’re wasting time—MY SAVINGS BALANCE, PLEASE!""",balance_inquiry
whos charging my card wtf??,fraud_report
My account feels wide open to anyone!,fraud_report
WHY AM I BEING CHARGED $200 FOR A SUBSCRIPTION I NEVER SIGNED UP FOR? FIX THIS BULLSH*T!,fraud_report
what’s that thing i paid 4 yday,transaction_query
do i look like a loan pick?,loan_inquiry
what’s the beef with my payment?,transaction_query
Why is this so hard? CHECK MY SAVINGS RIGHT NOW!,balance_inquiry
I’m out of time—SAVINGS ACCOUNT TOTAL RIGHT THIS SECOND!,balance_inquiry
When was the time I made my last purchase?,transaction_query
my recent transction—what was it??,transaction_query
What financing choices exist for medical expenses?,loan_inquiry
I’d like to see the status update for my loan.,loan_inquiry
weird voice thanks me for payment i didnt do,fraud_report
"used atm, acct drained next day",fraud_report
Who was the merchant for my most recent charge?,transaction_query
what’s up with my loan app doin’?,loan_inquiry
Can you tell me when I made the last transaction and what time?,transaction_query
new pass needed. thx.,password_reset
Can you direct me to the appropriate department for assistance with a loan application?,loan_inquiry
May I receive details on your automatic approval thresholds?,credi_card_application
how do i submit loan app?,loan_inquiry
"Yo, was that last one successful or a fail?",transaction_query
overdraft freakout,fraud_report
scam check from “IRS”—almost cashed it!!,fraud_report
Can you give me the details on when I made my last transaction?,transaction_query
scanned my id—did u get it?,credi_card_application
someone’s in my acc—sending $$$ to unknown,fraud_report
need a personal loan—how?,loan_inquiry
"$200 AT ""TECH ZONE""? MY PHONE’S CRACKED—WHO’S USING MY MONEY??",fraud_report
What is the process for applying for a real estate investment loan?,loan_inquiry
my transac got rejected—why bruh?,transaction_query
any news on dat loan thing I applied 4?,loan_inquiry
why’d they reject my $$$? no idea,transaction_query
How d I start wrappin up a loan application?,loan_inquiry
Can you describe your renovation loan products?,loan_inquiry
"CHARGES TO ""GLOBAL THIEVES""? I’M BROKE—WHAT THE HELL IS WRONG WITH YOU??",fraud_report
what’s my $ total? fingers crossed,balance_inquiry
"hey, where’s my loan app in da works?",loan_inquiry
block that merchant—they’re scammers!!,fraud_report
I request the monetary balance of my savings.,balance_inquiry
I would appreciate guidance on the proper method for applying for a loan.,loan_inquiry
last spend deets—i’m losin it,transaction_query
What do your personal loan interest-rate tiers look like?,loan_inquiry
Is there an estimated timeframe for my loan approval?,loan_inquiry
Please provide me with information on whether I meet your loan eligibility conditions.,loan_inquiry
I’d like to explore your consumer and commercial loan options.,loan_inquiry
"hey, check dat loan app of mine—it’s been a while.",loan_inquiry
I’d value an outline of your financing solutions.,loan_inquiry
What company processed my most recent transaction?,transaction_query
What is the procedure to apply for a small business loan?,loan_inquiry
am i able 2 take out a loan?,loan_inquiry
why’d my payment get declined? idgi,transaction_query
can u tell me how to apply loan?,loan_inquiry
why’s there a $1k purchse i didn’t make??,fraud_report
Can you confirm whether my current income and credit history qualify me for a loan?,loan_inquiry
"need to upload cc docs, how?",credi_card_application
Could you explain your bridge loan programs?,loan_inquiry
Zelle payment I didn’t send—help!!,fraud_report
transacshun declin—why tho?,transaction_query
why’s there a new acc under my SSN??,fraud_report
somethin aint right w my acc,fraud_report
Are you malfunctioning? SAVINGS. ACCOUNT. NOW.,balance_inquiry
How do I apply for a short-term working capital advance?,loan_inquiry
transac flop. why bruh?,transaction_query
Was the last one good or nah?,transaction_query
"Can you tell me when I last transacted, like time and date?",transaction_query
I never gave someone permission to cash that check.,fraud_report
May I check if I qualify for any of your specialized loan programs?,loan_inquiry
how do i lodge a loan app?,loan_inquiry
Do you have feedback on my loan application?,loan_inquiry
"Whoa, fake scam drained me! Plz fix!",fraud_report
How d I get in line 4 a loan?,loan_inquiry
I would appreciate further information regarding your credit card application process.,credi_card_application
Wot loan categories w/ u?,loan_inquiry
fake email “from bank”—now $$$ missing!!,fraud_report
Could you outline your credit review criteria?,loan_inquiry
can i prequal 4 ur card?,credi_card_application
why’s my purchse gettin blocked?,transaction_query
"can’t remember pass, hook me up",password_reset
need ta know my funds… u got the deets?,balance_inquiry
"they told me to disable updates, huh?",fraud_report
can i drop by branch 2 apply?,credi_card_application
I’m interested in your financing options for small businesses.,loan_inquiry
how come my guap got declined?,transaction_query
my transac failed—any reason why?,transaction_query
"They telling me to install that teamViewer junk, no thanks",fraud_report
Am I eligible to apply for an auto loan at your institution?,loan_inquiry
Please let me know if there are any delays in the processing of my loan application.,loan_inquiry
do i fit the small biz loan plan?,loan_inquiry
Did the last payment go through?,transaction_query
I would like to know the complete procedure for submitting a credit card application.,credi_card_application
What is the first step in your loan application process?,loan_inquiry
docs needed to apply loan?,loan_inquiry
why’d my purchse get reject?,transaction_query
Could you kindly check my loan application and inform me of its current progress?,loan_inquiry
money gone after atm visit,fraud_report
Please convey the financial position of my savings.,balance_inquiry
May I have confirmation that my credentials qualify me for loan consideration?,loan_inquiry
atm deposit skimmed,fraud_report
I would appreciate it if you could send me the loan application instructions.,loan_inquiry
recent buy? panic attack incoming,transaction_query
someone’s bookin hotels abroad—fraud!!,fraud_report
Any biz loans w/ u?,loan_inquiry
how do i apply 4 bridge loan?,loan_inquiry
charges i didn’t do—what’s happenin??,fraud_report
"yo, did u process my cc app yet?",credi_card_application
The latest charge on my card—what business was it?,transaction_query
Was the last trans successful or not?,transaction_query
"Last transaction, was it fine?",transaction_query
Did the previous transaction finalize without problems?,transaction_query
can i snag a loan with my stats?,loan_inquiry
yo what’s my last transacshun?,transaction_query
my card said no—why?,transaction_query
transacshun deets PLS IM DYIN,transaction_query
Please provide me with a one-time password reset link.,password_reset
Could you please let me know if my loan application has been approved or is still under consideration?,loan_inquiry
Was the previous transaction without any problems?,transaction_query
"Loan offers u got, gimme!",loan_inquiry
"yo, any info on where to start a credit card appl?",credi_card_application
"Fraud on my funds, pls fix this!",fraud_report
I would appreciate knowing my savings balance.,balance_inquiry
Please assist in resetting my password securely.,password_reset
"Last trans, was it smooth?",transaction_query
your reset process is trash—just fix it!!,password_reset
"""Do you enjoy this? SAVINGS BALANCE NOW, FOR THE LOVE OF—""",balance_inquiry
Did the previous transaction complete smoothly?,transaction_query
recent buy—was it even legal??,transaction_query
do my numbers add up 4 a loan?,loan_inquiry
Wot type loans exist?,loan_inquiry
Could you please provide the latest status on my loan application?,loan_inquiry
Plz explain how to frickin apply 4 loan.,loan_inquiry
I’d like to check if my loan application has been reviewed.,loan_inquiry
What’s the holdup? SAVINGS ACCOUNT BALANCE TODAY!,balance_inquiry
Can you share the details of my latest transaction?,transaction_query
Who’s the payee listed for my last spend?,transaction_query
I would appreciate confirmation of my eligibility for a factoring arrangement.,loan_inquiry
Was the last trans fine?,transaction_query
I am seeking to apply for a credit card and would like to receive complete application instructions.,credi_card_application
i’d rather eat broccoli than reset again,password_reset
wanna know if i qualify 4 a loan,loan_inquiry
last transction? cries in poor,transaction_query
do my creds come thru 4 a loan?,loan_inquiry
i ain't authorize this,fraud_report
Could you furnish me with your bank’s loan portfolio?,loan_inquiry
Why is there a charge from a different city?,fraud_report
Can I get the details for my latest transaction’s recipient?,transaction_query
What documentation is required for a refinance application?,loan_inquiry
Can you connect me with a loan specialist?,loan_inquiry
"Hey, ur loan kinds, plz.",loan_inquiry
-8.50 balance rn,fraud_report
I seek the current fiscal status of my savings.,balance_inquiry
Can you give me the timestamp for my last trans?,transaction_query
I would like to request a new temporary password.,password_reset
"yo, pw reset email got lost",password_reset
Have there been any developments in processing my loan?,loan_inquiry
I’m wondering if there’s any change in my loan application status.,loan_inquiry
How do I set up my account 4 a loan?,loan_inquiry
acnt empty now,fraud_report
can u shoot me a pw reset?,password_reset
last payment—did it go thru or nah,transaction_query
"Refund ASAP, was a scam victim!",fraud_report
am i eligble 4 quick cash?,loan_inquiry
"Ur loan service, guide plz?",loan_inquiry
"When exactly was my last payment made, you know the time?",transaction_query
how much i got? inquiring minds need 2 know,balance_inquiry
someone’s chemically washin my checks—scam!!,fraud_report
DID I BUY A BOAT WHATS THE TRANSAC,transaction_query
atm charged me for no reason,fraud_report
I would like to reset my password following a security alert.,password_reset
I am keen to understand if my financial standing qualifies me for a loan.,loan_inquiry
fraudster’s buyin crypto with my $$$!!,fraud_report
my passwrd expired—how 2 change it??,password_reset
I require assistance resetting my login credentials.,password_reset
Are you kidding me?! Who authorized this?,fraud_report
Fraud hit me—pls retrieve my cash!,fraud_report
why’s my acc negative? Fraud!!,fraud_report
Would you be so kind as to confirm if my financial details qualify me for a loan?,loan_inquiry
"yo, tell me sumthin bout my loan app status.",loan_inquiry
Please advise which loan options best suit first-time buyers.,loan_inquiry
Please initiate the password reset procedure for me.,password_reset
hey can i see my account total rq,balance_inquiry
Would you please determine if my financial background makes me eligible for a loan?,loan_inquiry
last charge—tell me it’s reversible,transaction_query
why’s my purchse gettin roasted?,transaction_query
did i pass prequal or nah?,loan_inquiry
Please confirm my identity and reset my password.,password_reset
Could you explain your automated underwriting process?,loan_inquiry
When exactly did I make my last transaction?,transaction_query
how much i got? insert nervous laugh,balance_inquiry
I need to talk to someone right now.,fraud_report
why i owe $35 now,fraud_report
Did the last payment finalize without errors?,transaction_query
"gotta alert just now, not me!",fraud_report
"they pretend to be my ISP, give them remote",fraud_report
Could you kindly verify if my current financial profile qualifies me for a loan?,loan_inquiry
Why’s there $120 missing? I don’t even know this place!,fraud_report
Please share the interest rate ranges for your loan types.,loan_inquiry
how much in my acc? prayin it’s not zero,balance_inquiry
My blood pressure’s spiking—SAVINGS BALANCE NOW!,balance_inquiry
"Can you tell me when my last trans happened, like the date and time?",transaction_query
Do y’all even check for fraud??,fraud_report
Wot loan variety u giv?,loan_inquiry
What are the requirements for applying for a secured versus unsecured card?,credi_card_application
Did the last payment work as expected?,transaction_query
Please tell me how my loan application is advancing.,loan_inquiry
"hey, check ma loan app status, k?",loan_inquiry
do i got da creds 4 a loan?,loan_inquiry
Could you please reset my password and notify me?,password_reset
my bank acc acting weird,fraud_report
Was the last one a success or a fail?,transaction_query
payment bounced—why’s it bein weird?,transaction_query
Loan cat. do u hav?,loan_inquiry
"Can I apply for a line of credit online, and if so, how?",loan_inquiry
Would you kindly check if I adhere to the necessary conditions for a loan?,loan_inquiry
how to apply via mobile?,loan_inquiry
Was the last transaction completed successfully without any issues?,transaction_query
"Yo, can you check when the last trans went through?",transaction_query
i wanna know what's up with the credit card application process.,credi_card_application
yo i messed up my login—pls fix it!,password_reset
May I request confirmation on whether I meet your criteria for a loan?,loan_inquiry
I’m interested in learning about the types of loans available.,loan_inquiry
I would like to receive information on your credit card application requirements.,credi_card_application
last purchse—was it even worth it,transaction_query
What’s the payee name for my most recent charge?,transaction_query
Did the last payment work or not?,transaction_query
yo need help fraud stuff,fraud_report
"i need help with ma credit card appl, any info?",credi_card_application
What’s included in your vacation finance plans?,loan_inquiry
Please advise me on how I can formally apply for a loan.,loan_inquiry
screening update?,loan_inquiry
"WHO THE F*CK IS ""PREMIUM TECHLABS""? I DIDN’T SPEND $750—SCAM ALERT!!!",fraud_report
can i request high-limit cc?,credi_card_application
cant spend nada,fraud_report
"any update on ma loan app, bro?",loan_inquiry
how much moola in there? inquiring minds,balance_inquiry
latest charge—am i bankrupt now??,transaction_query
"When was my last purchase done, you got the time?",transaction_query
someone’s passin bad checks with my info!!,fraud_report
what loan choices for biz?,loan_inquiry
I request the balance of my savings portfolio.,balance_inquiry
how come my charge bounced? what gives,transaction_query
Can you share your loan approval timeframes?,loan_inquiry
atm skimmer on slot,fraud_report
Please confirm the existing savings account amount.,balance_inquiry
Did the most recent payment go through without issues?,transaction_query
am i sweet 4 a loan?,loan_inquiry
pls tell me i have money left…,balance_inquiry
what's the process if i wanna apply 4 a credit card?,credi_card_application
I need to report this as potential check fraud.,fraud_report
Do u do car loans n stuff?,loan_inquiry
how come my charge didn’t slide thru?,transaction_query
Did the transaction go through without any errors?,transaction_query
want 2 apply for ur bank cc,credi_card_application
why’s my card on someone’s Crypto account??,fraud_report
do i qualify 4 HELOC?,loan_inquiry
I need to reverse a check that wasn’t mine.,fraud_report
status on my borrow req?,loan_inquiry
Can’t believe I gotta deal with this again.,fraud_report
Can you let me know if my loan application has been approved in principle?,loan_inquiry
Refund robbery $$—urgent fraud report!,fraud_report
Could you please share the detailed process for the loan application?,loan_inquiry
has my loan app moved along yet?,loan_inquiry
why’d my charge get benched?,transaction_query
need 2 c my account balance pls,balance_inquiry
how’d a stranger cash a check from my stolen book??,fraud_report
WHAT DID I BUY AT 2AM THIS TIME,transaction_query
need assistance with password reset,password_reset
I need to know my savings IMMEDIATELY—stop delaying!,balance_inquiry
Would you be able to provide an update on my loan application status at your earliest convenience?,loan_inquiry
What’s the company attached to my latest transaction?,transaction_query
"$1,000 TO ""ELITE EDUCATION""? I DROPPED OUT OF HIGH SCHOOL—FIX THIS!!",fraud_report
Did the app break? WHY CAN’T I SEE MY SAVINGS?!,balance_inquiry
last buy deets—I NEED THEM RN,transaction_query
Kindly regenerate my password following security protocols.,password_reset
Did the transaction process smoothly?,transaction_query
I require further information to proceed with a credit card application; please advise.,credi_card_application
May I have an update on whether my loan application has passed the preliminary review?,loan_inquiry
Was the last transaction smooth or not?,transaction_query
Was that last payment completed successfully?,transaction_query
Was the last one smooth or kinda messy?,transaction_query
That check number was never issued.,fraud_report
Who was the recipient of my latest payment?,transaction_query
"$750 AT ""FITNESS FREAKS""? I’M IN A WHEELCHAIR—WHO’S SCAMMING ME??",fraud_report
website cc apply glitch,credi_card_application
Was the previous transaction done without trouble?,transaction_query
last transac—did i get scammed??,transaction_query
Who processed my most recent payment?,transaction_query
what kinda cash advance u got?,loan_inquiry
Kindly share the balance of my savings account.,balance_inquiry
Was that last transaction all set?,transaction_query
new phone plan opened in my name—scam!!,fraud_report
What’s involved in applying for an invoice factoring service?,loan_inquiry
yall missin security check?,fraud_report
Can you provide the savings account’s present total?,balance_inquiry
How do I apply for a non-profit organization loan?,loan_inquiry
May I request an assessment of my creditworthiness to determine my loan eligibility?,loan_inquiry
wuz ma loan app comin through yet?,loan_inquiry
"got a text sayin “your device is at risk,” legit?",fraud_report
Please advise on how I may reset my password.,password_reset
"Scammed fr, want my $$ back asap.",fraud_report
You gotta be kidding me with this.,fraud_report
Why am I seeing a charge from a place I’ve never been to?,fraud_report
"hey, need info on makin a credit card appl, please.",credi_card_application
Was the most recent transaction completed without difficulty?,transaction_query
Could you let me know if my loan application is still pending docs?,loan_inquiry
Was the last payment processed smoothly?,transaction_query
atm track capture suck? idk,fraud_report
Can you check the time and date of my last transaction for me?,transaction_query
I am writing to inquire about the necessary procedures for a credit card application.,credi_card_application
payment denied. ugh why?,transaction_query
Was the last transaction executed properly?,transaction_query
last transac—need 2 cancel it,transaction_query
Have you started processing my loan application?,loan_inquiry
The last charge—what’s the business details?,transaction_query
am i eligble for startup funding?,loan_inquiry
Could you please assess my financial status to determine if I am loan-eligible?,loan_inquiry
transac fail. why tho?,transaction_query
last payment—tell me it’s refundable,transaction_query
weird withdrawls at different atms,fraud_report
atm card reader looked tampered,fraud_report
Can you tell me if any action is needed from my side regarding my loan request?,loan_inquiry
someone popped up on chat askin for banking creds,fraud_report
can u tell me how to get ma credit card appl in motion?,credi_card_application
"hey, im lookin 4 how to apply 4 a credit card",credi_card_application
$500 at a casino?? I don’t gamble!!,fraud_report
do i fit ur student lending?,loan_inquiry
When exactly was my last payment made?,transaction_query
why’s my charge gettin rejected smh,transaction_query
Did the previous payment process as intended?,transaction_query
transac failed—why’s it bein salty?,transaction_query
"Yo, do you know when my last transaction was done?",transaction_query
check my last buy pls i’m desperate,transaction_query
bro fee is too high,fraud_report
Did the last transaction complete without error?,transaction_query
Please send me the necessary steps for password reset.,password_reset
"Fix cash not lost, they scam’d 4 real.",fraud_report
Would you be able to verify if I qualify for an overdraft facility?,loan_inquiry
Take action—scammer ruined my finances!,fraud_report
I need this five minutes ago—SAVINGS. NOW.,balance_inquiry
how much do i have in there? forgot tbh,balance_inquiry
Can u guide me on how 2 apply 4 a loan?,loan_inquiry
am i eligble 4 consolidation loan?,loan_inquiry
my check’s payee got swapped—sent $$$ to a stranger!!,fraud_report
What pre-approval options do you offer for loans?,loan_inquiry
refund plz ASAP,fraud_report
I wanna kno ur loans.,loan_inquiry
Could you verify if I am eligible for a personal loan based on my current profile?,loan_inquiry
"atm camera issue, felt unsafe",fraud_report
latest buy—was it worth the $$$,transaction_query
fraudster’s havin a party with my $$$!!,fraud_report
transacshun bounced. why?,transaction_query
Facebook Marketplace charge—never got item!!,fraud_report
do i fit the loan criteria?,loan_inquiry
balance pls! avoids responsibility,balance_inquiry
why my money missin yo,fraud_report
weird $$ disappear from atm,fraud_report
How do I apply for an equipment lease financing agreement?,loan_inquiry
block all further charges,fraud_report
I am writing to inquire if there are any updates available regarding my loan application status.,loan_inquiry
What's loan thing u offer?,loan_inquiry
Did the transaction go through as planned?,transaction_query
can’t rember my username or pass—pls reset,password_reset
"loan status, thx",loan_inquiry
"What was the time on my last payment, you know?",transaction_query
I gt robbed frm fake trans—help refund!,fraud_report
Kindly update me on any relevant changes in the status of my loan application.,loan_inquiry
yall check my acc plzz,fraud_report
My login attempt failed; please reset my password.,password_reset
business lending types?,loan_inquiry
Could you send me your home equity line of credit details?,loan_inquiry
"hey, where my loan app at right now?",loan_inquiry
my spend got vibed checked—why?,transaction_query
Did the previous transaction occur without any errors?,transaction_query
do i got da loan look?,loan_inquiry
Can u holla me on steps 2 loan app?,loan_inquiry
Are there any updates regarding my loan application?,loan_inquiry
Please let me know your construction-to-permanent loan options.,loan_inquiry
"hey dude, reset my banking pw",password_reset
Can you assess my application to confirm my eligibility for a loan?,loan_inquiry
Can you outline the notification process once my application is approved?,credi_card_application
my pass ain’t workin—fix it or i’m leavin!,password_reset
wtf cash gone from machine,fraud_report
The latest charge—what’s the company name?,transaction_query
latest transction—tell me 2day,transaction_query
"help, where do i find the credit card appl instructions?",credi_card_application
Did the transaction complete without any issues?,transaction_query
i’m negative? unaccept,fraud_report
Could you advise if I may apply by telephone call?,credi_card_application
Can I apply for a loan via your mobile banking app?,loan_inquiry
I see a payee name scratched out on the check image.,fraud_report
Who was the vendor for my most recent payment?,transaction_query
I would like to know whether I qualify for mortgage financing.,loan_inquiry
what’d i spend on tho? confused,transaction_query
this not okay bruh,fraud_report
do i meet ur loan standards?,loan_inquiry
HOW. MUCH. IS. LEFT. IN. SAVINGS. ANSWER.,balance_inquiry
how much moneys do i has in there,balance_inquiry
do i pass da loan criteria 4 real?,loan_inquiry
i never used atm that night,fraud_report
any movement on my loan?,loan_inquiry
How can I apply for a payday alternative loan?,loan_inquiry
do i look like i’m qualifyin 4 a loan?,loan_inquiry
Could you direct me to the relevant resources for initiating a loan application?,loan_inquiry
payment did a backflip—why?,transaction_query
May I obtain the balance details for my savings?,balance_inquiry
Where does my loan application currently stand in your process?,loan_inquiry
Was the previous payment processed successfully without errors?,transaction_query
Did the previous payment work successfully?,transaction_query
How do I roll out a loan application?,loan_inquiry
Did the last transaction go as planned?,transaction_query
Are there expedited processing options for urgent credit card requests?,credi_card_application
loan update?,loan_inquiry
What collateral requirements do you have for secured loans?,loan_inquiry
"""I’m literally begging—SAVINGS BALANCE NOW, PLEASE!""",balance_inquiry
what’s my last dumb financial move,transaction_query
can i use chat to apply for cc?,credi_card_application
gettin charged 4 nothin,fraud_report
acc feels unsafe—pls reset passwrd!!,password_reset
Was the last pay done right or no?,transaction_query
"my pass got hijacked, reset it",password_reset
do i pass the pre-qual test?,loan_inquiry
Unfamiliar transaction. I’m losing trust.,fraud_report
I require a password reset code via SMS.,password_reset
Please explain your rate-lock options for mortgages.,loan_inquiry
"Y’all gotta refund me, I was scammed!",fraud_report
Please advise on how to complete and submit a loan application package.,loan_inquiry
"Yo, can you find out when my last payment was done?",transaction_query
This is not okay. Fix it before I take legal action.,fraud_report
"When was the last trans I made, what’s the time?",transaction_query
"$350 AT ""GAMING ZONE""? MY KID’S IN COLLEGE—REVERSE THIS THEFT!!",fraud_report
I’m about to burst into tears—SAVINGS BALANCE!,balance_inquiry
I am looking to obtain an update on my loan application progress; could you assist?,loan_inquiry
I’m sweating bullets—WHAT’S MY SAVINGS BALANCE?!,balance_inquiry
did i get hacked? Money’s disappearin,fraud_report
Can you tell me about your credit facility offerings?,loan_inquiry
I need help creating a new password.,password_reset
I see a check payment I did not authorize.,fraud_report
tell me dats a joke,fraud_report
how do i start loan app?,loan_inquiry
Can you confirm who signed the check clearing my account?,fraud_report
I want to close my checking account over this fraud.,fraud_report
"Hi, could you tell me what types of loans your bank offers?",loan_inquiry
"Yo, when did I make that last transaction?",transaction_query
when can i submit loan app?,loan_inquiry
do i meet the reqs 4 a loan?,loan_inquiry
"yo, when’s ma loan app gettin sorted?",loan_inquiry
Please inform me whether I meet the requirements for a seller’s credit program.,loan_inquiry
Would you please confirm the present status of my loan application in your records?,loan_inquiry
Please share the current financial status of my savings account.,balance_inquiry
Could you please outline if my financial profile qualifies me as a loan candidate?,loan_inquiry
"Yo, can you check the date and time of my last trans?",transaction_query
"phone says “press 9 for refund,” ungodly",fraud_report
someone returned my unattended cash,fraud_report
Would you verify whether I qualify for a debt-consolidation line of credit?,loan_inquiry
Ur loan type now? Info plz.,loan_inquiry
The latest spend—what’s the company name?,transaction_query
I would like to inquire about my eligibility for a loan.,loan_inquiry
Can you share information on your debt consolidation loans?,loan_inquiry
Can you detail the application process for your platinum card?,credi_card_application
why’d my $$$ get rejected? no clue,transaction_query
Please detail the process required to submit a loan application.,loan_inquiry
Kindly help me recover my account password.,password_reset
weird link in email “fix your account” – risky?,fraud_report
Was the last trans a good one or not?,transaction_query
Would you please verify if I meet your defined standards for a loan?,loan_inquiry
I didn’t sign off on this. Why is it here?!,fraud_report
Could you kindly confirm the available methods for applying for a credit card?,credi_card_application
I would appreciate knowing if there have been any developments with my loan application.,loan_inquiry
Please let me know about your small-business lending products.,loan_inquiry
whassat loan menu look like?,loan_inquiry
"yo, wut’s goin on with my loan request?",loan_inquiry
I’d like details on your first-time homebuyer loan program.,loan_inquiry
Can you check the date and time of my last payment?,transaction_query
"hey, any upd8 on my loan app in da works?",loan_inquiry
May I request a comprehensive explanation of the loan application steps?,loan_inquiry
What’s the latest on my loan submission?,loan_inquiry
someone’s cashin bad checks under my name!!,fraud_report
"cant rem pass, need code",password_reset
Was the last transaction carried out successfully?,transaction_query
overdraft hit hard,fraud_report
The most recent transaction—could you name the merchant?,transaction_query
The last time I spent money—what was the business?,transaction_query
"gmail warns me to call “support,” lol",fraud_report
Was the most recent transaction completed as planned?,transaction_query
Did the last transaction complete smoothly?,transaction_query
Would you be able to outline your loan application process in detail?,loan_inquiry
fee poppin up,fraud_report
I would be grateful if you could assist me in understanding the loan application process.,loan_inquiry
urgent neg balance,fraud_report
check transac NOW i’m hyperventilatin,transaction_query
"“Your warranty expired,” msg on screen, scam?",fraud_report
"Some guy on phone said my antivirus expired, then asked 4 CC#",fraud_report
Can you let me know the time and date of the last trans I made?,transaction_query
Could you advise if my credit profile meets your loan standards?,loan_inquiry
yall need 2 fix this,fraud_report
I would like to request a password reset via SMS.,password_reset
"$700 TO ""VIP EVENTS""? I WATCH NETFLIX IN PAJAMAS—STOP THIS MADNESS!!",fraud_report
"yo, did u process my loan?",loan_inquiry
Venmo transacshun to a scammer—pls reverse,fraud_report
I’m considering a loan—what options do you have?,loan_inquiry
pls resend password reset email,password_reset
Kindly inform me of the process for initiating a credit card application.,credi_card_application
my recent transction—tell me rq,transaction_query
"The last payment, did it process okay?",transaction_query
"what's the process for a credit card appl, any tips?",credi_card_application
can u give me deets on applying 4 a credit card?,credi_card_application
Please advise me on the present status of my loan application.,loan_inquiry
I lost $$ in a scam; send bak ASAP!,fraud_report
Please guide me through the process of applying for a secured loan.,loan_inquiry
Could you assess my eligibility and advise if I satisfy the requirements for a loan?,loan_inquiry
Do you support loans for investment properties?,loan_inquiry
"Can you let me know when I made my last trans, time and date?",transaction_query
Did the last one work out good?,transaction_query
I’m interested in finding out if my loan application has moved forward.,loan_inquiry
Can you tell me the merchant from my last transaction?,transaction_query
am i eligble 4 rate change?,loan_inquiry
Are there personal installment loans I can choose from?,loan_inquiry
yo what’s in my checkin acc? need 2 know,balance_inquiry
yo why’d my last transac get declin tho?,transaction_query
"Plz investigate fraud, need my cash now.",fraud_report
how come my funds hit a snag?,transaction_query
Please advise on the process of submitting a credit card application online.,credi_card_application
Was the last one a success?,transaction_query
Wonna know how 2 roll out a loan appl.,loan_inquiry
Please describe the steps to apply for a bridge-to-permanent loan.,loan_inquiry
do i meet vacay loan reqs?,loan_inquiry
What are the available reserves in my savings?,balance_inquiry
Do your job and reverse this!,fraud_report
I would like to know if I meet your criteria for a debt-relief loan.,loan_inquiry
I need to reset my password urgently; please assist.,password_reset
latest purchse pls i’m shakin,transaction_query
how do i sign up 4 a loan?,loan_inquiry
May I have a confirmation on whether my loan application is proceeding as expected?,loan_inquiry
"loan offerings, what are they?",loan_inquiry
dat ain’t me boss,fraud_report
"hey bank, how 2 apply 4 cc?",credi_card_application
Was the last one handled alright?,transaction_query
Please explain the process for applying for a micro-loan.,loan_inquiry
What kinda loans u got?,loan_inquiry
"Heyyy, you know the time and date of my last transaction?",transaction_query
recent transction? cries in broke,transaction_query
What steps are involved in applying for an import/export loan?,loan_inquiry
"$450 AT ""FITNESS HEAVEN""? I GET WINDED TYPING—WHO’S THIS FUNNY??",fraud_report
"hey, any upd8 on ma loan app?",loan_inquiry
my acnt in the red,fraud_report
Please provide instructions to reset my banking password.,password_reset
got a text ‘bout a wire transfer—didn’t approve!,fraud_report
I’m interested in your low-interest card—how do I apply for that?,credi_card_application
"Yo, did the last one work as expected?",transaction_query
Was the previous transaction successful without trouble?,transaction_query
Was the previous transaction processed without issue?,transaction_query
Please let me know if any supplemental forms are required post-submission.,credi_card_application
Would you verify whether I qualify for a debt conversion loan?,loan_inquiry
"Money stolen by scam, need help now.",fraud_report
I’m scared – I just got an alert for a transaction I didn’t do.,fraud_report
Please inform me if there are missing documents in my loan application.,loan_inquiry
do i got da makings 4 a loan?,loan_inquiry
am i eligble 4 home eq line?,loan_inquiry
"hey, can ya hook me up with my loan app status?",loan_inquiry
Has any action been taken on my loan application?,loan_inquiry
The most recent account activity—what’s the vendor?,transaction_query
recent transction? cries silently,transaction_query
check my last buy PLS IM STRESSED,transaction_query
am i in shape 2 be loan approved?,loan_inquiry
DID I PAY FOR A SUBSCRIPTION 2 OXYGEN,transaction_query
password reset check spam folder,password_reset
Could you share the business tied to my latest payment?,transaction_query
Please detail the process for applying for an all-in-one mortgage.,loan_inquiry
What time and date was my last transaction?,transaction_query
any mortgage loans here?,loan_inquiry
can i get a HELOC w/my stats?,loan_inquiry
Could you give me details on franchise financing?,loan_inquiry
what’s the digits in my acc rn?,balance_inquiry
what’d i spend on at 3am tho,transaction_query
May I request clarification on whether I satisfy the loan approval conditions?,loan_inquiry
Please provide an overview of the credit card application process at your institution.,credi_card_application
cash missing after atm session,fraud_report
"Yo, last trans go fine or not?",transaction_query
got a phishing text—need new pass!!,password_reset
any update on my credit card app?,credi_card_application
do i meet ur loan rules?,loan_inquiry
"yo, any fresh news on ma loan app?",loan_inquiry
i’m broke or nah? check my acc pls,balance_inquiry
Who’s listed as the payee for my most recent spend?,transaction_query
my email’s linked to a stranger—fraud!!,fraud_report
Please provide me with a secure method to reset my password.,password_reset
"pls help me reset my password, ty",password_reset
didn’t authorize that Venmo payment—scam!!,fraud_report
will u finance my ride?,loan_inquiry
How can I access the application form for a bridge loan?,loan_inquiry
Please dispatch a password reset email to my registered address.,password_reset
am i ok’d for a loan?,loan_inquiry
I am interested in applying for a credit card; kindly provide the relevant guidelines.,credi_card_application
Kindly inform me if there are any changes in the status of my loan application.,loan_inquiry
Did the last transaction finalize as expected?,transaction_query
I wish to inquire about the procedures for credit card application submission.,credi_card_application
Could you let me know if I qualify for a working-capital advance?,loan_inquiry
Was the last one all good or no?,transaction_query
May I inquire about any recent decisions regarding my loan application?,loan_inquiry
yo how i get billed twice,fraud_report
plz tell me loan apply steps,loan_inquiry
Loans schemes u hav?,loan_inquiry
why’s my recent charge not workin?,transaction_query
pls fix this mess—fraud charges!!,fraud_report
Did that last transaction complete correctly?,transaction_query
jus noticed this one now,fraud_report
reset link not workin—pls send again!!,password_reset
why’s my card gatekeepin my $$$?,transaction_query
Who was paid in my most recent account activity?,transaction_query
pager me the steps 4 cc apply,credi_card_application
Did the last transaction process without errors?,transaction_query
it ain't me fr,fraud_report
Who’d I send money to in my latest transaction?,transaction_query
May I request a complete assessment of my qualifications for a loan?,loan_inquiry
transction deets—LAST ONE PLS,transaction_query
What is the procedure to apply for debt restructuring assistance?,loan_inquiry
Everything good with the last transaction?,transaction_query
how to apply on website?,loan_inquiry
got a weird email—need 2 reset pass ASAP,password_reset
I require a password change; kindly assist.,password_reset
I need 2 know how to jump into da loan process.,loan_inquiry
bank pls reset my pw,password_reset
they asked me to run unsafe .exe file,fraud_report
Please provide the steps required to submit a loan request.,loan_inquiry
can i drive off w/a loan?,loan_inquiry
my cash got nixed—why?,transaction_query
Did the last transaction execute without any problems?,transaction_query
Kindly facilitate a password reset for my account.,password_reset
do my details sign me up 4 a loan?,loan_inquiry
"Scam gone bad, get my funds back!",fraud_report
can i get a loan status check?,loan_inquiry
"Could you confirm if my loan application has been approved, declined, or remains under review?",loan_inquiry
"$200 AT ""PET PALACE""? MY FISH DIED LAST YEAR—WHO’S SCAMMING ME??",fraud_report
latest spend? checks empty wallet,transaction_query
What are the features of your overdraft protection loans?,loan_inquiry
Not one cent of this charge was mine.,fraud_report
I can’t afford random charges like this.,fraud_report
who charge me $200???,fraud_report
how apply 4 credit line?,loan_inquiry
Please inform me of the current progress regarding my loan application review.,loan_inquiry
What’s the company tied to my last purchase?,transaction_query
do i show up in da loan system?,loan_inquiry
fell for a scam text—pls reverse charges!!,fraud_report
tell me bout ur loan types,loan_inquiry
Was the most recent payment processed properly?,transaction_query
Please advise if my income and credit score satisfy your lending requirements.,loan_inquiry
Loan apply instructions—can u send dem?,loan_inquiry
May I have an evaluation of my credentials regarding loan qualification?,loan_inquiry
what’s the drama with my transac?,transaction_query
hacked? probs yea,fraud_report
"WHY’S THERE A $350 CHARGE TO ""VIP CLUBS""? I’M 65 AND IN BED BY 9!!",fraud_report
pls send me new password instructions,password_reset
how to apply 4 overdraft?,loan_inquiry
why’d my charge go kaput?,transaction_query
why’d my transac get declined? spill,transaction_query
Can you confirm the recipient of my latest spend?,transaction_query
is it possible 2 get high-limit card?,credi_card_application
last purchse? cries in buyer’s remorse,transaction_query
I’d like to request a police report for this check fraud.,fraud_report
Did the last transaction get completed successfully?,transaction_query
"$300 AT ""FANCY EATS""? I EAT RAMEN, YOU IDIOTS—CANCEL THIS FRAUD NOW!!",fraud_report
I need to update my forgotten password; please help.,password_reset
they want my entire file tree via screen share,fraud_report
What’s the store name from my most recent swipe?,transaction_query
I am keen to learn about the procedure for initiating a credit card application.,credi_card_application
I don’t recognize the deposit of that check.,fraud_report
Please communicate the balance of my savings account.,balance_inquiry
what’s that random charge i saw,transaction_query
Nothing about this charge is familiar.,fraud_report
my acc’s linked to a stranger’s PayPal!!,fraud_report
counterfeit checks usin my routing number!!,fraud_report
"password tool broke, pls help",password_reset
Google Pay hacked—pls block my card!!,fraud_report
password link not valid anymore,password_reset
Please issue a new password reset link for my account.,password_reset
yeah that ain’t legit,fraud_report
balance update pls! cries in poor,balance_inquiry
last purchse? i’m clueless smh,transaction_query
my card been stolen i think,fraud_report
How do I apply for a construction interim financing product?,loan_inquiry
"this email from “no-reply@bank,” has broken links",fraud_report
Lost it all! Plz get $$ bak now!,fraud_report
I would like to change my password at your earliest convenience.,password_reset
what’s the tally in my acc? thx,balance_inquiry
dnt knw this place – someone scammed me?,fraud_report
dang i spent too much,fraud_report
How do I apply 4 a loan?,loan_inquiry
Could you detail the loan application procedure for veterans?,loan_inquiry
Could you let me know whether I am considered eligible for a loan at your institution?,loan_inquiry
I am interested in applying for a loan and require details on the proper steps to follow.,loan_inquiry
need my account total… pls assist,balance_inquiry
do i sign off as loan qual?,loan_inquiry
"Scam alert, my funds got robbed!",fraud_report
do i meet the home loan reqs?,loan_inquiry
I would like to know if I pass your financial criteria for securing a loan.,loan_inquiry
The last time I spent money—what business was it?,transaction_query
Can u drop da steps 2 loan apply?,loan_inquiry
think im cleared 4 a loan?,loan_inquiry
A thief scammed me—need $ asap.,fraud_report
What am I even paying for here??,fraud_report
I need to update my online banking password; please assist.,password_reset
How do I apply for a personal credit line?,loan_inquiry
This is unacceptable—ANSWER MY SAVINGS INQUIRY!,balance_inquiry
do i earn a pass 4 a loan?,loan_inquiry
The last charge—can you confirm the merchant?,transaction_query
Somebody altered the payee on my check.,fraud_report
do i qualify 2 be a loan candidate?,loan_inquiry
"weird email from “security@gov,” seriously?",fraud_report
hey wut loans can i get?,loan_inquiry
Was the last one processed fine?,transaction_query
Could you kindly furnish me with the information necessary for the loan application process?,loan_inquiry
Could you check the merchant for my latest payment?,transaction_query
That check’s MICR line looks altered.,fraud_report
any news on my ccard request?,credi_card_application
I request a detailed explanation of the process for applying for a loan from your bank.,loan_inquiry
Did the previous transaction proceed without any issues?,transaction_query
"hey, did u review my loan form?",loan_inquiry
Did the last trans finish without a problem?,transaction_query
"$250 AT ""TECH GADGETS""? MY PHONE’S FROM 2018—REVERSE THIS NOW!!",fraud_report
What company is tied to my last account activity?,transaction_query
Could you please advise me on the steps to apply for a loan?,loan_inquiry
I need to know your minimum and maximum loan amounts.,loan_inquiry
Can you confirm if my documented financial information qualifies me for a loan?,loan_inquiry
Was the last one successful or not?,transaction_query
any word on my finance req?,loan_inquiry
plz respond soon,fraud_report
think someone changed my pass—pls reset!!,password_reset
Could you inform me about the procedures and requirements for a loan application?,loan_inquiry
ya messed up here,fraud_report
The most recent transaction—what’s the recipient name?,transaction_query
Was the last transaction done successfully?,transaction_query
How d I get my name in for a loan?,loan_inquiry
"hey, can u tell me if my loan app got any movement?",loan_inquiry
Could you share the current status of my loan application in the approval process?,loan_inquiry
I am writing to ask if my financial situation meets the standards required for a loan.,loan_inquiry
Can you provide the link or form I need to complete for credit card enrollment?,credi_card_application
how come my purchse got rejected?,transaction_query
why’s my check lookin like it’s been bleached??,fraud_report
heyy sum weird stuff on my acct,fraud_report
"i wanna apply 4 a credit card, how do i kick it off?",credi_card_application
Please alert me to any status changes on my loan.,loan_inquiry
i need update on loan,loan_inquiry
Please let me know the current review status of my loan application.,loan_inquiry
What was the exact date of my last trans?,transaction_query
This check item shows a payee I don’t know.,fraud_report
Can you tell me if there are any updates on my loan approval?,loan_inquiry
What's da proper way 2 apply 4 a loan?,loan_inquiry
can i get a balance check? much appreesh,balance_inquiry
how’d my charge get canceled? idk,transaction_query
WHATS THE LATEST THING I WASTED $ ON,transaction_query
Is this a scam? TELL ME MY SAVINGS AMOUNT!,balance_inquiry
"Fix my account, I got tricked.",fraud_report
I DID NOT DO THIS,fraud_report
can i get a refinance loan?,loan_inquiry
The latest purchase—what’s the merchant’s name?,transaction_query
I found a check with my old address that I never used.,fraud_report
"How do I do my loan app, step by step?",loan_inquiry
why’d my payment flop? no clue,transaction_query
spilled coffee on my pass notes—reset!!,password_reset
Kindly disclose the balance of my savings holdings.,balance_inquiry
I am writing to request a comprehensive overview of the credit card application process.,credi_card_application
what’s happenin w/ my loan?,loan_inquiry
Can you list the different repayment terms for your loans?,loan_inquiry
need startup loan—how apply?,loan_inquiry
latest transction—TELL ME ALREADY,transaction_query
why’d they stopp my spend?,transaction_query
do i qlify for a loan?,loan_inquiry
atm gave me wrong acct info,fraud_report
Please reset my password in accordance with security guidelines.,password_reset
what’s my checking lookin like? sweats,balance_inquiry
balance pls? avoids eye contact,balance_inquiry
What are the key milestones after I submit my loan application?,loan_inquiry
got diff loans? what r they?,loan_inquiry
When was the last time I made a payment?,transaction_query
Do you have an estimated decision date for my loan?,loan_inquiry
want financing—how apply?,loan_inquiry
think my card info’s leaked—fraud alert!!,fraud_report
Are you serious right now? SAVINGS BALANCE IMMEDIATELY!,balance_inquiry
how to avoid overdraft?,fraud_report
why’s a check i didn’t write deposited into my acc??,fraud_report
what’s ur cc signup procedure?,credi_card_application
Was the most recent transaction completed smoothly?,transaction_query
"locked out by wrong pass, help",password_reset
When was the exact time I last transacted?,transaction_query
I need to reset my banking password; kindly proceed.,password_reset
"Yo, when was my last payment?",transaction_query
tell me my checking balance b4 i faint,balance_inquiry
Was the last payment successful without any problems?,transaction_query
checks with my name—but that ain’t my handwriting!!,fraud_report
my email’s hacked—fraud charges on my card!!,fraud_report
got trapped in atm vestibule,fraud_report
tried resetting 5x—nothin works!!,password_reset
Was the last transaction processed without error?,transaction_query
"Yo, was the last one legit or was there trouble?",transaction_query
why’d my stash get denied?,transaction_query
how much i got? need ta budget smh,balance_inquiry
I would appreciate confirmation of my eligibility for a manufactured home mortgage.,loan_inquiry
If this isn’t fixed I’m closing my account.,fraud_report
What insurances are available with your loan products?,loan_inquiry
May I inquire if I satisfy the eligibility requirements for a dealer floor-plan loan?,loan_inquiry
I’d appreciate guidance on applying for debt consolidation financing.,loan_inquiry
Was the last one cool or was there a fail?,transaction_query
help a bro out here,fraud_report
acnt in overdraft zone,fraud_report
atm error took all my money,fraud_report
Has a decision been made on my loan request?,loan_inquiry
do i pass da eligibility test 4 a loan?,loan_inquiry
why’d y’all freeze my acc? Cuz fraud??,fraud_report
someone erased my check details and rewrote em!!,fraud_report
check my funds? i’m clueless rn,balance_inquiry
"hey, how do i get ma credit card goin?",credi_card_application
Kindly provide the extant balance of my savings.,balance_inquiry
Plz clarify ur loan schemes?,loan_inquiry
Stop charging me for things I didn’t buy!!,fraud_report
check my recent spend pls pls,transaction_query
atm lost my deposit,fraud_report
I’m seeking information on your borrowing options.,loan_inquiry
why’s my card declinin? Did someone hack it?,fraud_report
Could you explain the difference between your various credit card tiers?,credi_card_application
$500 AT GAMERZONE?? MY KID DIDN’T BUY SH*T—REVERSE THIS OR I’M SUING!,fraud_report
someone phished me—lock my acc RN!!,fraud_report
"Last payment, smooth or nah?",transaction_query
"hi, send reset my password thingy",password_reset
how much do i have? no idea anymore,balance_inquiry
am i in your loan zone?,loan_inquiry
What vendor handled my latest transaction?,transaction_query
Can you find out when my last payment was made?,transaction_query
am i on da list 4 a loan?,loan_inquiry
help!!! my acc’s drainin—didn’t spend that $$$,fraud_report
The last time I used my card—what’s the vendor?,transaction_query
can i drop in branch 2 apply?,loan_inquiry
Who presented the check at the teller today?,fraud_report
The last place I shopped—what was it called again?,transaction_query
Can you share the precise amount in my savings?,balance_inquiry
need eq line—how?,loan_inquiry
Could you describe the application steps for a reverse mortgage?,loan_inquiry
overdraft sucks smh,fraud_report
Please inform me whether I meet the conditions for a vacation-rental mortgage.,loan_inquiry
Was the last transaction completed without any complications?,transaction_query
"$700 AT ""ELITE DOG SPA""? MY DOG’S A STUFFED ANIMAL—NICE TRY, THIEVES!!",fraud_report
last spend—tell me it was groceries,transaction_query
what mortgage stuff u got?,loan_inquiry
what’s the $$$ situation? halp,balance_inquiry
I’m furious – this isn’t me!,fraud_report
why’s my card throwin shade? declined,transaction_query
Was the most recent transaction completed successfully?,transaction_query
"CHARGES TO ""LUXURY HOTELS""? I SLEEP IN MY CAR—REVERSE THIS NOW!!",fraud_report
Could you detail the student loan programs you offer?,loan_inquiry
Did the last transaction process correctly?,transaction_query
"Jus been ripped off, gimme back my money.",fraud_report
atm spit card then money vanished,fraud_report
Can you tell me the date and time for my last purchase?,transaction_query
whatcha offer for borrowing?,loan_inquiry
Did the system crash? WHY CAN’T I SEE MY SAVINGS?!,balance_inquiry
Please enable the password reset functionality for my user account.,password_reset
Would you kindly inform me of the progress of my loan application?,loan_inquiry
"yo, any new info on ma loan app?",loan_inquiry
ayo yall hacked me,fraud_report
transaction says success but no cash,fraud_report
Mind telling me where my latest payment went?,transaction_query
This is absurd—JUST GIVE ME THE SAVINGS AMOUNT!,balance_inquiry
"yo, can ya tell me if my loan app’s close 2 approval?",loan_inquiry
payment vanished—what’s the sitch?,transaction_query
Who’s the vendor tied to my last transaction?,transaction_query
someone’s stealin my checks mid-mail!!,fraud_report
"Yo, did the last one get processed or not?",transaction_query
The last time I used my card—what vendor was it?,transaction_query
I would appreciate knowing your ID verification process for new cardholders.,credi_card_application
Who’s the payee listed for my most recent charge?,transaction_query
"When did I last make a transaction, you got the time?",transaction_query
Could you please escalate my password reset request?,password_reset
Was that last transaction successful or not?,transaction_query
"Yo, did that last payment work properly?",transaction_query
"hey, can ya tell me where my loan app is at rn?",loan_inquiry
May I schedule an appointment to discuss credit card options?,credi_card_application
loan Q: what do u have?,loan_inquiry
Was the last payment completed without any problems?,transaction_query
What are the requirements to apply for an unsecured loan?,loan_inquiry
why payment no go thru?,transaction_query
Please provide me with all pertinent details regarding your credit card application process.,credi_card_application
Can you confirm where my last transaction went?,transaction_query
"They got my money. Bring it bak, now!",fraud_report
I am writing to seek clarification regarding the current credit card application procedures.,credi_card_application
am i cool enuf 4 a loan?,loan_inquiry
I’m not repeating myself—SAVINGS BALANCE IMMEDIATELY!,balance_inquiry
"i'm tryna get a credit card, how do i apply?",credi_card_application
can u dm me the loan link?,loan_inquiry
"login pw gone, need new one",password_reset
how much cheddar in my account these days,balance_inquiry
how’s my loan coming along?,loan_inquiry
got any student cc options? apply?,credi_card_application
"CHARGES TO ""PREMIUM MUSIC""? I LISTEN TO YOUTUBE—FIX THIS NONSENSE!!",fraud_report
I would appreciate confirmation of my eligibility for a microenterprise loan.,loan_inquiry
"bro, how u apply 4 cc?",credi_card_application
need to regen my login pass,password_reset
"CHARGES TO ""MYSTERY CHARITY""? I’M ON FOOD STAMPS—WHO’S STEALING??",fraud_report
Can you provide a breakdown of your loan services?,loan_inquiry
What store charged me in my last transaction?,transaction_query
can u see how much i got in my checking rn,balance_inquiry
"$1,000 TO ""LUXURY HOMES""? I LIVE WITH MY MOM—STOP THIS FRAUD!!",fraud_report
why’d they denie my spend?,transaction_query
"$600 AT ""LUXURY WINES""? I DRINK TAP WATER—CANCEL THIS FRAUD!!",fraud_report
"hi, any upd8 on my loan app situation?",loan_inquiry
acnt showing -9.99,fraud_report
Wot steps 4 applyin 4 a loan?,loan_inquiry
what loan choices does bank have?,loan_inquiry
hey can u tell me how much i got in my account rn?,balance_inquiry
catch em before it’s too late,fraud_report
Can you advise on upgrading from a standard to a premium card?,credi_card_application
how do i apply thru online?,loan_inquiry
what’s my current funds situation?,balance_inquiry
why’d my funds flop?,transaction_query
Do I need to scream? TELL ME MY SAVINGS TOTAL!,balance_inquiry
Can you check when my last payment happened?,transaction_query
can u tell me if i’m eligible 4 a loan?,loan_inquiry
help me reverse fee,fraud_report
Need help—how do I appl 4 a loan?,loan_inquiry
pass reset or i’m switchin banks!!,password_reset
"Last transaction, it worked, right?",transaction_query
What loan options are available for import/export businesses?,loan_inquiry
"hey, have ya checked my loan app progress yet?",loan_inquiry
Was that last thing successful or a fail?,transaction_query
Please advise if a signature is required on the application form.,credi_card_application
Did the transaction go through without any trouble?,transaction_query
Could you share where my last payment went?,transaction_query
What is the status of my loan request in your system?,loan_inquiry
I’d like to learn about in-branch application assistance services.,credi_card_application
The last time my card was used—who was it with?,transaction_query
I need to dispute a check that posted today.,fraud_report
"yo, can u point me to the credit card apply page?",credi_card_application
Would you please examine my application to ensure I meet the loan requirements?,loan_inquiry
why’s my card declined? Cuz int’l fraud??,fraud_report
DID I PAY FOR A GHOST TOUR,transaction_query
recent buy—tell me it wasn’t dumb,transaction_query
Please tell me about your refinancing options.,loan_inquiry
i’m sure dis fraud,fraud_report
What are the maximum and minimum amounts for each loan?,loan_inquiry
Help! Scammer charged me unfairly.,fraud_report
I never shopped at “XYZ Co.” in my life.,fraud_report
Please provide a step-by-step guide on completing a credit card application.,credi_card_application
check my spend NAO i’m desperate,transaction_query
Please outline the process I need to follow to apply for a loan.,loan_inquiry
Can you list your unsecured personal loan options?,loan_inquiry
Was the last transaction processed without issues?,transaction_query
"Urgent! Got scammed, return my money plz.",fraud_report
"Loans 2day, options 2 giv?",loan_inquiry
Can you tell me when I made my last payment and what time?,transaction_query
why’s my check cashed for way more than I wrote??,fraud_report
pls advise loan kinds,loan_inquiry
Loans u give out today?,loan_inquiry
"What’s the deal with the last payment, it go through?",transaction_query
why can’t i reset my pass? error msgs!!,password_reset
Can you find out when the last time I transacted was?,transaction_query
How d I fill out dat loan application?,loan_inquiry
Please let me know if my application of credit and income qualifies me for any available loans.,loan_inquiry
what kinda loan products?,loan_inquiry
payment nah. why?,transaction_query
am i on track 2 get a loan?,loan_inquiry
I need help disputing a check transaction I didn’t make.,fraud_report
I would appreciate an explanation of the steps required for credit card application processing.,credi_card_application
how to reverse overdraft?,fraud_report
my pet’s name on a check—scam!!,fraud_report
why purchse no work?,transaction_query
WHAT IS LEFT IN MY SAVINGS? ANSWER ME!,balance_inquiry
this gotta b fixd fast,fraud_report
Was the last payment completed without any complications?,transaction_query
what’s my recent money oopsie,transaction_query
Who’s the recipient of my latest transaction?,transaction_query
can u gimme a loan prog update?,loan_inquiry
What’s the name of the place I transacted with last?,transaction_query
bank site not sending reset email,password_reset
"hey support, i need a pwd reset",password_reset
I’m interested in green energy financing—do you have that?,loan_inquiry
"yo, any movement on my application 4 a loan?",loan_inquiry
I am following up to check on the status of my loan application.,loan_inquiry
"hi, bank, reset my password for me",password_reset
Could you send me the link to your loan application portal?,loan_inquiry
Wot type loans 2day?,loan_inquiry
why’s my payment playin hard to get?,transaction_query
Are you able to share the current status of my loan application?,loan_inquiry
my acc’s -$500 cuz fraud—HELP!!,fraud_report
Was the transaction completed without complications?,transaction_query
"yo, can ya update me on my loan app stat?",loan_inquiry
Can you list your island or rural financing solutions?,loan_inquiry
I’m seconds from quitting—SAVINGS BALANCE NOW!,balance_inquiry
my checkbook’s MIA—fraud checks drainin my acc!!,fraud_report
what's the line 4 applyin 4 a credit card?,credi_card_application
"loan info, pls",loan_inquiry
May I request comprehensive details regarding your credit card application procedure?,credi_card_application
what’d i buy last night tho??,transaction_query
I would appreciate guidance on whether my profile qualifies for a loan.,loan_inquiry
"Last one, was it a green light or a red light?",transaction_query
CashApp payment to “Unknown”—not me!!,fraud_report
What steps must I take to apply for equipment refinance?,loan_inquiry
charged twice for same thing—glitch or fraud?,fraud_report
"my acct locked, wanna reset my pass",password_reset
"When was my last transaction, can you check?",transaction_query
this fake as hell,fraud_report
loan app status pls,loan_inquiry
Could you detail the eligibility criteria and application steps for a loan?,loan_inquiry
"got email from “helpdesk@bank,” attachments lol",fraud_report
May I check if I satisfy the requirements for an acquisition-financing facility?,loan_inquiry
Last trans go okay or was it messed?,transaction_query
Was the last payment made without any issues?,transaction_query
Last one work out okay?,transaction_query
"WHY’S MY CARD USED AT ""GAMBLING KING""? I’M BROKE—STOP ROBBING ME!!",fraud_report
Would you kindly explain how to proceed with my loan application in a formal manner?,loan_inquiry
via mobile app apply for cc?,credi_card_application
think i meet all necessities 4 a loan?,loan_inquiry
What loans shud I kno abt?,loan_inquiry
email for reset never arrived—spam??,password_reset
can u tell me status of my loan?,loan_inquiry
I would like to review my savings account balance.,balance_inquiry
How do I throw my hat in da loan application ring?,loan_inquiry
I would appreciate it if you could certify my eligibility for a loan.,loan_inquiry
I’d like to compare your various loan products.,loan_inquiry
transacshun failed—y tho?,transaction_query
I’m hyperventilating—SAVINGS BALANCE BEFORE I FAINT!,balance_inquiry
I’m freaking out—TELL ME MY SAVINGS BALANCE!,balance_inquiry
acct -20 bucks,fraud_report
"Yo, when did I make my last payment, you know the time?",transaction_query
Who’s the business that processed my latest charge?,transaction_query
You owe me an explanation.,fraud_report
Is there any update on the review of my loan application?,loan_inquiry
how long takes to apply?,loan_inquiry
what’s my pass?? idk—reset it pls!,password_reset
do i fit ur refi program?,loan_inquiry
wut’s the update on my borrow app?,loan_inquiry
no cap this not mine,fraud_report
I can't access my account; please reset my password.,password_reset
Please advise on applying for a capital expenditure (CapEx) loan.,loan_inquiry
That check payee isn’t in my records.,fraud_report
mailed a check—got stolen and washed!!,fraud_report
"hey, can u drop some info on my loan app stat?",loan_inquiry
can u gimme cc app timeline?,credi_card_application
Can you tell me when my last payment happened and at what time?,transaction_query
Please guide me through the password reset process.,password_reset
The latest payment—what’s the business name?,transaction_query
I’m following up on my loan application status.,loan_inquiry
last spend? chokes on water,transaction_query
I would be grateful for instructions regarding the submission of a loan application.,loan_inquiry
what’s that $50 charge from today,transaction_query
why’d my spend get the thumbs down?,transaction_query
One of the checks on my statement looks fraudulent.,fraud_report
please gimme loan update,loan_inquiry
"hey, wher do i go 2 fill an appl for a credit card?",credi_card_application
May I request further instructions regarding the credit card application process?,credi_card_application
what’s the glitch with my transac?,transaction_query
think im loan material?,loan_inquiry
I dindt make this trasaction plz help,fraud_report
Did the recent transaction go through smoothly?,transaction_query
transac glitched—why?,transaction_query
I would appreciate an update regarding my loan application status.,loan_inquiry
"yo bank, is my loan still pending?",loan_inquiry
did u get my cc application?,credi_card_application
"$1,500 TO ""DIGITAL DREAMS""? I USE A FLIP PHONE—GET MY MONEY BACK NOW!",fraud_report
need a credit card—pls help me apply,credi_card_application
atm thief prob,fraud_report
why’s my scrilla not workin?,transaction_query
what’s wrong with my latest charge?,transaction_query
"Last transaction, okay or no?",transaction_query
Please advise the balance of my savings account.,balance_inquiry
What company is tied to my last purchase?,transaction_query
recurring charge I didn’t sign up for—scam!,fraud_report
Can you share details on the different loans you provide?,loan_inquiry
Got duped totally—fix me $$ ASAP!,fraud_report
Who keeps billing me without permission?,fraud_report
I am seeking an explanation of your loan application process and requirements.,loan_inquiry
"Wonna know how 2 start a loan app, plz help.",loan_inquiry
I am writing to request a current update on my loan application status.,loan_inquiry
"can’t remem my login pw, reset it?",password_reset
purchse history—JUST THE LAST ONE,transaction_query
Can you tell me when my last payment went through?,transaction_query
Take this off my statement immediately.,fraud_report
I need to understand your eligibility for each loan category.,loan_inquiry
last charge—why’s it $420.69 tho,transaction_query
what loan services you got?,loan_inquiry
I am writing to inquire about the procedures for submitting a credit card application.,credi_card_application
"Loan apply, how d I do it?",loan_inquiry
why’d my payment get ratio’d?,transaction_query
passwrod not workin—send reset link pls!,password_reset
can i get approved 4 a loan?,loan_inquiry
spend denied. what’s the tea?,transaction_query
why’s my check endorsed to a stranger??,fraud_report
Did the last trans go through smoothly?,transaction_query
"Last payment, no probs, right?",transaction_query
"CHARGES TO ""LUXURY WATCHES""? I USE MY PHONE—STOP THIS BULLSH*T!!",fraud_report
The last charge on my statement—what’s the business name?,transaction_query
Would you please provide an outline of the procedures involved in the loan application process?,loan_inquiry
why’s my purchse not goin thru?,transaction_query
"hey, i wanna get a new credit card, how do i apply 2 get one?",credi_card_application
Could you review my application to verify that I meet the loan eligibility requirements?,loan_inquiry
"yo, whassup with my loan app stat?",loan_inquiry
I got bills to pay and y’all out here draining my account.,fraud_report
got an email ‘bout fraud—it’s legit??,fraud_report
I would appreciate receiving password reset instructions.,password_reset
Can you detail the liquid assets in my savings?,balance_inquiry
why’d the system say no to my payment?,transaction_query
acc balance? insert panic here,balance_inquiry
"asked me to disable firewall, felt off",fraud_report
Could you provide a comparison of your loan products?,loan_inquiry
could u kindly inform me of my balance,balance_inquiry
Could you kindly provide instructions for applying for your loan products?,loan_inquiry
happened auto-pay?,fraud_report
"dude, my bal neg",fraud_report
"yo, update me on my loan app, k?",loan_inquiry
I need details on fixed-rate versus variable-rate loans.,loan_inquiry
"Yo, when did my last transaction go through?",transaction_query
"$350 AT ""GOURMET COFFEE""? I HATE COFFEE—WHO’S USING MY CARD??",fraud_report
"yo, is my loan app still in limbo?",loan_inquiry
what’d i even do with my money,transaction_query
Please generate and send me a temporary password.,password_reset
payment got the red light—why?,transaction_query
Was everything okay with the last transaction?,transaction_query
gimme my latest buy info NOW,transaction_query
"WHAT THE HELL IS THIS $900 CHARGE TO ""LUXURY CRUISES""? I AIN’T SAILIN’ ANYWHERE—FIX IT NOW!",fraud_report
"Yo, do you know the date and time of the last thing I bought?",transaction_query
"Help me, how do I sign up 4 a loan?",loan_inquiry
How do I jump into da loan process?,loan_inquiry
"$1,000 AT ""DESIGNER THREADS""? I WEAR WALMART—GET MY MONEY BACK, NOW!",fraud_report
"Help! Got conned, I need $$ bk!",fraud_report
I’m on the edge—HOW MUCH IS IN MY SAVINGS ACCOUNT?!,balance_inquiry
I don’t remember making this payment. Can you double-check?,fraud_report
"stuck at login, password issue",password_reset
I’ve got bills due—WHAT’S IN MY SAVINGS ACCOUNT?!,balance_inquiry
Refund due! Frauds stole my savings.,fraud_report
"WHY’S MY CARD CHARGED $600 FOR ""DREAM WEDDINGS""? I’M SINGLE, YOU MORONS!!",fraud_report
Can you tell me where my latest transaction went?,transaction_query
uh oh my acnt’s in the red,fraud_report
"Can you outline your mortgage, auto, and personal loan products?",loan_inquiry
Kindly inform me of any progress on my loan application since submission.,loan_inquiry
fell in red again,fraud_report
Did the previous transaction go through without a hitch?,transaction_query
Did the previous transaction complete successfully without trouble?,transaction_query
atm number wasn’t mine,fraud_report
What loan categories apply to non-profits?,loan_inquiry
loan decision timeline?,loan_inquiry
How can I apply for equipment purchase financing?,loan_inquiry
Please share any downloadable brochures for loan products.,loan_inquiry
"When did my last trans happen, you got the time?",transaction_query
how tf i got a charge from brazil??,fraud_report
Could you please send me the formal guidelines for credit card application submission?,credi_card_application
"Yo, when was my last purchase made, got the time?",transaction_query
"Did the last thing work, or was it stuck?",transaction_query
Nvr thought scammed—need cash recoverd!,fraud_report
I am seeking further details on the required documentation for a credit card application.,credi_card_application
I would like to confirm whether my current financial records are sufficient to qualify for a loan.,loan_inquiry
how do i apply 4 all loan types?,loan_inquiry
when will i know bout my loan?,loan_inquiry
can i get that travel loan?,loan_inquiry
That last one go through or was it a flop?,transaction_query
What's next 2 apply 4 a loan?,loan_inquiry
why’d my charge get left on read?,transaction_query
pls tell me i’m not broke…,balance_inquiry
Was the most recent transaction without any errors?,transaction_query
what’s my financial situation rn? lol,balance_inquiry
"Been robbed, help me retrieve my cash.",fraud_report
WHAT DID I BUY OMG TELL ME,transaction_query
recent purchse deets ASAPPPP,transaction_query
i need refund fast,fraud_report
"Can you tell me when my last trans occurred, exactly?",transaction_query
I need my money back ASAP.,fraud_report
what credit line u got?,loan_inquiry
why’s my signature look like a toddler wrote it?? Fraud!!,fraud_report
Could you send me the online credit card application link?,credi_card_application
I’m not joking—SAVINGS BALANCE BEFORE I LOSE IT!,balance_inquiry
The most recent charge—what’s the merchant’s name?,transaction_query
What is the current equity in my savings account?,balance_inquiry
Do you have equipment financing for businesses?,loan_inquiry
am i qualified in da loan sense?,loan_inquiry
Who charged me at 2AM?! I was sleeping!!,fraud_report
How do I apply for a community development loan?,loan_inquiry
Did the last trans go right?,transaction_query
How d I enter a loan apply?,loan_inquiry
got any word on my loan app stat?,loan_inquiry
do i have a shot at a loan?,loan_inquiry
atm charged fee twice,fraud_report
how come my payment’s mia?,transaction_query
how much left? points at checking acc,balance_inquiry
My account is inaccessible; please facilitate a password reset.,password_reset
loan team reviewed me yet?,loan_inquiry
I would like to understand whether I am qualified for a refinance.,loan_inquiry
where's the info on makin a credit card appl?,credi_card_application
can u hook me up with info on credit card apply?,credi_card_application
The latest transaction—can I get the merchant’s name?,transaction_query
Was the last transaction handled properly?,transaction_query
did u guys move my loan forward?,loan_inquiry
pls freeze my acct now,fraud_report
do i qualify 4 refinance?,loan_inquiry
reverse those charges NOW!!,fraud_report
"I didn’t approve this, why is it on my account??",fraud_report
Wot's loan kinds u offer?,loan_inquiry
The latest spend—what’s the merchant’s name?,transaction_query
"Scammer took my $$, pls help me out!",fraud_report
DID I BUY A YEAR’S WORTH OF TOFU,transaction_query
Please file an electronic dispute for check fraud.,fraud_report
"hey, know any news on my loan app move?",loan_inquiry
why’d my charge hit a wall?,transaction_query
bank site keep rejecting my pass,password_reset
Can you outline the process for hardship loan applications?,loan_inquiry
I need to file a claim on this check transaction.,fraud_report
is my loan close to approval?,loan_inquiry
Are you incompetent? SAVINGS TOTAL THIS INSTANT!,balance_inquiry
Wot's da loan app process here?,loan_inquiry
am i eligble for small personal loan?,loan_inquiry
understanding loan kinds pls,loan_inquiry
do i have it in me 4 a loan?,loan_inquiry
Did the most recent transaction work as expected?,transaction_query
atm not giving cash but balance went down,fraud_report
Who was paid in my latest transaction?,transaction_query
Wot loans available rite?,loan_inquiry
what’s the charge from 5 mins ago,transaction_query
"Need a loan, how d I sign up 4 it?",loan_inquiry
"When was my last payment, exactly?",transaction_query
"cant login, pass sucks now",password_reset
transac went sideways—what’s up?,transaction_query
do i make the cut 4 a loan?,loan_inquiry
"yo, what’s da status on ma loan app right now?",loan_inquiry
I am looking for guidance on the initial steps of your loan application process.,loan_inquiry
am i cleared 4 loan app?,loan_inquiry
"OH GREAT, A $1,200 CHARGE TO ""LUXURY AIR""—BECAUSE I TOTALLY OWN A JET!!",fraud_report
Would you please provide any recent updates regarding my loan application progress?,loan_inquiry
pasword reset link not comin—what’s up?,password_reset
"hey, where my loan app standin’ now?",loan_inquiry
atm printed wrong balance,fraud_report
Have you encountered any issues with my loan application?,loan_inquiry
Was the last thing cool or nah?,transaction_query
What is the current deposit total in my savings?,balance_inquiry
what’s my acc at? nervous giggle,balance_inquiry
My screen froze and msg says call this #—scam?,fraud_report
acct -10.50?? help,fraud_report
reset link send but no email,password_reset
rep in chat asked me to enter admin pw,fraud_report
loan? nvm cc app?,credi_card_application
Please provide details regarding the present status of my loan application.,loan_inquiry
"yo, what’s da score on my loan app?",loan_inquiry
Can u tell me how 2 apply 4 a loan?,loan_inquiry
This is ridiculous—JUST GIVE ME MY SAVINGS AMOUNT!,balance_inquiry
Please send a password reset link and instructions via email.,password_reset
loan status check-in,loan_inquiry
"$300 AT ""BULLSH*T STORES""? I’M ON FOOD STAMPS—WHO’S ROBBING ME??",fraud_report
Could you offer details on the application requirements for a loan?,loan_inquiry
"No way fake scam cost $, must reverse!",fraud_report
I’m interested in your self-build home loan products.,loan_inquiry
atm did somethin shady,fraud_report
I’d like details on your green energy loan products.,loan_inquiry
I’d like to see if any additional documentation is required for my loan.,loan_inquiry
wuts the biz loan app process?,loan_inquiry
do i check out as a loan candidate?,loan_inquiry
This isn’t funny. I work hard for this money.,fraud_report
machine stole my money,fraud_report
Could you share your early repayment terms?,loan_inquiry
What’s the eligibility criteria for your major loan types?,loan_inquiry
"hey, reset pwd link expired, resend?",password_reset
"Refund required, scam hit me hard.",fraud_report
Do you offer healthcare professional loans?,loan_inquiry
checks from 2021 suddenly cashin—fraud!!,fraud_report
why’d my $$$ yeet itself out?,transaction_query
"yo, i’m wonderin what’s up with my loan app stat.",loan_inquiry
transac INFO PLS PLS PLS PLS,transaction_query
How d I get started on my loan?,loan_inquiry
Kindly disclose the total amount currently held in my savings.,balance_inquiry
"yoy, cc app link expired",credi_card_application
I want proof this was authorized – because I didn’t.,fraud_report
any charge for apply?,loan_inquiry
What is the present-day balance of my savings?,balance_inquiry
trust broken a lil ngl,fraud_report
I am writing to kindly request the current status of my loan application.,loan_inquiry
overdraft charges r dumb,fraud_report
Did the last transaction complete correctly?,transaction_query
"hey, any deets on what’s happenin with ma loan app?",loan_inquiry
"yo, any upd8 on page 1 for my loan app?",loan_inquiry
Please describe your debt consolidation loan options.,loan_inquiry
fake antivirus charged my card—pls help!!,fraud_report
How do I do loan apply?,loan_inquiry
"Was the last trans all good, no mess?",transaction_query
"CHARGES TO ""MYSTERY TRAVEL""? I HATE PLANES—REVERSE THIS NOW!!",fraud_report
What company is linked to my last account activity?,transaction_query
Do you know when the last trans I did went through?,transaction_query
Please initiate a secure password reset for my user ID.,password_reset
"Yo, did the last one work right?",transaction_query
I would appreciate confirmation of my eligibility for a construction equipment lease.,loan_inquiry
Did the last transaction finalize correctly?,transaction_query
How do I set up a loan app?,loan_inquiry
why’s my spend gettin denied?,transaction_query
"rep asked me to run diskpart, no thx",fraud_report
"yo, what do ya see on my loan app progress?",loan_inquiry
ugh why’d my payment flop? explain pls,transaction_query
"Loans n ur system, explain.",loan_inquiry
am i qlified for debt consolidtn?,loan_inquiry
I found a hold on an unauthorized check.,fraud_report
Did the last trans go through without issues?,transaction_query
do i come thru 4 a loan?,loan_inquiry
"im ready 4 a credit card, how d i start appli?",credi_card_application
This is unacceptable customer service.,fraud_report
atm capture caught who?,fraud_report
May I know if my loan application is under review?,loan_inquiry
I would like to reset my password due to security concerns.,password_reset
Please update me on the loan application I submitted.,loan_inquiry
my purchse got blocked—why tho?,transaction_query
"Just got voicemail from “tech support,” said send $$$",fraud_report
What’s the company name from my latest account activity?,transaction_query
how do i request financing?,loan_inquiry
what the heck is dis charge,fraud_report
What are the repayment frequencies for your loans?,loan_inquiry
do i hit da marks 4 a loan?,loan_inquiry
The last time I used my card—what business was it?,transaction_query
what’s the last dumb thing i spent on,transaction_query
pls waive fees—fraud caused overdraft!!,fraud_report
What was the exact date and time of my last trans?,transaction_query
"$450 AT ""TECH EMPIRE""? MY COMPUTER’S FROM 2005—GET MY MONEY BACK!!",fraud_report
how do i submit a car loan app?,loan_inquiry
"WHY’S MY CARD CHARGED $300 FOR ""VIP EVENTS""? I WATCH TV—CANCEL THIS!!",fraud_report
"yo, any upd8 on dat loan app i got in?",loan_inquiry
Could you check the recipient of my latest charge?,transaction_query
The last place I shopped—what was the business?,transaction_query
bounced checks i didn’t write—fraud!!,fraud_report
Can you confirm the current review phase of my loan application?,loan_inquiry
what kinda credit u offer?,loan_inquiry
Did the last transaction complete successfully without error?,transaction_query
"they called twice from same #, weird",fraud_report
I’m interested in applying for a mortgage—how do I proceed?,loan_inquiry
I am seeking clarification on the requirements for a credit card application.,credi_card_application
my acc’s compromised—need help ASAP,fraud_report
"When did I last trans, you know the exact date?",transaction_query
Please advise on any identity verification video call options.,credi_card_application
need 2 know my balance asap pls,balance_inquiry
this look mad sus,fraud_report
they threatened to wipe my files if I hang up,fraud_report
"im looking to get a credit card, so how d i appl?",credi_card_application
lemme know my checkin acc status asap,balance_inquiry
"popup says “urgent Windows update,” shady",fraud_report
"Scam ruined me, bring my $$ back.",fraud_report
need to reset banking password,password_reset
WHAT DID I BUY 10 MINUTES AGO,transaction_query
am i a good loan candidate?,loan_inquiry
Ur loan schemes plz?,loan_inquiry
what’s the last payment i made?,transaction_query
"Yo, when did my last transaction happen?",transaction_query
"pass got lost, resend link",password_reset
Did the last trans process right?,transaction_query
am i eligble 4 student finance?,loan_inquiry
just saw the alert—pls block my card!!,fraud_report
I’d like to see your loan amortization options.,loan_inquiry
yall better block it quick,fraud_report
need a cashback card—how apply?,credi_card_application
"Heyyy, was the last one solid or broken?",transaction_query
Please inform me of the methods available for applying for a loan.,loan_inquiry
Kindly email me the password reset procedure.,password_reset
my spend got shut down—what’s up?,transaction_query
Could you confirm if my loan approval is in process?,loan_inquiry
Are we done here? SAVINGS TOTAL OR I’M GONE!,balance_inquiry
pls revrse this,fraud_report
What’s the name of the business I paid most recently?,transaction_query
is it approved or nah?,loan_inquiry
"They snatched my money, give it back!",fraud_report
Can you tell me when I last made a transaction?,transaction_query
What company is linked to my most recent payment?,transaction_query
this charge is not mine bro,fraud_report
Please explain your co-signer requirements for loans.,loan_inquiry
pls tell me my balance i’m in denial...,balance_inquiry
"yo, my loan app, any movement?",loan_inquiry
"Yo, what’s the timestamp for my last transaction?",transaction_query
Every week there’s a new mystery charge.,fraud_report
What’s the date and time for the last thing I bought?,transaction_query
can't believe i got hacked,fraud_report
Can you let me know the status of my loan application?,loan_inquiry
last payment—am i overdrafting??,transaction_query
Was the recent transaction completed successfully?,transaction_query
Loan plz? Info pls.,loan_inquiry
Did the last transaction complete successfully?,transaction_query
May I have guidance on the documents needed to submit a credit card application?,credi_card_application
What types of home equity loans are available?,loan_inquiry
What are the prerequisites for applying for an agricultural loan?,loan_inquiry
Did the last thing hit right or was it off?,transaction_query
I am interested in receiving clear instructions on how to apply for a loan.,loan_inquiry
What’s the name of the company I paid most recently?,transaction_query
"i typed in my pw on some popup, help me!",fraud_report
I would like to find out what stage my loan application is in.,loan_inquiry
what’s the last dumb purchase i made,transaction_query
"i'm trying 2 apply 4 a new credit card, help plz.",credi_card_application
my name’s scribbled on checks i didn’t approve!!,fraud_report
"machine glitched, cash error",fraud_report
Could you share the vendor for my last payment?,transaction_query
"Yo, can you check when I last made a payment?",transaction_query
Could you confirm where my most recent payment went?,transaction_query
do i live up 2 da loan standards?,loan_inquiry
What are the application requirements for a construction-to-permanent mortgage?,loan_inquiry
"put card in atm, got nothing",fraud_report
how much is left in there? panic mode,balance_inquiry
Did the last trans work like it was supposed to?,transaction_query
How do I apply for an SBA-backed loan through your institution?,loan_inquiry
Scam left me broke—return ASAP.,fraud_report
Who received the funds in my latest payment?,transaction_query
help me pls card got hacked maybe?,fraud_report
Please inform me of the financing choices at your bank.,loan_inquiry
That check draft does not match my handwriting.,fraud_report
cc app status pls,credi_card_application
"they said my data is leaking, pay up or else",fraud_report
am i in line 4 borrowing?,loan_inquiry
there’s a $50 charge i don’t recognize—pls fix,fraud_report
"WHO’S ""PREMIUM STYLISTS""? I CUT MY OWN HAIR—STOP THIS NONSENSE!!",fraud_report
Can you provide the status of the loan application under my name?,loan_inquiry
How do I hook up wit a loan?,loan_inquiry
my checks are bein forged—stole my whole dang book!,fraud_report
Which branch should I visit to apply for a personal loan in person?,loan_inquiry
why’s my card throwin a tantrum?,transaction_query
Would you inform me of the next steps after submitting my application?,credi_card_application
what’s the latest $$$ mystery,transaction_query
why’d my coins get rejected?,transaction_query
someone’s fakin my sig on checks—stoppp!!,fraud_report
"forgot pass, phone no link",password_reset
"Was duped, need my money ASAP.",fraud_report
Could you please provide a detailed explanation of the necessary steps for a loan application?,loan_inquiry
Can you update me on my savings account’s liquidity?,balance_inquiry
Loan application—how do I do ma part?,loan_inquiry
"What was the time and date of my last transaction, you got that?",transaction_query
Please share the current standing of my loan application and any anticipated next steps.,loan_inquiry
What company processed my last payment?,transaction_query
"Yo, did that last trans go through?",transaction_query
I’d like to learn about personal and business loans you offer.,loan_inquiry
checks cashed in another state—i ain’t been there!!,fraud_report
Did that last one go smooth or what?,transaction_query
weird login attempts—lock my acc!!,fraud_report
charges poppin up like daisies—scam!!,fraud_report
What’s the vendor tied to my latest purchase?,transaction_query
I would appreciate receiving a detailed explanation of how to initiate the credit card application process.,credi_card_application
why’s the captcha failin? pls reset pass,password_reset
Please advise if I am qualified for a micro-loan for startups.,loan_inquiry
can i apply or nah?,loan_inquiry
Was the last transaction processed without trouble?,transaction_query
loan application fee? how?,loan_inquiry
"Need loan details, pls.",loan_inquiry
I’d appreciate guidance on selecting the appropriate loan product.,loan_inquiry
I’m not playing games—SAVINGS BALANCE NOW OR ELSE!,balance_inquiry
forgot my passssword—halp me out!!,password_reset
Just scam play refund bak CC quickly.,fraud_report
May I receive the balance for my savings account?,balance_inquiry
How d I go 2 start my loan applic?,loan_inquiry
"$50 just gone? not me fr, fix pls",fraud_report
your SMS code ain’t comin—pls fix!!,password_reset
What steps should I follow to apply for a business credit card?,credi_card_application
"i wanna get a credit card, so how do i apply?",credi_card_application
look into this pls,fraud_report
iTunes Japan purchase—didn’t do it!!,fraud_report
I’m done being nice. Fix it now.,fraud_report
Could you verify my qualification for an import/export financing facility?,loan_inquiry
why’s my card sayin “nah” to my spend?,transaction_query
can u check my acc? i’m bad at math,balance_inquiry
What foreign-currency loan products do you have?,loan_inquiry
how do i apply 4 financing?,loan_inquiry
is it in queue or approved?,loan_inquiry
"hey, any update on ma loan app progress?",loan_inquiry
What's da route 2 apply 4 a loan?,loan_inquiry
"Yo, how d I start da loan app process?",loan_inquiry
Could you kindly confirm the eligibility criteria for credit card applicants?,credi_card_application
Was the transaction completed correctly?,transaction_query
what loans can bank give me?,loan_inquiry
think i qualify 2 grab a loan?,loan_inquiry
it ain’t me dawg,fraud_report
lost my card yesterday—now fraud charges!!,fraud_report
Would you please share the latest update on my loan application?,loan_inquiry
can i fund my tuition here?,loan_inquiry
what loan stuff u provide?,loan_inquiry
purchse failed. why tho?,transaction_query
can i get loaned given my info?,loan_inquiry
weird transaction alert,fraud_report
"Yo, did that last one go smoothly?",transaction_query
Did the last one process alright?,transaction_query
Do you know the name of the place I spent money at most recently?,transaction_query
atm fraud raid,fraud_report
Is there any delay with my loan request?,loan_inquiry
Did the last trans complete alright?,transaction_query
Did the last trans process fine?,transaction_query
Please outline the process for securing a construction loan.,loan_inquiry
I need to reset my password; please verify my identity.,password_reset
Was the last payment processed without errors?,transaction_query
"guy asked me 4 my SSN over messenger, rude",fraud_report
my mailed check got stolen—altered and cashed!!,fraud_report
"What’s up with the last transaction, did it work?",transaction_query
I am awaiting further information on the status of my loan application; please advise.,loan_inquiry
May I check my eligibility for a nonprofit organization loan?,loan_inquiry
fake check scam—almost lost my rent money!!,fraud_report
"The last payment, did it complete okay?",transaction_query
got any news on my loan app?,loan_inquiry
I’d like to understand your equipment financing solutions.,loan_inquiry
Can you tell me when my last payment happened?,transaction_query
What time did my last trans go through?,transaction_query
LAST WARNING—SAVINGS. BALANCE. NOW. OR I’M DONE.,balance_inquiry
"hey, any upd8 yet on my loan app process?",loan_inquiry
why’d they deny my payment? confused rn,transaction_query
my card’s bein tested with $1 charges—scam!,fraud_report
R ur loans customized?,loan_inquiry
machine glitch stole $$,fraud_report
cc app incomplete? tell me pls,credi_card_application
Scam took all. Fix bk all lost cash!,fraud_report
A check was cashed after I reported it missing.,fraud_report
charge from “????”—WHAT WAS IT,transaction_query
how come my payment got Thanos-snapped?,transaction_query
what options for borrow?,loan_inquiry
"atm swiper prob, money missing",fraud_report
"“We detected malware,” a popup from website",fraud_report
What’s the name of the place I transacted with last?,transaction_query
"Last one, everything good?",transaction_query
A third party cashed a check from my account.,fraud_report
Was the last payment legit?,transaction_query
did loan hit a snag?,loan_inquiry
"hey, is my loan still pendin?",loan_inquiry
Who’s the payee for my most recent account activity?,transaction_query
The last time I used my card—where was that?,transaction_query
"yikes, acct is overdrft",fraud_report
what loans can bank provide?,loan_inquiry
why’d my charge get lost in space?,transaction_query
"used atm, got charged random fee",fraud_report
recent payment—why’s it pendinggg,transaction_query
May I request that my application be reviewed to determine my eligibility for a loan?,loan_inquiry
not my city even,fraud_report
Was the last payment made without any errors?,transaction_query
who’s got my check sig? Fraud alert!!,fraud_report
wanna know loan kinds,loan_inquiry
"random site prompted chat window, they want access",fraud_report
What’s the date and time for my last payment?,transaction_query
what’s the issue? transac declin again,transaction_query
What's da cheat code 2 apply 4 a loan?,loan_inquiry
What’s the date and time for my last trans?,transaction_query
Can you check when I last made a transaction?,transaction_query
why’s my card bein a diva? declined,transaction_query
"Help me out, how do I apply 4 a loan?",loan_inquiry
Did you fall asleep? SAVINGS ACCOUNT TOTAL NOW!,balance_inquiry
Is there a glitch? WHY CAN’T I GET MY SAVINGS INFO?!,balance_inquiry
why’s my purchse playin dead?,transaction_query
altered check numbers—thief added extra zeros!!,fraud_report
atm didn’t ask for pin but gave cash,fraud_report
how much is in my acc i’m clueless,balance_inquiry
Could you elaborate on the steps involved in applying for a credit card?,credi_card_application
tht place ain’t even open,fraud_report
Was the transaction completed properly without any issues?,transaction_query
dats a fake store,fraud_report
can i email proofs for cc?,credi_card_application
transac fail. why?,transaction_query
50checkturnedinto500—scammers altered it!!,fraud_report
Do you have the name of the latest transaction’s recipient?,transaction_query
recent spend? checks account OH NO,transaction_query
last spend deets—NOW PLS,transaction_query
can u tell me wut loans u got?,loan_inquiry
What was the date and time for my last trans action?,transaction_query
I am interested in obtaining a loan and would appreciate information on the application process.,loan_inquiry
"$600 AT ""LUXURY SPA""? I CAN’T AFFORD SOAP—CANCEL THIS FRAUD IMMEDIATELY!",fraud_report
Can you tell me the timestamp of my last transaction?,transaction_query
Was the transaction processed without difficulty?,transaction_query
How may I initiate the loan application process with your institution?,loan_inquiry
Please let me know if I am eligible for an amortizing loan.,loan_inquiry
account balance—yes? no? maybe?,balance_inquiry
Please let me know if I meet the criteria for a private-equity financed home loan.,loan_inquiry
$300 at Walmart?? I’m not even in the state!!,fraud_report
can i get that loan or nah?,loan_inquiry
"WHY’S MY ACCOUNT DRAINED BY ""GOLD INVESTORS""? I’M UNEMPLOYED—HELP ME!!",fraud_report
what’s on ur loan list?,loan_inquiry
"hey, is my loan app movin’? upd8 pls.",loan_inquiry
acc balance,balance_inquiry
I would appreciate receiving information on how to proceed with my credit card application.,credi_card_application
charged at atm when i didnt go,fraud_report
acnt in red again,fraud_report
Please let me know if my loan application is still under consideration.,loan_inquiry
"my pass expired, how do i reset?",password_reset
my card’s bein charged daily—didn’t approve!!,fraud_report
My password appears compromised; please reset it.,password_reset
Could you update me on my savings account balance?,balance_inquiry
can u just gimme my balance alrdy,balance_inquiry
"Yo, can you find out the time I last paid?",transaction_query
someone grabbed my card details,fraud_report
did i get charged? WHAT FOR THO,transaction_query
do u need more info for my loan?,loan_inquiry
"yo, how far along is my loan?",loan_inquiry
can i get in on this loan deal?,loan_inquiry
overdraft alert pinged,fraud_report
"When did my last payment happen, you got that info?",transaction_query
"i wanna apply for a credit card, how d i even start?",credi_card_application
Could you give me an overview of your lending products?,loan_inquiry
What’s available for debt-management loans?,loan_inquiry
pls save my acc—hacked!!!,fraud_report
What time and date was my last payment made?,transaction_query
Was the transaction completed successfully without problems?,transaction_query
I would appreciate an overview of the necessary steps for the loan application process.,loan_inquiry
loan range pls,loan_inquiry
spend got canceled like Netflix—why?,transaction_query
"$500 AT ""FCKING NOWHERE""? I DIDN’T BUY SHT—CANCEL THIS NOW!!",fraud_report
Someone’s stealing from me – I need help now!,fraud_report
What documentation is needed to apply for a loan?,loan_inquiry
atm dispensed cash after i left,fraud_report
How do I apply for a home equity conversion mortgage (HECM)?,loan_inquiry
What was the date and time of the last payment I did?,transaction_query
transac went MIA—explain pls,transaction_query
My credentials appear invalid; please reset my password.,password_reset
do i hit da loan checklist?,loan_inquiry
DID I ACCIDENTALLY BUY SOMETHIN,transaction_query
What vendor handled my most recent transaction?,transaction_query
"hey, where's the link 2 apply for a credit card?",credi_card_application
can i get a loan card?,loan_inquiry
Did the last payment go through successfully?,transaction_query
I am interested in determining whether I meet the criteria for a leveraged buy-out loan.,loan_inquiry
can someone tell me how to step thru a credit card appl?,credi_card_application
I need to dispute this check clearance immediately.,fraud_report
how’d my last payment get denied? halp,transaction_query
"yo, i wanna put in a credit card application, help!",credi_card_application
Can you confirm if I placed the stop-payment?,fraud_report
"red bal, pls unoverdrft",fraud_report
That’s NOT my vendor.,fraud_report
whats rong with my payment?,transaction_query
Is my loan currently awaiting further review?,loan_inquiry
Could you provide the guidelines for completing a loan application?,loan_inquiry
"Refund ASAP, scammer took my money!",fraud_report
pls check my checking acc im stressed,balance_inquiry
I’m interested in applying for your rewards credit card—what is the process?,credi_card_application
Was the transaction processed correctly?,transaction_query
Did that last payment pass through fine?,transaction_query
Please outline your commercial real estate financing options.,loan_inquiry
Could you update me on the processing status of my loan?,loan_inquiry
Please let me know if my loan application is still under consideration.,loan_inquiry
Please advise on the variety of loans you facilitate.,loan_inquiry
How do I set up me a loan?,loan_inquiry
can non cust apply 4 cc?,credi_card_application
How can I update my contact information during the application review?,credi_card_application
Could you please outline the loan products you currently offer?,loan_inquiry
my pay didnt hit yet,fraud_report
Could you outline the variety of loans you have?,loan_inquiry
Where in the approval process is my loan application currently?,loan_inquiry
What’s the name of the business I transacted with last?,transaction_query
"yo, details on credit card application, plz?",credi_card_application
Would you please advise me on the protocol for applying for a loan?,loan_inquiry
"There’s a stop-payment in place, but the check cleared.",fraud_report
i need 2 know if i can borrow $$,loan_inquiry
"my email wrong on reset, help",password_reset
Please provide details on the credit card application procedure.,credi_card_application
what do u guys loan out?,loan_inquiry
"Hacker got cash fraud—help restore, fast!",fraud_report
DID I PAY FOR SOMETHIN TWICE,transaction_query
How do I submit my employment information for my credit card application?,credi_card_application
can i get approved 4 debt consol?,loan_inquiry
am i eligble 4 holiday cash advance?,loan_inquiry
Can you detail the funds available in my savings?,balance_inquiry
I would be grateful for any updates on the status of my loan application.,loan_inquiry
"what do i need to start my credit card appl, any ideas?",credi_card_application
checks clearin with forged sigs—lock my acc!!,fraud_report
"yo, can u tell me what reps u have for credit card appl?",credi_card_application
payment bounced like a bad text—why?,transaction_query
Is my loan application still pending?,loan_inquiry
I’m stressed tf out. Why can’t I trust my bank??,fraud_report
I’m not leaving until I get my savings balance!,balance_inquiry
Please tell me how to block my card immediately – I see fraud!,fraud_report
Could you let me know if I am eligible for a refinancing mortgage?,loan_inquiry
This is a violation. Plain and simple.,fraud_report
What are the rates and fees for your loan types?,loan_inquiry
what’s up with my transac being declin??,transaction_query
Did the last transaction work or nah?,transaction_query
May I have the current status of my loan application?,loan_inquiry
Would you kindly review my financial status and advise me on my loan eligibility?,loan_inquiry
Could you please update me on the progress of my loan file?,loan_inquiry
Would you please assess my application to determine if I am eligible for a loan?,loan_inquiry
"That last one, successful or nah?",transaction_query
Remove this or I’m switching banks.,fraud_report
"hey, where do i send my info for a credit card appl?",credi_card_application
Did the last transaction execute successfully?,transaction_query
why’s my money ghostin me?? Fraud!!,fraud_report
Can you give me the time and date for the last trans I did?,transaction_query
halp! locked outta my acc—reset pls!,password_reset
I am interested in learning about the eligibility and requirements for a credit card application.,credi_card_application
need 2 report fraud fast,fraud_report
recent transction? i’m panickin,transaction_query
Was the last transaction completed properly?,transaction_query
wanna know about auto loans,loan_inquiry
Could you detail any income verification needed for credit card approval?,credi_card_application
What business is attached to my latest spend?,transaction_query
Could you outline the process for submitting a loan application?,loan_inquiry
That check deposit wasn’t authorized—please review.,fraud_report
my purchse got roasted—what’s good?,transaction_query
card must be jacked,fraud_report
how to begin borrowing?,loan_inquiry
can i borrow 4 school?,loan_inquiry
Can you give me the time and date for my last transaction?,transaction_query
why’s there checks i never ordered?? Fake!!,fraud_report
"atm charged me twice, fix pls",fraud_report
recent buy? checks bank OH NO,transaction_query
why’s my card charged for adult sites?? NOPE,fraud_report
What’s the business tied to my latest charge?,transaction_query
Did the last transaction proceed without problems?,transaction_query
"CHARGES TO ""GLOBAL CHARITY""? I’M ON DISABILITY—REVERSE THIS THEFT!!",fraud_report
latest charge? cries in overdraft,transaction_query
Can you check when my last trans was done?,transaction_query
account balance pls n ty!,balance_inquiry
What is your policy on loan modifications or extensions?,loan_inquiry
what loan services u got?,loan_inquiry
"hi team, password reset needed",password_reset
i dont go online shoppin,fraud_report
do i figure in da loan elig squad?,loan_inquiry
May I request an update on my savings account balance?,balance_inquiry
any prog on my loan application?,loan_inquiry
"yo, where can i start ma credit card applic?",credi_card_application
Could you let me know if I meet the requirements for a structured trade finance loan?,loan_inquiry
why’s my card declined? Cuz fraud charges??,fraud_report
May I request a determination of my loan eligibility based on my current financial details?,loan_inquiry
Did that last trans go through cleanly?,transaction_query
Did the most recent transaction finalize without trouble?,transaction_query
What’s the business linked to my last spend?,transaction_query
transacshun? hyperventilates in debt,transaction_query
Lost money from scam. Refund it now.,fraud_report
my bal is -25 rn,fraud_report
who’s “XYZ Corp”??? didn’t buy nothin from them,fraud_report
"wanna apply 4 a credit card, what do i do?",credi_card_application
i didnt mean to go neg,fraud_report
"$350 AT ""GAMING KING""? MY KID’S 5 MONTHS OLD—FIX THIS BULLSH*T!!",fraud_report
can i get a bridge loan with my credit?,loan_inquiry
loan under review?,loan_inquiry
Did the last transaction work as it should?,transaction_query
what can i borrow from u?,loan_inquiry
What is the available balance in my savings reserves?,balance_inquiry
"Loans system, plz explain.",loan_inquiry
"Yo, what’s the time and date of my last purchase?",transaction_query
Please supply a summary of the steps required to apply for a loan.,loan_inquiry
some random rep asked 4 my DOB and PIN,fraud_report
When did I make my last trans?,transaction_query
Could you relay the present balance of my savings?,balance_inquiry
"Last payment, was it a go or no?",transaction_query
charges for “premium services”—scam!!,fraud_report
my card’s bein extra—declined smh,transaction_query
why’s my check’s ink faded? Fraud!!,fraud_report
why charge declin?,transaction_query
Was the last payment done correctly?,transaction_query
"WHY’S THERE A $450 CHARGE TO ""ELITE DINING""? I EAT CEREAL FOR DINNER!!",fraud_report
interested in loans—what types?,loan_inquiry
What lines of credit do you offer?,loan_inquiry
I’m PANICKING—WHAT’S THE NUMBER IN MY SAVINGS?!,balance_inquiry
I’m looking for financing—what loan products do you have?,loan_inquiry
Was the last transaction processed without errors?,transaction_query
What was the time and date on my last purchase?,transaction_query
why’d my latest purchse decline?,transaction_query
"Yo, did the last one go smooth?",transaction_query
Was the last one good to go or no?,transaction_query
The last time I spent money—who was the vendor?,transaction_query
Was the most recent transaction without trouble?,transaction_query
Could you specify the steps necessary for the loan application process?,loan_inquiry
my card’s bein used for dark web stuff—HELP,fraud_report
need 2 reset my login password rn,password_reset
am i set to be loan qualified?,loan_inquiry
They fake charged my account! Refund plz!,fraud_report
stop all transacshuns NOW!!,fraud_report
someone’s endorsin checks with my name!!,fraud_report
multiple atm trx at weird hours,fraud_report
"Wtf is “securityalert@bank.com” email, should I click it?",fraud_report
can u list loan options?,loan_inquiry
your app crashed when i tried resetting,password_reset
Was the most recent transaction finished successfully?,transaction_query
Would you advise whether I qualify for a multi-draw construction loan?,loan_inquiry
think i got loan competence?,loan_inquiry
"When did my last transaction happen, you know?",transaction_query
how come my $$$ got slapped away?,transaction_query
I request the balance figure for my savings account.,balance_inquiry
password reset. urgent.,password_reset
pls guide me thru loan app,loan_inquiry
Could you please assist with a password recovery process?,password_reset
"yo, any tips for makin a smooth credit card appl?",credi_card_application
May I get an update on my pending loan application?,loan_inquiry
my card’s bein used online—I didn’t do it!,fraud_report
Would you confirm my eligibility for a turnkey project loan?,loan_inquiry
Do you offer a pre-qualification check before submitting my formal application?,credi_card_application
this gotta be mistake,fraud_report
What was the exact time and date of my last payment?,transaction_query
overdraft cuz $1k scam charge—pls fix!!,fraud_report
my brain’s fried—pls reset my login,password_reset
"$1,500 TO ""ELITE FITNESS""? I BREATHE HEAVILY WALKING—REVERSE THIS!!",fraud_report
"Yo, do you know when my last payment was made?",transaction_query
Could you please outline the eligibility and submission process for a credit card application?,credi_card_application
device glued on atm card slot? scam?,fraud_report
"yo, any website link or info on credit card appl?",credi_card_application
how do i kick off loan app?,loan_inquiry
"my pass expired or smth, help",password_reset
resend cc app link plz,credi_card_application
"$800 AT ""FITNESS EMPIRE""? I CAN’T WALK UP STAIRS—CANCEL THIS FRAUD!!",fraud_report
is my credit card approved?,credi_card_application
card activity wild rn,fraud_report
Did the most recent transaction complete properly?,transaction_query
is my loan in process?,loan_inquiry
I never authorized that check amount.,fraud_report
need fraud help stat,fraud_report
What are the minimum credit requirements to apply for a loan?,loan_inquiry
do my financials check out 4 a loan?,loan_inquiry
wut loans do u provide?,loan_inquiry
Was that last trans a win or a fail?,transaction_query
Did the last transaction work as expected?,transaction_query
machine ate my card and cash,fraud_report
May I inquire if I meet the standards for a veterans’ loan program?,loan_inquiry
I feel like crying. I didn’t spend this money.,fraud_report
Can you describe your medical professional financing?,loan_inquiry
what’s the number in my bank acc?,balance_inquiry
I would like to verify the funds in my savings.,balance_inquiry
y’all flagged a charge—I didn’t do it!!,fraud_report
"yo, what's the deal with credit card application process?",credi_card_application
Can you tell me when my last purchase went through?,transaction_query
"$450 AT ""ELITE FITNESS""? I CAN’T EVEN RUN A MILE—REVERSE THIS FRAUD!!",fraud_report
Was the transaction processed correctly?,transaction_query
Apple Pay charges I didn’t make—fraud!!,fraud_report
Can you provide detailed steps on how to begin a loan application?,loan_inquiry
what’s the acc say? nervous chuckle,balance_inquiry
why’d my transac get dunked on?,transaction_query
